cliente_id,prob_churn,risco,recomendacao
15806570,1.0,Alto,Priorizar contato consultivo e oferta de retenção personalizada.
15596013,1.0,Alto,Priorizar contato consultivo e oferta de retenção personalizada.
15727619,0.995,Alto,Priorizar contato consultivo e oferta de retenção personalizada.
15570002,0.995,Alto,Priorizar contato consultivo e oferta de retenção personalizada.
15662291,0.995,Alto,Priorizar contato consultivo e oferta de retenção personalizada.
15648681,0.99,Alto,Priorizar contato consultivo e oferta de retenção personalizada.
15573628,0.99,Alto,Priorizar contato consultivo e oferta de retenção personalizada.
15793455,0.99,Alto,Priorizar contato consultivo e oferta de retenção personalizada.
15652030,0.99,Alto,Priorizar contato consultivo e oferta de retenção personalizada.
15750731,0.99,Alto,Priorizar contato consultivo e oferta de retenção personalizada.
15608338,0.99,Alto,Priorizar contato consultivo e oferta de retenção personalizada.
15606613,0.99,Alto,Priorizar contato consultivo e oferta de retenção personalizada.
15607526,0.99,Alto,Priorizar contato consultivo e oferta de retenção personalizada.
15647008,0.99,Alto,Priorizar contato consultivo e oferta de retenção personalizada.
15701439,0.99,Alto,Priorizar contato consultivo e oferta de retenção personalizada.
15748660,0.985,Alto,Priorizar contato consultivo e oferta de retenção personalizada.
15599329,0.985,Alto,Priorizar contato consultivo e oferta de retenção personalizada.
15592736,0.985,Alto,Priorizar contato consultivo e oferta de retenção personalizada.
15710087,0.985,Alto,Priorizar contato consultivo e oferta de retenção personalizada.
15697510,0.98,Alto,Priorizar contato consultivo e oferta de retenção personalizada.
15783019,0.98,Alto,Priorizar contato consultivo e oferta de retenção personalizada.
15640846,0.98,Alto,Priorizar contato consultivo e oferta de retenção personalizada.
15597914,0.98,Alto,Priorizar contato consultivo e oferta de retenção personalizada.
15641175,0.98,Alto,Priorizar contato consultivo e oferta de retenção personalizada.
15808674,0.98,Alto,Priorizar contato consultivo e oferta de retenção personalizada.
15677336,0.98,Alto,Priorizar contato consultivo e oferta de retenção personalizada.
15649121,0.975,Alto,Priorizar contato consultivo e oferta de retenção personalizada.
15796910,0.975,Alto,Priorizar contato consultivo e oferta de retenção personalizada.
15592716,0.975,Alto,Priorizar contato consultivo e oferta de retenção personalizada.
15713975,0.975,Alto,Priorizar contato consultivo e oferta de retenção personalizada.
15806688,0.975,Alto,Priorizar contato consultivo e oferta de retenção personalizada.
15768471,0.975,Alto,Priorizar contato consultivo e oferta de retenção personalizada.
15635964,0.975,Alto,Priorizar contato consultivo e oferta de retenção personalizada.
15623210,0.975,Alto,Priorizar contato consultivo e oferta de retenção personalizada.
15810418,0.975,Alto,Priorizar contato consultivo e oferta de retenção personalizada.
15603135,0.975,Alto,Priorizar contato consultivo e oferta de retenção personalizada.
15694376,0.975,Alto,Priorizar contato consultivo e oferta de retenção personalizada.
15568006,0.975,Alto,Priorizar contato consultivo e oferta de retenção personalizada.
15813946,0.975,Alto,Priorizar contato consultivo e oferta de retenção personalizada.
15746708,0.975,Alto,Priorizar contato consultivo e oferta de retenção personalizada.
15657809,0.97,Alto,Priorizar contato consultivo e oferta de retenção personalizada.
15625092,0.97,Alto,Priorizar contato consultivo e oferta de retenção personalizada.
15659931,0.97,Alto,Priorizar contato consultivo e oferta de retenção personalizada.
15592816,0.97,Alto,Priorizar contato consultivo e oferta de retenção personalizada.
15602797,0.97,Alto,Priorizar contato consultivo e oferta de retenção personalizada.
15792064,0.97,Alto,Priorizar contato consultivo e oferta de retenção personalizada.
15668889,0.97,Alto,Priorizar contato consultivo e oferta de retenção personalizada.
15579212,0.97,Alto,Priorizar contato consultivo e oferta de retenção personalizada.
15711716,0.97,Alto,Priorizar contato consultivo e oferta de retenção personalizada.
15583456,0.97,Alto,Priorizar contato consultivo e oferta de retenção personalizada.
15616859,0.97,Alto,Priorizar contato consultivo e oferta de retenção personalizada.
15766355,0.97,Alto,Priorizar contato consultivo e oferta de retenção personalizada.
15618936,0.97,Alto,Priorizar contato consultivo e oferta de retenção personalizada.
15679145,0.97,Alto,Priorizar contato consultivo e oferta de retenção personalizada.
15788776,0.97,Alto,Priorizar contato consultivo e oferta de retenção personalizada.
15669664,0.97,Alto,Priorizar contato consultivo e oferta de retenção personalizada.
15609623,0.97,Alto,Priorizar contato consultivo e oferta de retenção personalizada.
15600975,0.97,Alto,Priorizar contato consultivo e oferta de retenção personalizada.
15622897,0.97,Alto,Priorizar contato consultivo e oferta de retenção personalizada.
15646720,0.965,Alto,Priorizar contato consultivo e oferta de retenção personalizada.
15686242,0.965,Alto,Priorizar contato consultivo e oferta de retenção personalizada.
15605000,0.965,Alto,Priorizar contato consultivo e oferta de retenção personalizada.
15750778,0.965,Alto,Priorizar contato consultivo e oferta de retenção personalizada.
15663164,0.965,Alto,Priorizar contato consultivo e oferta de retenção personalizada.
15704442,0.965,Alto,Priorizar contato consultivo e oferta de retenção personalizada.
15764866,0.965,Alto,Priorizar contato consultivo e oferta de retenção personalizada.
15596870,0.965,Alto,Priorizar contato consultivo e oferta de retenção personalizada.
15792305,0.965,Alto,Priorizar contato consultivo e oferta de retenção personalizada.
15778368,0.965,Alto,Priorizar contato consultivo e oferta de retenção personalizada.
15752342,0.965,Alto,Priorizar contato consultivo e oferta de retenção personalizada.
15692416,0.965,Alto,Priorizar contato consultivo e oferta de retenção personalizada.
15605826,0.965,Alto,Priorizar contato consultivo e oferta de retenção personalizada.
15727317,0.965,Alto,Priorizar contato consultivo e oferta de retenção personalizada.
15635364,0.965,Alto,Priorizar contato consultivo e oferta de retenção personalizada.
15636089,0.965,Alto,Priorizar contato consultivo e oferta de retenção personalizada.
15776233,0.965,Alto,Priorizar contato consultivo e oferta de retenção personalizada.
15731815,0.96,Alto,Priorizar contato consultivo e oferta de retenção personalizada.
15649150,0.96,Alto,Priorizar contato consultivo e oferta de retenção personalizada.
15677310,0.96,Alto,Priorizar contato consultivo e oferta de retenção personalizada.
15588080,0.96,Alto,Priorizar contato consultivo e oferta de retenção personalizada.
15744873,0.96,Alto,Priorizar contato consultivo e oferta de retenção personalizada.
15578787,0.96,Alto,Priorizar contato consultivo e oferta de retenção personalizada.
15594133,0.96,Alto,Priorizar contato consultivo e oferta de retenção personalizada.
15799966,0.96,Alto,Priorizar contato consultivo e oferta de retenção personalizada.
15670374,0.96,Alto,Priorizar contato consultivo e oferta de retenção personalizada.
15717770,0.96,Alto,Priorizar contato consultivo e oferta de retenção personalizada.
15614168,0.96,Alto,Priorizar contato consultivo e oferta de retenção personalizada.
15636977,0.96,Alto,Priorizar contato consultivo e oferta de retenção personalizada.
15796764,0.96,Alto,Priorizar contato consultivo e oferta de retenção personalizada.
15721460,0.96,Alto,Priorizar contato consultivo e oferta de retenção personalizada.
15663161,0.96,Alto,Priorizar contato consultivo e oferta de retenção personalizada.
15724161,0.96,Alto,Priorizar contato consultivo e oferta de retenção personalizada.
15641675,0.96,Alto,Priorizar contato consultivo e oferta de retenção personalizada.
15800061,0.96,Alto,Priorizar contato consultivo e oferta de retenção personalizada.
15807563,0.96,Alto,Priorizar contato consultivo e oferta de retenção personalizada.
15791700,0.96,Alto,Priorizar contato consultivo e oferta de retenção personalizada.
15666297,0.955,Alto,Priorizar contato consultivo e oferta de retenção personalizada.
15571059,0.955,Alto,Priorizar contato consultivo e oferta de retenção personalizada.
15651664,0.955,Alto,Priorizar contato consultivo e oferta de retenção personalizada.
15609070,0.955,Alto,Priorizar contato consultivo e oferta de retenção personalizada.
15767264,0.955,Alto,Priorizar contato consultivo e oferta de retenção personalizada.
15601012,0.955,Alto,Priorizar contato consultivo e oferta de retenção personalizada.
15775192,0.955,Alto,Priorizar contato consultivo e oferta de retenção personalizada.
15619304,0.955,Alto,Priorizar contato consultivo e oferta de retenção personalizada.
15596761,0.955,Alto,Priorizar contato consultivo e oferta de retenção personalizada.
15738907,0.955,Alto,Priorizar contato consultivo e oferta de retenção personalizada.
15608381,0.955,Alto,Priorizar contato consultivo e oferta de retenção personalizada.
15686835,0.955,Alto,Priorizar contato consultivo e oferta de retenção personalizada.
15582129,0.955,Alto,Priorizar contato consultivo e oferta de retenção personalizada.
15718242,0.955,Alto,Priorizar contato consultivo e oferta de retenção personalizada.
15794056,0.955,Alto,Priorizar contato consultivo e oferta de retenção personalizada.
15772423,0.955,Alto,Priorizar contato consultivo e oferta de retenção personalizada.
15678497,0.955,Alto,Priorizar contato consultivo e oferta de retenção personalizada.
15740223,0.955,Alto,Priorizar contato consultivo e oferta de retenção personalizada.
15645200,0.955,Alto,Priorizar contato consultivo e oferta de retenção personalizada.
15767474,0.955,Alto,Priorizar contato consultivo e oferta de retenção personalizada.
15585362,0.955,Alto,Priorizar contato consultivo e oferta de retenção personalizada.
15651264,0.955,Alto,Priorizar contato consultivo e oferta de retenção personalizada.
15634551,0.955,Alto,Priorizar contato consultivo e oferta de retenção personalizada.
15734762,0.955,Alto,Priorizar contato consultivo e oferta de retenção personalizada.
15688849,0.955,Alto,Priorizar contato consultivo e oferta de retenção personalizada.
15684868,0.955,Alto,Priorizar contato consultivo e oferta de retenção personalizada.
15665283,0.955,Alto,Priorizar contato consultivo e oferta de retenção personalizada.
15701602,0.955,Alto,Priorizar contato consultivo e oferta de retenção personalizada.
15658067,0.955,Alto,Priorizar contato consultivo e oferta de retenção personalizada.
15654733,0.955,Alto,Priorizar contato consultivo e oferta de retenção personalizada.
15757535,0.95,Alto,Priorizar contato consultivo e oferta de retenção personalizada.
15745326,0.95,Alto,Priorizar contato consultivo e oferta de retenção personalizada.
15678284,0.95,Alto,Priorizar contato consultivo e oferta de retenção personalizada.
15808044,0.95,Alto,Priorizar contato consultivo e oferta de retenção personalizada.
15761294,0.95,Alto,Priorizar contato consultivo e oferta de retenção personalizada.
15602735,0.95,Alto,Priorizar contato consultivo e oferta de retenção personalizada.
15721426,0.95,Alto,Priorizar contato consultivo e oferta de retenção personalizada.
15729201,0.95,Alto,Priorizar contato consultivo e oferta de retenção personalizada.
15720371,0.95,Alto,Priorizar contato consultivo e oferta de retenção personalizada.
15573888,0.95,Alto,Priorizar contato consultivo e oferta de retenção personalizada.
15623989,0.95,Alto,Priorizar contato consultivo e oferta de retenção personalizada.
15806027,0.95,Alto,Priorizar contato consultivo e oferta de retenção personalizada.
15603554,0.95,Alto,Priorizar contato consultivo e oferta de retenção personalizada.
15743236,0.95,Alto,Priorizar contato consultivo e oferta de retenção personalizada.
15749905,0.95,Alto,Priorizar contato consultivo e oferta de retenção personalizada.
15709016,0.95,Alto,Priorizar contato consultivo e oferta de retenção personalizada.
15632280,0.95,Alto,Priorizar contato consultivo e oferta de retenção personalizada.
15593499,0.95,Alto,Priorizar contato consultivo e oferta de retenção personalizada.
15702541,0.95,Alto,Priorizar contato consultivo e oferta de retenção personalizada.
15753174,0.95,Alto,Priorizar contato consultivo e oferta de retenção personalizada.
15805637,0.95,Alto,Priorizar contato consultivo e oferta de retenção personalizada.
15601594,0.95,Alto,Priorizar contato consultivo e oferta de retenção personalizada.
15739972,0.95,Alto,Priorizar contato consultivo e oferta de retenção personalizada.
15666055,0.95,Alto,Priorizar contato consultivo e oferta de retenção personalizada.
15813659,0.95,Alto,Priorizar contato consultivo e oferta de retenção personalizada.
15592773,0.95,Alto,Priorizar contato consultivo e oferta de retenção personalizada.
15791944,0.95,Alto,Priorizar contato consultivo e oferta de retenção personalizada.
15621550,0.95,Alto,Priorizar contato consultivo e oferta de retenção personalizada.
15680303,0.95,Alto,Priorizar contato consultivo e oferta de retenção personalizada.
15617482,0.95,Alto,Priorizar contato consultivo e oferta de retenção personalizada.
15672056,0.95,Alto,Priorizar contato consultivo e oferta de retenção personalizada.
15633194,0.95,Alto,Priorizar contato consultivo e oferta de retenção personalizada.
15651823,0.95,Alto,Priorizar contato consultivo e oferta de retenção personalizada.
15750156,0.95,Alto,Priorizar contato consultivo e oferta de retenção personalizada.
15684196,0.95,Alto,Priorizar contato consultivo e oferta de retenção personalizada.
15574068,0.95,Alto,Priorizar contato consultivo e oferta de retenção personalizada.
15750447,0.95,Alto,Priorizar contato consultivo e oferta de retenção personalizada.
15785367,0.95,Alto,Priorizar contato consultivo e oferta de retenção personalizada.
15651883,0.95,Alto,Priorizar contato consultivo e oferta de retenção personalizada.
15653776,0.95,Alto,Priorizar contato consultivo e oferta de retenção personalizada.
15613699,0.945,Alto,Priorizar contato consultivo e oferta de retenção personalizada.
15622478,0.945,Alto,Priorizar contato consultivo e oferta de retenção personalizada.
15568819,0.945,Alto,Priorizar contato consultivo e oferta de retenção personalizada.
15668248,0.945,Alto,Priorizar contato consultivo e oferta de retenção personalizada.
15812616,0.945,Alto,Priorizar contato consultivo e oferta de retenção personalizada.
15723318,0.945,Alto,Priorizar contato consultivo e oferta de retenção personalizada.
15658409,0.945,Alto,Priorizar contato consultivo e oferta de retenção personalizada.
15804586,0.945,Alto,Priorizar contato consultivo e oferta de retenção personalizada.
15641994,0.945,Alto,Priorizar contato consultivo e oferta de retenção personalizada.
15743411,0.945,Alto,Priorizar contato consultivo e oferta de retenção personalizada.
15588614,0.945,Alto,Priorizar contato consultivo e oferta de retenção personalizada.
15655410,0.945,Alto,Priorizar contato consultivo e oferta de retenção personalizada.
15651533,0.945,Alto,Priorizar contato consultivo e oferta de retenção personalizada.
15610383,0.945,Alto,Priorizar contato consultivo e oferta de retenção personalizada.
15588955,0.945,Alto,Priorizar contato consultivo e oferta de retenção personalizada.
15693205,0.945,Alto,Priorizar contato consultivo e oferta de retenção personalizada.
15569274,0.945,Alto,Priorizar contato consultivo e oferta de retenção personalizada.
15605059,0.945,Alto,Priorizar contato consultivo e oferta de retenção personalizada.
15705009,0.945,Alto,Priorizar contato consultivo e oferta de retenção personalizada.
15571869,0.945,Alto,Priorizar contato consultivo e oferta de retenção personalizada.
15811762,0.945,Alto,Priorizar contato consultivo e oferta de retenção personalizada.
15637476,0.945,Alto,Priorizar contato consultivo e oferta de retenção personalizada.
15783615,0.945,Alto,Priorizar contato consultivo e oferta de retenção personalizada.
15778154,0.945,Alto,Priorizar contato consultivo e oferta de retenção personalizada.
15707637,0.945,Alto,Priorizar contato consultivo e oferta de retenção personalizada.
15736510,0.945,Alto,Priorizar contato consultivo e oferta de retenção personalizada.
15788068,0.94,Alto,Priorizar contato consultivo e oferta de retenção personalizada.
15613189,0.94,Alto,Priorizar contato consultivo e oferta de retenção personalizada.
15798895,0.94,Alto,Priorizar contato consultivo e oferta de retenção personalizada.
15802593,0.94,Alto,Priorizar contato consultivo e oferta de retenção personalizada.
15749519,0.94,Alto,Priorizar contato consultivo e oferta de retenção personalizada.
15704583,0.94,Alto,Priorizar contato consultivo e oferta de retenção personalizada.
15734524,0.94,Alto,Priorizar contato consultivo e oferta de retenção personalizada.
15663650,0.94,Alto,Priorizar contato consultivo e oferta de retenção personalizada.
15766575,0.94,Alto,Priorizar contato consultivo e oferta de retenção personalizada.
15641319,0.94,Alto,Priorizar contato consultivo e oferta de retenção personalizada.
15584037,0.94,Alto,Priorizar contato consultivo e oferta de retenção personalizada.
15787907,0.94,Alto,Priorizar contato consultivo e oferta de retenção personalizada.
15626147,0.94,Alto,Priorizar contato consultivo e oferta de retenção personalizada.
15732266,0.94,Alto,Priorizar contato consultivo e oferta de retenção personalizada.
15813412,0.94,Alto,Priorizar contato consultivo e oferta de retenção personalizada.
15751158,0.94,Alto,Priorizar contato consultivo e oferta de retenção personalizada.
15638607,0.94,Alto,Priorizar contato consultivo e oferta de retenção personalizada.
15611430,0.94,Alto,Priorizar contato consultivo e oferta de retenção personalizada.
15625761,0.935,Alto,Priorizar contato consultivo e oferta de retenção personalizada.
15686236,0.935,Alto,Priorizar contato consultivo e oferta de retenção personalizada.
15572182,0.935,Alto,Priorizar contato consultivo e oferta de retenção personalizada.
15772482,0.935,Alto,Priorizar contato consultivo e oferta de retenção personalizada.
15783225,0.935,Alto,Priorizar contato consultivo e oferta de retenção personalizada.
15763108,0.935,Alto,Priorizar contato consultivo e oferta de retenção personalizada.
15784761,0.935,Alto,Priorizar contato consultivo e oferta de retenção personalizada.
15654562,0.935,Alto,Priorizar contato consultivo e oferta de retenção personalizada.
15611767,0.935,Alto,Priorizar contato consultivo e oferta de retenção personalizada.
15679410,0.935,Alto,Priorizar contato consultivo e oferta de retenção personalizada.
15611669,0.935,Alto,Priorizar contato consultivo e oferta de retenção personalizada.
15609824,0.935,Alto,Priorizar contato consultivo e oferta de retenção personalizada.
15782688,0.935,Alto,Priorizar contato consultivo e oferta de retenção personalizada.
15580148,0.935,Alto,Priorizar contato consultivo e oferta de retenção personalizada.
15593795,0.935,Alto,Priorizar contato consultivo e oferta de retenção personalizada.
15684801,0.935,Alto,Priorizar contato consultivo e oferta de retenção personalizada.
15703728,0.935,Alto,Priorizar contato consultivo e oferta de retenção personalizada.
15640074,0.935,Alto,Priorizar contato consultivo e oferta de retenção personalizada.
15576824,0.935,Alto,Priorizar contato consultivo e oferta de retenção personalizada.
15727811,0.935,Alto,Priorizar contato consultivo e oferta de retenção personalizada.
15708867,0.935,Alto,Priorizar contato consultivo e oferta de retenção personalizada.
15645847,0.935,Alto,Priorizar contato consultivo e oferta de retenção personalizada.
15773283,0.935,Alto,Priorizar contato consultivo e oferta de retenção personalizada.
15644833,0.935,Alto,Priorizar contato consultivo e oferta de retenção personalizada.
15694556,0.935,Alto,Priorizar contato consultivo e oferta de retenção personalizada.
15646190,0.935,Alto,Priorizar contato consultivo e oferta de retenção personalizada.
15660505,0.935,Alto,Priorizar contato consultivo e oferta de retenção personalizada.
15669899,0.935,Alto,Priorizar contato consultivo e oferta de retenção personalizada.
15642530,0.935,Alto,Priorizar contato consultivo e oferta de retenção personalizada.
15700263,0.935,Alto,Priorizar contato consultivo e oferta de retenção personalizada.
15600934,0.93,Alto,Priorizar contato consultivo e oferta de retenção personalizada.
15812198,0.93,Alto,Priorizar contato consultivo e oferta de retenção personalizada.
15610686,0.93,Alto,Priorizar contato consultivo e oferta de retenção personalizada.
15605534,0.93,Alto,Priorizar contato consultivo e oferta de retenção personalizada.
15642001,0.93,Alto,Priorizar contato consultivo e oferta de retenção personalizada.
15683416,0.93,Alto,Priorizar contato consultivo e oferta de retenção personalizada.
15586133,0.93,Alto,Priorizar contato consultivo e oferta de retenção personalizada.
15647292,0.93,Alto,Priorizar contato consultivo e oferta de retenção personalizada.
15752294,0.93,Alto,Priorizar contato consultivo e oferta de retenção personalizada.
15771942,0.93,Alto,Priorizar contato consultivo e oferta de retenção personalizada.
15639946,0.93,Alto,Priorizar contato consultivo e oferta de retenção personalizada.
15592583,0.93,Alto,Priorizar contato consultivo e oferta de retenção personalizada.
15715750,0.93,Alto,Priorizar contato consultivo e oferta de retenção personalizada.
15633930,0.93,Alto,Priorizar contato consultivo e oferta de retenção personalizada.
15623630,0.93,Alto,Priorizar contato consultivo e oferta de retenção personalizada.
15609998,0.93,Alto,Priorizar contato consultivo e oferta de retenção personalizada.
15606386,0.93,Alto,Priorizar contato consultivo e oferta de retenção personalizada.
15700627,0.93,Alto,Priorizar contato consultivo e oferta de retenção personalizada.
15776780,0.93,Alto,Priorizar contato consultivo e oferta de retenção personalizada.
15750867,0.93,Alto,Priorizar contato consultivo e oferta de retenção personalizada.
15577359,0.93,Alto,Priorizar contato consultivo e oferta de retenção personalizada.
15689328,0.93,Alto,Priorizar contato consultivo e oferta de retenção personalizada.
15618774,0.93,Alto,Priorizar contato consultivo e oferta de retenção personalizada.
15730287,0.93,Alto,Priorizar contato consultivo e oferta de retenção personalizada.
15746674,0.93,Alto,Priorizar contato consultivo e oferta de retenção personalizada.
15753337,0.93,Alto,Priorizar contato consultivo e oferta de retenção personalizada.
15779947,0.93,Alto,Priorizar contato consultivo e oferta de retenção personalizada.
15799626,0.93,Alto,Priorizar contato consultivo e oferta de retenção personalizada.
15720637,0.93,Alto,Priorizar contato consultivo e oferta de retenção personalizada.
15712813,0.93,Alto,Priorizar contato consultivo e oferta de retenção personalizada.
15686060,0.93,Alto,Priorizar contato consultivo e oferta de retenção personalizada.
15814846,0.925,Alto,Priorizar contato consultivo e oferta de retenção personalizada.
15612478,0.925,Alto,Priorizar contato consultivo e oferta de retenção personalizada.
15716609,0.925,Alto,Priorizar contato consultivo e oferta de retenção personalizada.
15743498,0.925,Alto,Priorizar contato consultivo e oferta de retenção personalizada.
15803538,0.925,Alto,Priorizar contato consultivo e oferta de retenção personalizada.
15707674,0.925,Alto,Priorizar contato consultivo e oferta de retenção personalizada.
15585367,0.925,Alto,Priorizar contato consultivo e oferta de retenção personalizada.
15689341,0.925,Alto,Priorizar contato consultivo e oferta de retenção personalizada.
15795759,0.925,Alto,Priorizar contato consultivo e oferta de retenção personalizada.
15751455,0.925,Alto,Priorizar contato consultivo e oferta de retenção personalizada.
15639077,0.925,Alto,Priorizar contato consultivo e oferta de retenção personalizada.
15777553,0.925,Alto,Priorizar contato consultivo e oferta de retenção personalizada.
15568573,0.925,Alto,Priorizar contato consultivo e oferta de retenção personalizada.
15694765,0.925,Alto,Priorizar contato consultivo e oferta de retenção personalizada.
15815316,0.925,Alto,Priorizar contato consultivo e oferta de retenção personalizada.
15746515,0.925,Alto,Priorizar contato consultivo e oferta de retenção personalizada.
15666711,0.925,Alto,Priorizar contato consultivo e oferta de retenção personalizada.
15661275,0.925,Alto,Priorizar contato consultivo e oferta de retenção personalizada.
15603851,0.925,Alto,Priorizar contato consultivo e oferta de retenção personalizada.
15751177,0.925,Alto,Priorizar contato consultivo e oferta de retenção personalizada.
15798470,0.925,Alto,Priorizar contato consultivo e oferta de retenção personalizada.
15718465,0.925,Alto,Priorizar contato consultivo e oferta de retenção personalizada.
15757759,0.925,Alto,Priorizar contato consultivo e oferta de retenção personalizada.
15791780,0.925,Alto,Priorizar contato consultivo e oferta de retenção personalizada.
15707567,0.92,Alto,Priorizar contato consultivo e oferta de retenção personalizada.
15725794,0.92,Alto,Priorizar contato consultivo e oferta de retenção personalizada.
15790630,0.92,Alto,Priorizar contato consultivo e oferta de retenção personalizada.
15813168,0.92,Alto,Priorizar contato consultivo e oferta de retenção personalizada.
15712403,0.92,Alto,Priorizar contato consultivo e oferta de retenção personalizada.
15571415,0.92,Alto,Priorizar contato consultivo e oferta de retenção personalizada.
15743817,0.92,Alto,Priorizar contato consultivo e oferta de retenção personalizada.
15761670,0.92,Alto,Priorizar contato consultivo e oferta de retenção personalizada.
15765173,0.92,Alto,Priorizar contato consultivo e oferta de retenção personalizada.
15692106,0.92,Alto,Priorizar contato consultivo e oferta de retenção personalizada.
15764431,0.92,Alto,Priorizar contato consultivo e oferta de retenção personalizada.
15812241,0.92,Alto,Priorizar contato consultivo e oferta de retenção personalizada.
15813113,0.92,Alto,Priorizar contato consultivo e oferta de retenção personalizada.
15689886,0.92,Alto,Priorizar contato consultivo e oferta de retenção personalizada.
15592751,0.92,Alto,Priorizar contato consultivo e oferta de retenção personalizada.
15806318,0.92,Alto,Priorizar contato consultivo e oferta de retenção personalizada.
15691785,0.92,Alto,Priorizar contato consultivo e oferta de retenção personalizada.
15593782,0.92,Alto,Priorizar contato consultivo e oferta de retenção personalizada.
15601811,0.92,Alto,Priorizar contato consultivo e oferta de retenção personalizada.
15647725,0.92,Alto,Priorizar contato consultivo e oferta de retenção personalizada.
15619955,0.92,Alto,Priorizar contato consultivo e oferta de retenção personalizada.
15787189,0.92,Alto,Priorizar contato consultivo e oferta de retenção personalizada.
15636454,0.92,Alto,Priorizar contato consultivo e oferta de retenção personalizada.
15669411,0.92,Alto,Priorizar contato consultivo e oferta de retenção personalizada.
15700487,0.92,Alto,Priorizar contato consultivo e oferta de retenção personalizada.
15768600,0.92,Alto,Priorizar contato consultivo e oferta de retenção personalizada.
15577515,0.915,Alto,Priorizar contato consultivo e oferta de retenção personalizada.
15633233,0.915,Alto,Priorizar contato consultivo e oferta de retenção personalizada.
15758023,0.915,Alto,Priorizar contato consultivo e oferta de retenção personalizada.
15625080,0.915,Alto,Priorizar contato consultivo e oferta de retenção personalizada.
15794580,0.915,Alto,Priorizar contato consultivo e oferta de retenção personalizada.
15720929,0.915,Alto,Priorizar contato consultivo e oferta de retenção personalizada.
15649033,0.915,Alto,Priorizar contato consultivo e oferta de retenção personalizada.
15680706,0.915,Alto,Priorizar contato consultivo e oferta de retenção personalizada.
15697100,0.915,Alto,Priorizar contato consultivo e oferta de retenção personalizada.
15647838,0.915,Alto,Priorizar contato consultivo e oferta de retenção personalizada.
15752507,0.915,Alto,Priorizar contato consultivo e oferta de retenção personalizada.
15745399,0.915,Alto,Priorizar contato consultivo e oferta de retenção personalizada.
15712551,0.915,Alto,Priorizar contato consultivo e oferta de retenção personalizada.
15732917,0.915,Alto,Priorizar contato consultivo e oferta de retenção personalizada.
15690546,0.915,Alto,Priorizar contato consultivo e oferta de retenção personalizada.
15591107,0.915,Alto,Priorizar contato consultivo e oferta de retenção personalizada.
15759618,0.915,Alto,Priorizar contato consultivo e oferta de retenção personalizada.
15684173,0.915,Alto,Priorizar contato consultivo e oferta de retenção personalizada.
15621423,0.915,Alto,Priorizar contato consultivo e oferta de retenção personalizada.
15601857,0.915,Alto,Priorizar contato consultivo e oferta de retenção personalizada.
15574830,0.915,Alto,Priorizar contato consultivo e oferta de retenção personalizada.
15728963,0.915,Alto,Priorizar contato consultivo e oferta de retenção personalizada.
15696989,0.915,Alto,Priorizar contato consultivo e oferta de retenção personalizada.
15727353,0.915,Alto,Priorizar contato consultivo e oferta de retenção personalizada.
15626008,0.915,Alto,Priorizar contato consultivo e oferta de retenção personalizada.
15760865,0.915,Alto,Priorizar contato consultivo e oferta de retenção personalizada.
15714485,0.915,Alto,Priorizar contato consultivo e oferta de retenção personalizada.
15679884,0.91,Alto,Priorizar contato consultivo e oferta de retenção personalizada.
15656148,0.91,Alto,Priorizar contato consultivo e oferta de retenção personalizada.
15571778,0.91,Alto,Priorizar contato consultivo e oferta de retenção personalizada.
15743490,0.91,Alto,Priorizar contato consultivo e oferta de retenção personalizada.
15781553,0.91,Alto,Priorizar contato consultivo e oferta de retenção personalizada.
15758116,0.91,Alto,Priorizar contato consultivo e oferta de retenção personalizada.
15796115,0.91,Alto,Priorizar contato consultivo e oferta de retenção personalizada.
15678727,0.91,Alto,Priorizar contato consultivo e oferta de retenção personalizada.
15732644,0.91,Alto,Priorizar contato consultivo e oferta de retenção personalizada.
15808868,0.91,Alto,Priorizar contato consultivo e oferta de retenção personalizada.
15634974,0.91,Alto,Priorizar contato consultivo e oferta de retenção personalizada.
15673591,0.91,Alto,Priorizar contato consultivo e oferta de retenção personalizada.
15786196,0.91,Alto,Priorizar contato consultivo e oferta de retenção personalizada.
15593736,0.91,Alto,Priorizar contato consultivo e oferta de retenção personalizada.
15657284,0.91,Alto,Priorizar contato consultivo e oferta de retenção personalizada.
15608344,0.91,Alto,Priorizar contato consultivo e oferta de retenção personalizada.
15807728,0.91,Alto,Priorizar contato consultivo e oferta de retenção personalizada.
15664270,0.91,Alto,Priorizar contato consultivo e oferta de retenção personalizada.
15812210,0.91,Alto,Priorizar contato consultivo e oferta de retenção personalizada.
15724076,0.91,Alto,Priorizar contato consultivo e oferta de retenção personalizada.
15794142,0.91,Alto,Priorizar contato consultivo e oferta de retenção personalizada.
15669414,0.91,Alto,Priorizar contato consultivo e oferta de retenção personalizada.
15635116,0.91,Alto,Priorizar contato consultivo e oferta de retenção personalizada.
15623499,0.91,Alto,Priorizar contato consultivo e oferta de retenção personalizada.
15793949,0.91,Alto,Priorizar contato consultivo e oferta de retenção personalizada.
15695339,0.91,Alto,Priorizar contato consultivo e oferta de retenção personalizada.
15578603,0.905,Alto,Priorizar contato consultivo e oferta de retenção personalizada.
15737452,0.905,Alto,Priorizar contato consultivo e oferta de retenção personalizada.
15744517,0.905,Alto,Priorizar contato consultivo e oferta de retenção personalizada.
15683124,0.905,Alto,Priorizar contato consultivo e oferta de retenção personalizada.
15779492,0.905,Alto,Priorizar contato consultivo e oferta de retenção personalizada.
15589449,0.905,Alto,Priorizar contato consultivo e oferta de retenção personalizada.
15612525,0.905,Alto,Priorizar contato consultivo e oferta de retenção personalizada.
15747757,0.905,Alto,Priorizar contato consultivo e oferta de retenção personalizada.
15603565,0.905,Alto,Priorizar contato consultivo e oferta de retenção personalizada.
15601410,0.905,Alto,Priorizar contato consultivo e oferta de retenção personalizada.
15726103,0.905,Alto,Priorizar contato consultivo e oferta de retenção personalizada.
15792473,0.905,Alto,Priorizar contato consultivo e oferta de retenção personalizada.
15797165,0.905,Alto,Priorizar contato consultivo e oferta de retenção personalizada.
15681007,0.905,Alto,Priorizar contato consultivo e oferta de retenção personalizada.
15598982,0.905,Alto,Priorizar contato consultivo e oferta de retenção personalizada.
15671534,0.905,Alto,Priorizar contato consultivo e oferta de retenção personalizada.
15672594,0.905,Alto,Priorizar contato consultivo e oferta de retenção personalizada.
15635141,0.905,Alto,Priorizar contato consultivo e oferta de retenção personalizada.
15701687,0.905,Alto,Priorizar contato consultivo e oferta de retenção personalizada.
15571928,0.905,Alto,Priorizar contato consultivo e oferta de retenção personalizada.
15759067,0.905,Alto,Priorizar contato consultivo e oferta de retenção personalizada.
15643770,0.905,Alto,Priorizar contato consultivo e oferta de retenção personalizada.
15751561,0.905,Alto,Priorizar contato consultivo e oferta de retenção personalizada.
15658577,0.905,Alto,Priorizar contato consultivo e oferta de retenção personalizada.
15639357,0.905,Alto,Priorizar contato consultivo e oferta de retenção personalizada.
15703793,0.9,Alto,Priorizar contato consultivo e oferta de retenção personalizada.
15647898,0.9,Alto,Priorizar contato consultivo e oferta de retenção personalizada.
15676404,0.9,Alto,Priorizar contato consultivo e oferta de retenção personalizada.
15675518,0.9,Alto,Priorizar contato consultivo e oferta de retenção personalizada.
15657306,0.9,Alto,Priorizar contato consultivo e oferta de retenção personalizada.
15640852,0.9,Alto,Priorizar contato consultivo e oferta de retenção personalizada.
15572050,0.9,Alto,Priorizar contato consultivo e oferta de retenção personalizada.
15787255,0.9,Alto,Priorizar contato consultivo e oferta de retenção personalizada.
15804142,0.9,Alto,Priorizar contato consultivo e oferta de retenção personalizada.
15686974,0.9,Alto,Priorizar contato consultivo e oferta de retenção personalizada.
15578865,0.9,Alto,Priorizar contato consultivo e oferta de retenção personalizada.
15796230,0.9,Alto,Priorizar contato consultivo e oferta de retenção personalizada.
15756920,0.9,Alto,Priorizar contato consultivo e oferta de retenção personalizada.
15600399,0.9,Alto,Priorizar contato consultivo e oferta de retenção personalizada.
15739592,0.9,Alto,Priorizar contato consultivo e oferta de retenção personalizada.
15666548,0.9,Alto,Priorizar contato consultivo e oferta de retenção personalizada.
15653937,0.9,Alto,Priorizar contato consultivo e oferta de retenção personalizada.
15582849,0.9,Alto,Priorizar contato consultivo e oferta de retenção personalizada.
15649292,0.9,Alto,Priorizar contato consultivo e oferta de retenção personalizada.
15724858,0.9,Alto,Priorizar contato consultivo e oferta de retenção personalizada.
15798975,0.9,Alto,Priorizar contato consultivo e oferta de retenção personalizada.
15782736,0.9,Alto,Priorizar contato consultivo e oferta de retenção personalizada.
15683053,0.9,Alto,Priorizar contato consultivo e oferta de retenção personalizada.
15597949,0.9,Alto,Priorizar contato consultivo e oferta de retenção personalizada.
15713774,0.9,Alto,Priorizar contato consultivo e oferta de retenção personalizada.
15708212,0.9,Alto,Priorizar contato consultivo e oferta de retenção personalizada.
15719508,0.9,Alto,Priorizar contato consultivo e oferta de retenção personalizada.
15719991,0.895,Alto,Priorizar contato consultivo e oferta de retenção personalizada.
15747168,0.895,Alto,Priorizar contato consultivo e oferta de retenção personalizada.
15801559,0.895,Alto,Priorizar contato consultivo e oferta de retenção personalizada.
15577587,0.895,Alto,Priorizar contato consultivo e oferta de retenção personalizada.
15797900,0.895,Alto,Priorizar contato consultivo e oferta de retenção personalizada.
15683503,0.895,Alto,Priorizar contato consultivo e oferta de retenção personalizada.
15694444,0.895,Alto,Priorizar contato consultivo e oferta de retenção personalizada.
15579334,0.895,Alto,Priorizar contato consultivo e oferta de retenção personalizada.
15654577,0.895,Alto,Priorizar contato consultivo e oferta de retenção personalizada.
15616213,0.895,Alto,Priorizar contato consultivo e oferta de retenção personalizada.
15651674,0.895,Alto,Priorizar contato consultivo e oferta de retenção personalizada.
15704160,0.895,Alto,Priorizar contato consultivo e oferta de retenção personalizada.
15771409,0.895,Alto,Priorizar contato consultivo e oferta de retenção personalizada.
15603942,0.895,Alto,Priorizar contato consultivo e oferta de retenção personalizada.
15671591,0.895,Alto,Priorizar contato consultivo e oferta de retenção personalizada.
15582325,0.895,Alto,Priorizar contato consultivo e oferta de retenção personalizada.
15589017,0.895,Alto,Priorizar contato consultivo e oferta de retenção personalizada.
15567980,0.895,Alto,Priorizar contato consultivo e oferta de retenção personalizada.
15569079,0.895,Alto,Priorizar contato consultivo e oferta de retenção personalizada.
15755178,0.895,Alto,Priorizar contato consultivo e oferta de retenção personalizada.
15676895,0.895,Alto,Priorizar contato consultivo e oferta de retenção personalizada.
15617486,0.895,Alto,Priorizar contato consultivo e oferta de retenção personalizada.
15774358,0.895,Alto,Priorizar contato consultivo e oferta de retenção personalizada.
15764033,0.895,Alto,Priorizar contato consultivo e oferta de retenção personalizada.
15673971,0.895,Alto,Priorizar contato consultivo e oferta de retenção personalizada.
15791102,0.89,Alto,Priorizar contato consultivo e oferta de retenção personalizada.
15772781,0.89,Alto,Priorizar contato consultivo e oferta de retenção personalizada.
15742091,0.89,Alto,Priorizar contato consultivo e oferta de retenção personalizada.
15591169,0.89,Alto,Priorizar contato consultivo e oferta de retenção personalizada.
15783007,0.89,Alto,Priorizar contato consultivo e oferta de retenção personalizada.
15621210,0.89,Alto,Priorizar contato consultivo e oferta de retenção personalizada.
15751748,0.89,Alto,Priorizar contato consultivo e oferta de retenção personalizada.
15731555,0.89,Alto,Priorizar contato consultivo e oferta de retenção personalizada.
15715907,0.89,Alto,Priorizar contato consultivo e oferta de retenção personalizada.
15778975,0.89,Alto,Priorizar contato consultivo e oferta de retenção personalizada.
15591698,0.89,Alto,Priorizar contato consultivo e oferta de retenção personalizada.
15756321,0.89,Alto,Priorizar contato consultivo e oferta de retenção personalizada.
15587233,0.89,Alto,Priorizar contato consultivo e oferta de retenção personalizada.
15761554,0.89,Alto,Priorizar contato consultivo e oferta de retenção personalizada.
15791216,0.89,Alto,Priorizar contato consultivo e oferta de retenção personalizada.
15588944,0.89,Alto,Priorizar contato consultivo e oferta de retenção personalizada.
15569666,0.89,Alto,Priorizar contato consultivo e oferta de retenção personalizada.
15713483,0.89,Alto,Priorizar contato consultivo e oferta de retenção personalizada.
15762716,0.89,Alto,Priorizar contato consultivo e oferta de retenção personalizada.
15746333,0.89,Alto,Priorizar contato consultivo e oferta de retenção personalizada.
15764604,0.89,Alto,Priorizar contato consultivo e oferta de retenção personalizada.
15583863,0.89,Alto,Priorizar contato consultivo e oferta de retenção personalizada.
15815271,0.89,Alto,Priorizar contato consultivo e oferta de retenção personalizada.
15807609,0.89,Alto,Priorizar contato consultivo e oferta de retenção personalizada.
15755731,0.89,Alto,Priorizar contato consultivo e oferta de retenção personalizada.
15799635,0.89,Alto,Priorizar contato consultivo e oferta de retenção personalizada.
15658057,0.89,Alto,Priorizar contato consultivo e oferta de retenção personalizada.
15609653,0.89,Alto,Priorizar contato consultivo e oferta de retenção personalizada.
15566988,0.89,Alto,Priorizar contato consultivo e oferta de retenção personalizada.
15784958,0.885,Alto,Priorizar contato consultivo e oferta de retenção personalizada.
15693864,0.885,Alto,Priorizar contato consultivo e oferta de retenção personalizada.
15745250,0.885,Alto,Priorizar contato consultivo e oferta de retenção personalizada.
15648794,0.885,Alto,Priorizar contato consultivo e oferta de retenção personalizada.
15664754,0.885,Alto,Priorizar contato consultivo e oferta de retenção personalizada.
15671137,0.885,Alto,Priorizar contato consultivo e oferta de retenção personalizada.
15777901,0.885,Alto,Priorizar contato consultivo e oferta de retenção personalizada.
15691906,0.885,Alto,Priorizar contato consultivo e oferta de retenção personalizada.
15629677,0.885,Alto,Priorizar contato consultivo e oferta de retenção personalizada.
15658768,0.885,Alto,Priorizar contato consultivo e oferta de retenção personalizada.
15726855,0.885,Alto,Priorizar contato consultivo e oferta de retenção personalizada.
15655082,0.885,Alto,Priorizar contato consultivo e oferta de retenção personalizada.
15638610,0.885,Alto,Priorizar contato consultivo e oferta de retenção personalizada.
15766044,0.885,Alto,Priorizar contato consultivo e oferta de retenção personalizada.
15722632,0.885,Alto,Priorizar contato consultivo e oferta de retenção personalizada.
15687001,0.88,Alto,Priorizar contato consultivo e oferta de retenção personalizada.
15612095,0.88,Alto,Priorizar contato consultivo e oferta de retenção personalizada.
15809320,0.88,Alto,Priorizar contato consultivo e oferta de retenção personalizada.
15768151,0.88,Alto,Priorizar contato consultivo e oferta de retenção personalizada.
15606944,0.88,Alto,Priorizar contato consultivo e oferta de retenção personalizada.
15686099,0.88,Alto,Priorizar contato consultivo e oferta de retenção personalizada.
15798844,0.88,Alto,Priorizar contato consultivo e oferta de retenção personalizada.
15586236,0.88,Alto,Priorizar contato consultivo e oferta de retenção personalizada.
15789158,0.88,Alto,Priorizar contato consultivo e oferta de retenção personalizada.
15718893,0.88,Alto,Priorizar contato consultivo e oferta de retenção personalizada.
15595303,0.88,Alto,Priorizar contato consultivo e oferta de retenção personalizada.
15706458,0.88,Alto,Priorizar contato consultivo e oferta de retenção personalizada.
15592412,0.88,Alto,Priorizar contato consultivo e oferta de retenção personalizada.
15633213,0.88,Alto,Priorizar contato consultivo e oferta de retenção personalizada.
15638882,0.88,Alto,Priorizar contato consultivo e oferta de retenção personalizada.
15661473,0.88,Alto,Priorizar contato consultivo e oferta de retenção personalizada.
15792228,0.88,Alto,Priorizar contato consultivo e oferta de retenção personalizada.
15711843,0.88,Alto,Priorizar contato consultivo e oferta de retenção personalizada.
15775891,0.88,Alto,Priorizar contato consultivo e oferta de retenção personalizada.
15807120,0.88,Alto,Priorizar contato consultivo e oferta de retenção personalizada.
15729238,0.88,Alto,Priorizar contato consultivo e oferta de retenção personalizada.
15769959,0.88,Alto,Priorizar contato consultivo e oferta de retenção personalizada.
15740487,0.88,Alto,Priorizar contato consultivo e oferta de retenção personalizada.
15746203,0.88,Alto,Priorizar contato consultivo e oferta de retenção personalizada.
15808386,0.88,Alto,Priorizar contato consultivo e oferta de retenção personalizada.
15647385,0.875,Alto,Priorizar contato consultivo e oferta de retenção personalizada.
15791867,0.875,Alto,Priorizar contato consultivo e oferta de retenção personalizada.
15741988,0.875,Alto,Priorizar contato consultivo e oferta de retenção personalizada.
15744044,0.875,Alto,Priorizar contato consultivo e oferta de retenção personalizada.
15641604,0.875,Alto,Priorizar contato consultivo e oferta de retenção personalizada.
15745083,0.875,Alto,Priorizar contato consultivo e oferta de retenção personalizada.
15716381,0.875,Alto,Priorizar contato consultivo e oferta de retenção personalizada.
15594391,0.875,Alto,Priorizar contato consultivo e oferta de retenção personalizada.
15753332,0.875,Alto,Priorizar contato consultivo e oferta de retenção personalizada.
15761053,0.875,Alto,Priorizar contato consultivo e oferta de retenção personalizada.
15610446,0.875,Alto,Priorizar contato consultivo e oferta de retenção personalizada.
15566312,0.875,Alto,Priorizar contato consultivo e oferta de retenção personalizada.
15708534,0.875,Alto,Priorizar contato consultivo e oferta de retenção personalizada.
15703541,0.875,Alto,Priorizar contato consultivo e oferta de retenção personalizada.
15806049,0.875,Alto,Priorizar contato consultivo e oferta de retenção personalizada.
15584364,0.87,Alto,Priorizar contato consultivo e oferta de retenção personalizada.
15775761,0.87,Alto,Priorizar contato consultivo e oferta de retenção personalizada.
15637753,0.87,Alto,Priorizar contato consultivo e oferta de retenção personalizada.
15659736,0.87,Alto,Priorizar contato consultivo e oferta de retenção personalizada.
15719377,0.87,Alto,Priorizar contato consultivo e oferta de retenção personalizada.
15773276,0.87,Alto,Priorizar contato consultivo e oferta de retenção personalizada.
15593128,0.87,Alto,Priorizar contato consultivo e oferta de retenção personalizada.
15642345,0.87,Alto,Priorizar contato consultivo e oferta de retenção personalizada.
15814468,0.87,Alto,Priorizar contato consultivo e oferta de retenção personalizada.
15619608,0.87,Alto,Priorizar contato consultivo e oferta de retenção personalizada.
15570289,0.87,Alto,Priorizar contato consultivo e oferta de retenção personalizada.
15582033,0.87,Alto,Priorizar contato consultivo e oferta de retenção personalizada.
15608541,0.87,Alto,Priorizar contato consultivo e oferta de retenção personalizada.
15790113,0.87,Alto,Priorizar contato consultivo e oferta de retenção personalizada.
15591010,0.87,Alto,Priorizar contato consultivo e oferta de retenção personalizada.
15737047,0.87,Alto,Priorizar contato consultivo e oferta de retenção personalizada.
15648967,0.87,Alto,Priorizar contato consultivo e oferta de retenção personalizada.
15583392,0.87,Alto,Priorizar contato consultivo e oferta de retenção personalizada.
15793049,0.87,Alto,Priorizar contato consultivo e oferta de retenção personalizada.
15641934,0.87,Alto,Priorizar contato consultivo e oferta de retenção personalizada.
15814675,0.87,Alto,Priorizar contato consultivo e oferta de retenção personalizada.
15775318,0.87,Alto,Priorizar contato consultivo e oferta de retenção personalizada.
15781272,0.865,Alto,Priorizar contato consultivo e oferta de retenção personalizada.
15725945,0.865,Alto,Priorizar contato consultivo e oferta de retenção personalizada.
15712849,0.865,Alto,Priorizar contato consultivo e oferta de retenção personalizada.
15651022,0.865,Alto,Priorizar contato consultivo e oferta de retenção personalizada.
15672012,0.865,Alto,Priorizar contato consultivo e oferta de retenção personalizada.
15803456,0.865,Alto,Priorizar contato consultivo e oferta de retenção personalizada.
15705953,0.865,Alto,Priorizar contato consultivo e oferta de retenção personalizada.
15670823,0.865,Alto,Priorizar contato consultivo e oferta de retenção personalizada.
15732438,0.865,Alto,Priorizar contato consultivo e oferta de retenção personalizada.
15657349,0.865,Alto,Priorizar contato consultivo e oferta de retenção personalizada.
15737267,0.865,Alto,Priorizar contato consultivo e oferta de retenção personalizada.
15779176,0.865,Alto,Priorizar contato consultivo e oferta de retenção personalizada.
15728706,0.865,Alto,Priorizar contato consultivo e oferta de retenção personalizada.
15702571,0.865,Alto,Priorizar contato consultivo e oferta de retenção personalizada.
15664610,0.865,Alto,Priorizar contato consultivo e oferta de retenção personalizada.
15658969,0.865,Alto,Priorizar contato consultivo e oferta de retenção personalizada.
15579706,0.865,Alto,Priorizar contato consultivo e oferta de retenção personalizada.
15735270,0.865,Alto,Priorizar contato consultivo e oferta de retenção personalizada.
15651900,0.865,Alto,Priorizar contato consultivo e oferta de retenção personalizada.
15814092,0.865,Alto,Priorizar contato consultivo e oferta de retenção personalizada.
15592925,0.865,Alto,Priorizar contato consultivo e oferta de retenção personalizada.
15768163,0.865,Alto,Priorizar contato consultivo e oferta de retenção personalizada.
15587611,0.86,Alto,Priorizar contato consultivo e oferta de retenção personalizada.
15775306,0.86,Alto,Priorizar contato consultivo e oferta de retenção personalizada.
15755241,0.86,Alto,Priorizar contato consultivo e oferta de retenção personalizada.
15734649,0.86,Alto,Priorizar contato consultivo e oferta de retenção personalizada.
15717560,0.86,Alto,Priorizar contato consultivo e oferta de retenção personalizada.
15803689,0.86,Alto,Priorizar contato consultivo e oferta de retenção personalizada.
15658716,0.86,Alto,Priorizar contato consultivo e oferta de retenção personalizada.
15590201,0.86,Alto,Priorizar contato consultivo e oferta de retenção personalizada.
15733234,0.86,Alto,Priorizar contato consultivo e oferta de retenção personalizada.
15724863,0.86,Alto,Priorizar contato consultivo e oferta de retenção personalizada.
15659694,0.86,Alto,Priorizar contato consultivo e oferta de retenção personalizada.
15587507,0.86,Alto,Priorizar contato consultivo e oferta de retenção personalizada.
15720583,0.86,Alto,Priorizar contato consultivo e oferta de retenção personalizada.
15806808,0.86,Alto,Priorizar contato consultivo e oferta de retenção personalizada.
15730433,0.855,Alto,Priorizar contato consultivo e oferta de retenção personalizada.
15711789,0.855,Alto,Priorizar contato consultivo e oferta de retenção personalizada.
15674541,0.855,Alto,Priorizar contato consultivo e oferta de retenção personalizada.
15627352,0.855,Alto,Priorizar contato consultivo e oferta de retenção personalizada.
15759436,0.855,Alto,Priorizar contato consultivo e oferta de retenção personalizada.
15787318,0.855,Alto,Priorizar contato consultivo e oferta de retenção personalizada.
15593425,0.855,Alto,Priorizar contato consultivo e oferta de retenção personalizada.
15690007,0.855,Alto,Priorizar contato consultivo e oferta de retenção personalizada.
15724321,0.855,Alto,Priorizar contato consultivo e oferta de retenção personalizada.
15711618,0.855,Alto,Priorizar contato consultivo e oferta de retenção personalizada.
15577999,0.855,Alto,Priorizar contato consultivo e oferta de retenção personalizada.
15676571,0.855,Alto,Priorizar contato consultivo e oferta de retenção personalizada.
15606641,0.855,Alto,Priorizar contato consultivo e oferta de retenção personalizada.
15579130,0.855,Alto,Priorizar contato consultivo e oferta de retenção personalizada.
15749401,0.855,Alto,Priorizar contato consultivo e oferta de retenção personalizada.
15684269,0.855,Alto,Priorizar contato consultivo e oferta de retenção personalizada.
15669887,0.85,Alto,Priorizar contato consultivo e oferta de retenção personalizada.
15791053,0.85,Alto,Priorizar contato consultivo e oferta de retenção personalizada.
15623712,0.85,Alto,Priorizar contato consultivo e oferta de retenção personalizada.
15810444,0.85,Alto,Priorizar contato consultivo e oferta de retenção personalizada.
15673372,0.85,Alto,Priorizar contato consultivo e oferta de retenção personalizada.
15711028,0.85,Alto,Priorizar contato consultivo e oferta de retenção personalizada.
15571221,0.85,Alto,Priorizar contato consultivo e oferta de retenção personalizada.
15581198,0.85,Alto,Priorizar contato consultivo e oferta de retenção personalizada.
15641389,0.85,Alto,Priorizar contato consultivo e oferta de retenção personalizada.
15750545,0.85,Alto,Priorizar contato consultivo e oferta de retenção personalizada.
15727197,0.85,Alto,Priorizar contato consultivo e oferta de retenção personalizada.
15659800,0.85,Alto,Priorizar contato consultivo e oferta de retenção personalizada.
15720559,0.85,Alto,Priorizar contato consultivo e oferta de retenção personalizada.
15698732,0.85,Alto,Priorizar contato consultivo e oferta de retenção personalizada.
15811690,0.85,Alto,Priorizar contato consultivo e oferta de retenção personalizada.
15689786,0.85,Alto,Priorizar contato consultivo e oferta de retenção personalizada.
15570931,0.85,Alto,Priorizar contato consultivo e oferta de retenção personalizada.
15800062,0.85,Alto,Priorizar contato consultivo e oferta de retenção personalizada.
15598751,0.85,Alto,Priorizar contato consultivo e oferta de retenção personalizada.
15566253,0.85,Alto,Priorizar contato consultivo e oferta de retenção personalizada.
15803121,0.845,Alto,Priorizar contato consultivo e oferta de retenção personalizada.
15779182,0.845,Alto,Priorizar contato consultivo e oferta de retenção personalizada.
15810723,0.845,Alto,Priorizar contato consultivo e oferta de retenção personalizada.
15621611,0.845,Alto,Priorizar contato consultivo e oferta de retenção personalizada.
15570379,0.845,Alto,Priorizar contato consultivo e oferta de retenção personalizada.
15627220,0.845,Alto,Priorizar contato consultivo e oferta de retenção personalizada.
15763256,0.845,Alto,Priorizar contato consultivo e oferta de retenção personalizada.
15659327,0.845,Alto,Priorizar contato consultivo e oferta de retenção personalizada.
15789955,0.845,Alto,Priorizar contato consultivo e oferta de retenção personalizada.
15620204,0.845,Alto,Priorizar contato consultivo e oferta de retenção personalizada.
15605698,0.845,Alto,Priorizar contato consultivo e oferta de retenção personalizada.
15750684,0.845,Alto,Priorizar contato consultivo e oferta de retenção personalizada.
15651554,0.845,Alto,Priorizar contato consultivo e oferta de retenção personalizada.
15810829,0.845,Alto,Priorizar contato consultivo e oferta de retenção personalizada.
15788131,0.845,Alto,Priorizar contato consultivo e oferta de retenção personalizada.
15628972,0.845,Alto,Priorizar contato consultivo e oferta de retenção personalizada.
15764916,0.845,Alto,Priorizar contato consultivo e oferta de retenção personalizada.
15625426,0.845,Alto,Priorizar contato consultivo e oferta de retenção personalizada.
15687153,0.845,Alto,Priorizar contato consultivo e oferta de retenção personalizada.
15629299,0.845,Alto,Priorizar contato consultivo e oferta de retenção personalizada.
15673877,0.845,Alto,Priorizar contato consultivo e oferta de retenção personalizada.
15634891,0.845,Alto,Priorizar contato consultivo e oferta de retenção personalizada.
15591036,0.845,Alto,Priorizar contato consultivo e oferta de retenção personalizada.
15719940,0.845,Alto,Priorizar contato consultivo e oferta de retenção personalizada.
15642391,0.845,Alto,Priorizar contato consultivo e oferta de retenção personalizada.
15772073,0.845,Alto,Priorizar contato consultivo e oferta de retenção personalizada.
15722902,0.845,Alto,Priorizar contato consultivo e oferta de retenção personalizada.
15593778,0.845,Alto,Priorizar contato consultivo e oferta de retenção personalizada.
15689514,0.845,Alto,Priorizar contato consultivo e oferta de retenção personalizada.
15778410,0.84,Alto,Priorizar contato consultivo e oferta de retenção personalizada.
15630592,0.84,Alto,Priorizar contato consultivo e oferta de retenção personalizada.
15583580,0.84,Alto,Priorizar contato consultivo e oferta de retenção personalizada.
15775590,0.84,Alto,Priorizar contato consultivo e oferta de retenção personalizada.
15726403,0.84,Alto,Priorizar contato consultivo e oferta de retenção personalizada.
15655213,0.84,Alto,Priorizar contato consultivo e oferta de retenção personalizada.
15765300,0.84,Alto,Priorizar contato consultivo e oferta de retenção personalizada.
15689781,0.84,Alto,Priorizar contato consultivo e oferta de retenção personalizada.
15588090,0.84,Alto,Priorizar contato consultivo e oferta de retenção personalizada.
15624180,0.84,Alto,Priorizar contato consultivo e oferta de retenção personalizada.
15724154,0.84,Alto,Priorizar contato consultivo e oferta de retenção personalizada.
15569249,0.84,Alto,Priorizar contato consultivo e oferta de retenção personalizada.
15786800,0.84,Alto,Priorizar contato consultivo e oferta de retenção personalizada.
15605275,0.84,Alto,Priorizar contato consultivo e oferta de retenção personalizada.
15594612,0.84,Alto,Priorizar contato consultivo e oferta de retenção personalizada.
15687162,0.84,Alto,Priorizar contato consultivo e oferta de retenção personalizada.
15675794,0.84,Alto,Priorizar contato consultivo e oferta de retenção personalizada.
15650424,0.84,Alto,Priorizar contato consultivo e oferta de retenção personalizada.
15755678,0.84,Alto,Priorizar contato consultivo e oferta de retenção personalizada.
15567063,0.84,Alto,Priorizar contato consultivo e oferta de retenção personalizada.
15591047,0.84,Alto,Priorizar contato consultivo e oferta de retenção personalizada.
15671769,0.84,Alto,Priorizar contato consultivo e oferta de retenção personalizada.
15727384,0.84,Alto,Priorizar contato consultivo e oferta de retenção personalizada.
15607263,0.84,Alto,Priorizar contato consultivo e oferta de retenção personalizada.
15610900,0.84,Alto,Priorizar contato consultivo e oferta de retenção personalizada.
15635435,0.835,Alto,Priorizar contato consultivo e oferta de retenção personalizada.
15709941,0.835,Alto,Priorizar contato consultivo e oferta de retenção personalizada.
15681332,0.835,Alto,Priorizar contato consultivo e oferta de retenção personalizada.
15778149,0.835,Alto,Priorizar contato consultivo e oferta de retenção personalizada.
15793688,0.835,Alto,Priorizar contato consultivo e oferta de retenção personalizada.
15692750,0.835,Alto,Priorizar contato consultivo e oferta de retenção personalizada.
15568748,0.835,Alto,Priorizar contato consultivo e oferta de retenção personalizada.
15620981,0.835,Alto,Priorizar contato consultivo e oferta de retenção personalizada.
15651052,0.835,Alto,Priorizar contato consultivo e oferta de retenção personalizada.
15657529,0.835,Alto,Priorizar contato consultivo e oferta de retenção personalizada.
15594878,0.835,Alto,Priorizar contato consultivo e oferta de retenção personalizada.
15740406,0.835,Alto,Priorizar contato consultivo e oferta de retenção personalizada.
15630725,0.835,Alto,Priorizar contato consultivo e oferta de retenção personalizada.
15660417,0.835,Alto,Priorizar contato consultivo e oferta de retenção personalizada.
15690647,0.835,Alto,Priorizar contato consultivo e oferta de retenção personalizada.
15676519,0.835,Alto,Priorizar contato consultivo e oferta de retenção personalizada.
15728838,0.835,Alto,Priorizar contato consultivo e oferta de retenção personalizada.
15787470,0.835,Alto,Priorizar contato consultivo e oferta de retenção personalizada.
15735909,0.835,Alto,Priorizar contato consultivo e oferta de retenção personalizada.
15687372,0.835,Alto,Priorizar contato consultivo e oferta de retenção personalizada.
15634968,0.835,Alto,Priorizar contato consultivo e oferta de retenção personalizada.
15637599,0.835,Alto,Priorizar contato consultivo e oferta de retenção personalizada.
15577178,0.835,Alto,Priorizar contato consultivo e oferta de retenção personalizada.
15782454,0.835,Alto,Priorizar contato consultivo e oferta de retenção personalizada.
15730044,0.835,Alto,Priorizar contato consultivo e oferta de retenção personalizada.
15648075,0.835,Alto,Priorizar contato consultivo e oferta de retenção personalizada.
15642821,0.83,Alto,Priorizar contato consultivo e oferta de retenção personalizada.
15627232,0.83,Alto,Priorizar contato consultivo e oferta de retenção personalizada.
15655360,0.83,Alto,Priorizar contato consultivo e oferta de retenção personalizada.
15684181,0.83,Alto,Priorizar contato consultivo e oferta de retenção personalizada.
15619653,0.83,Alto,Priorizar contato consultivo e oferta de retenção personalizada.
15670898,0.83,Alto,Priorizar contato consultivo e oferta de retenção personalizada.
15680752,0.83,Alto,Priorizar contato consultivo e oferta de retenção personalizada.
15802741,0.83,Alto,Priorizar contato consultivo e oferta de retenção personalizada.
15592000,0.83,Alto,Priorizar contato consultivo e oferta de retenção personalizada.
15596455,0.83,Alto,Priorizar contato consultivo e oferta de retenção personalizada.
15612494,0.83,Alto,Priorizar contato consultivo e oferta de retenção personalizada.
15624820,0.83,Alto,Priorizar contato consultivo e oferta de retenção personalizada.
15804853,0.83,Alto,Priorizar contato consultivo e oferta de retenção personalizada.
15796813,0.83,Alto,Priorizar contato consultivo e oferta de retenção personalizada.
15661626,0.83,Alto,Priorizar contato consultivo e oferta de retenção personalizada.
15691513,0.83,Alto,Priorizar contato consultivo e oferta de retenção personalizada.
15771668,0.83,Alto,Priorizar contato consultivo e oferta de retenção personalizada.
15711314,0.83,Alto,Priorizar contato consultivo e oferta de retenção personalizada.
15782939,0.83,Alto,Priorizar contato consultivo e oferta de retenção personalizada.
15595728,0.83,Alto,Priorizar contato consultivo e oferta de retenção personalizada.
15733966,0.83,Alto,Priorizar contato consultivo e oferta de retenção personalizada.
15632051,0.83,Alto,Priorizar contato consultivo e oferta de retenção personalizada.
15708504,0.83,Alto,Priorizar contato consultivo e oferta de retenção personalizada.
15618562,0.83,Alto,Priorizar contato consultivo e oferta de retenção personalizada.
15679770,0.825,Alto,Priorizar contato consultivo e oferta de retenção personalizada.
15665077,0.825,Alto,Priorizar contato consultivo e oferta de retenção personalizada.
15756272,0.825,Alto,Priorizar contato consultivo e oferta de retenção personalizada.
15717984,0.825,Alto,Priorizar contato consultivo e oferta de retenção personalizada.
15590810,0.825,Alto,Priorizar contato consultivo e oferta de retenção personalizada.
15785358,0.825,Alto,Priorizar contato consultivo e oferta de retenção personalizada.
15664339,0.825,Alto,Priorizar contato consultivo e oferta de retenção personalizada.
15761023,0.825,Alto,Priorizar contato consultivo e oferta de retenção personalizada.
15653251,0.825,Alto,Priorizar contato consultivo e oferta de retenção personalizada.
15811343,0.825,Alto,Priorizar contato consultivo e oferta de retenção personalizada.
15732061,0.825,Alto,Priorizar contato consultivo e oferta de retenção personalizada.
15766288,0.825,Alto,Priorizar contato consultivo e oferta de retenção personalizada.
15643630,0.825,Alto,Priorizar contato consultivo e oferta de retenção personalizada.
15761950,0.825,Alto,Priorizar contato consultivo e oferta de retenção personalizada.
15784000,0.825,Alto,Priorizar contato consultivo e oferta de retenção personalizada.
15624744,0.825,Alto,Priorizar contato consultivo e oferta de retenção personalizada.
15670528,0.825,Alto,Priorizar contato consultivo e oferta de retenção personalizada.
15607537,0.825,Alto,Priorizar contato consultivo e oferta de retenção personalizada.
15765518,0.825,Alto,Priorizar contato consultivo e oferta de retenção personalizada.
15799859,0.825,Alto,Priorizar contato consultivo e oferta de retenção personalizada.
15609735,0.825,Alto,Priorizar contato consultivo e oferta de retenção personalizada.
15696674,0.825,Alto,Priorizar contato consultivo e oferta de retenção personalizada.
15706005,0.825,Alto,Priorizar contato consultivo e oferta de retenção personalizada.
15595592,0.825,Alto,Priorizar contato consultivo e oferta de retenção personalizada.
15713463,0.825,Alto,Priorizar contato consultivo e oferta de retenção personalizada.
15640454,0.82,Alto,Priorizar contato consultivo e oferta de retenção personalizada.
15785024,0.82,Alto,Priorizar contato consultivo e oferta de retenção personalizada.
15705448,0.82,Alto,Priorizar contato consultivo e oferta de retenção personalizada.
15746553,0.82,Alto,Priorizar contato consultivo e oferta de retenção personalizada.
15585901,0.82,Alto,Priorizar contato consultivo e oferta de retenção personalizada.
15625175,0.82,Alto,Priorizar contato consultivo e oferta de retenção personalizada.
15619343,0.82,Alto,Priorizar contato consultivo e oferta de retenção personalizada.
15668283,0.82,Alto,Priorizar contato consultivo e oferta de retenção personalizada.
15683339,0.82,Alto,Priorizar contato consultivo e oferta de retenção personalizada.
15663194,0.82,Alto,Priorizar contato consultivo e oferta de retenção personalizada.
15569976,0.82,Alto,Priorizar contato consultivo e oferta de retenção personalizada.
15688880,0.82,Alto,Priorizar contato consultivo e oferta de retenção personalizada.
15800083,0.82,Alto,Priorizar contato consultivo e oferta de retenção personalizada.
15569050,0.82,Alto,Priorizar contato consultivo e oferta de retenção personalizada.
15812513,0.82,Alto,Priorizar contato consultivo e oferta de retenção personalizada.
15687421,0.82,Alto,Priorizar contato consultivo e oferta de retenção personalizada.
15701738,0.82,Alto,Priorizar contato consultivo e oferta de retenção personalizada.
15593976,0.82,Alto,Priorizar contato consultivo e oferta de retenção personalizada.
15773013,0.82,Alto,Priorizar contato consultivo e oferta de retenção personalizada.
15595039,0.82,Alto,Priorizar contato consultivo e oferta de retenção personalizada.
15722246,0.82,Alto,Priorizar contato consultivo e oferta de retenção personalizada.
15609758,0.82,Alto,Priorizar contato consultivo e oferta de retenção personalizada.
15622985,0.815,Alto,Priorizar contato consultivo e oferta de retenção personalizada.
15650591,0.815,Alto,Priorizar contato consultivo e oferta de retenção personalizada.
15680449,0.815,Alto,Priorizar contato consultivo e oferta de retenção personalizada.
15744582,0.815,Alto,Priorizar contato consultivo e oferta de retenção personalizada.
15601569,0.815,Alto,Priorizar contato consultivo e oferta de retenção personalizada.
15693771,0.815,Alto,Priorizar contato consultivo e oferta de retenção personalizada.
15694456,0.815,Alto,Priorizar contato consultivo e oferta de retenção personalizada.
15574331,0.815,Alto,Priorizar contato consultivo e oferta de retenção personalizada.
15585066,0.815,Alto,Priorizar contato consultivo e oferta de retenção personalizada.
15734008,0.815,Alto,Priorizar contato consultivo e oferta de retenção personalizada.
15662243,0.815,Alto,Priorizar contato consultivo e oferta de retenção personalizada.
15678944,0.815,Alto,Priorizar contato consultivo e oferta de retenção personalizada.
15624510,0.815,Alto,Priorizar contato consultivo e oferta de retenção personalizada.
15602282,0.815,Alto,Priorizar contato consultivo e oferta de retenção personalizada.
15589572,0.815,Alto,Priorizar contato consultivo e oferta de retenção personalizada.
15706799,0.815,Alto,Priorizar contato consultivo e oferta de retenção personalizada.
15740527,0.815,Alto,Priorizar contato consultivo e oferta de retenção personalizada.
15709474,0.815,Alto,Priorizar contato consultivo e oferta de retenção personalizada.
15618703,0.815,Alto,Priorizar contato consultivo e oferta de retenção personalizada.
15795990,0.815,Alto,Priorizar contato consultivo e oferta de retenção personalizada.
15735878,0.815,Alto,Priorizar contato consultivo e oferta de retenção personalizada.
15722010,0.815,Alto,Priorizar contato consultivo e oferta de retenção personalizada.
15792862,0.815,Alto,Priorizar contato consultivo e oferta de retenção personalizada.
15726791,0.815,Alto,Priorizar contato consultivo e oferta de retenção personalizada.
15714241,0.815,Alto,Priorizar contato consultivo e oferta de retenção personalizada.
15736126,0.815,Alto,Priorizar contato consultivo e oferta de retenção personalizada.
15801411,0.815,Alto,Priorizar contato consultivo e oferta de retenção personalizada.
15731790,0.81,Alto,Priorizar contato consultivo e oferta de retenção personalizada.
15796111,0.81,Alto,Priorizar contato consultivo e oferta de retenção personalizada.
15793890,0.81,Alto,Priorizar contato consultivo e oferta de retenção personalizada.
15635870,0.81,Alto,Priorizar contato consultivo e oferta de retenção personalizada.
15641413,0.81,Alto,Priorizar contato consultivo e oferta de retenção personalizada.
15577771,0.81,Alto,Priorizar contato consultivo e oferta de retenção personalizada.
15664907,0.81,Alto,Priorizar contato consultivo e oferta de retenção personalizada.
15603111,0.81,Alto,Priorizar contato consultivo e oferta de retenção personalizada.
15569641,0.81,Alto,Priorizar contato consultivo e oferta de retenção personalizada.
15797160,0.81,Alto,Priorizar contato consultivo e oferta de retenção personalizada.
15795224,0.81,Alto,Priorizar contato consultivo e oferta de retenção personalizada.
15798424,0.81,Alto,Priorizar contato consultivo e oferta de retenção personalizada.
15765694,0.81,Alto,Priorizar contato consultivo e oferta de retenção personalizada.
15605037,0.81,Alto,Priorizar contato consultivo e oferta de retenção personalizada.
15607314,0.81,Alto,Priorizar contato consultivo e oferta de retenção personalizada.
15704053,0.81,Alto,Priorizar contato consultivo e oferta de retenção personalizada.
15655123,0.81,Alto,Priorizar contato consultivo e oferta de retenção personalizada.
15595324,0.81,Alto,Priorizar contato consultivo e oferta de retenção personalizada.
15728669,0.81,Alto,Priorizar contato consultivo e oferta de retenção personalizada.
15789313,0.81,Alto,Priorizar contato consultivo e oferta de retenção personalizada.
15584113,0.81,Alto,Priorizar contato consultivo e oferta de retenção personalizada.
15684960,0.81,Alto,Priorizar contato consultivo e oferta de retenção personalizada.
15706232,0.81,Alto,Priorizar contato consultivo e oferta de retenção personalizada.
15814930,0.81,Alto,Priorizar contato consultivo e oferta de retenção personalizada.
15794048,0.81,Alto,Priorizar contato consultivo e oferta de retenção personalizada.
15585888,0.81,Alto,Priorizar contato consultivo e oferta de retenção personalizada.
15641366,0.81,Alto,Priorizar contato consultivo e oferta de retenção personalizada.
15805704,0.81,Alto,Priorizar contato consultivo e oferta de retenção personalizada.
15648933,0.805,Alto,Priorizar contato consultivo e oferta de retenção personalizada.
15657957,0.805,Alto,Priorizar contato consultivo e oferta de retenção personalizada.
15702298,0.805,Alto,Priorizar contato consultivo e oferta de retenção personalizada.
15606397,0.805,Alto,Priorizar contato consultivo e oferta de retenção personalizada.
15629244,0.805,Alto,Priorizar contato consultivo e oferta de retenção personalizada.
15653347,0.805,Alto,Priorizar contato consultivo e oferta de retenção personalizada.
15605072,0.805,Alto,Priorizar contato consultivo e oferta de retenção personalizada.
15724848,0.805,Alto,Priorizar contato consultivo e oferta de retenção personalizada.
15596552,0.805,Alto,Priorizar contato consultivo e oferta de retenção personalizada.
15794171,0.805,Alto,Priorizar contato consultivo e oferta de retenção personalizada.
15651627,0.805,Alto,Priorizar contato consultivo e oferta de retenção personalizada.
15766427,0.805,Alto,Priorizar contato consultivo e oferta de retenção personalizada.
15797081,0.805,Alto,Priorizar contato consultivo e oferta de retenção personalizada.
15678034,0.805,Alto,Priorizar contato consultivo e oferta de retenção personalizada.
15768451,0.805,Alto,Priorizar contato consultivo e oferta de retenção personalizada.
15786463,0.805,Alto,Priorizar contato consultivo e oferta de retenção personalizada.
15792525,0.805,Alto,Priorizar contato consultivo e oferta de retenção personalizada.
15711446,0.805,Alto,Priorizar contato consultivo e oferta de retenção personalizada.
15811565,0.805,Alto,Priorizar contato consultivo e oferta de retenção personalizada.
15677796,0.805,Alto,Priorizar contato consultivo e oferta de retenção personalizada.
15612966,0.805,Alto,Priorizar contato consultivo e oferta de retenção personalizada.
15793311,0.805,Alto,Priorizar contato consultivo e oferta de retenção personalizada.
15795275,0.805,Alto,Priorizar contato consultivo e oferta de retenção personalizada.
15661670,0.8,Alto,Priorizar contato consultivo e oferta de retenção personalizada.
15720071,0.8,Alto,Priorizar contato consultivo e oferta de retenção personalizada.
15794360,0.8,Alto,Priorizar contato consultivo e oferta de retenção personalizada.
15808557,0.8,Alto,Priorizar contato consultivo e oferta de retenção personalizada.
15643865,0.8,Alto,Priorizar contato consultivo e oferta de retenção personalizada.
15657107,0.8,Alto,Priorizar contato consultivo e oferta de retenção personalizada.
15782247,0.8,Alto,Priorizar contato consultivo e oferta de retenção personalizada.
15620756,0.8,Alto,Priorizar contato consultivo e oferta de retenção personalizada.
15572038,0.8,Alto,Priorizar contato consultivo e oferta de retenção personalizada.
15805260,0.8,Alto,Priorizar contato consultivo e oferta de retenção personalizada.
15586264,0.8,Alto,Priorizar contato consultivo e oferta de retenção personalizada.
15813159,0.8,Alto,Priorizar contato consultivo e oferta de retenção personalizada.
15654457,0.8,Alto,Priorizar contato consultivo e oferta de retenção personalizada.
15815656,0.8,Alto,Priorizar contato consultivo e oferta de retenção personalizada.
15783883,0.8,Alto,Priorizar contato consultivo e oferta de retenção personalizada.
15664001,0.8,Alto,Priorizar contato consultivo e oferta de retenção personalizada.
15772337,0.8,Alto,Priorizar contato consultivo e oferta de retenção personalizada.
15718912,0.795,Alto,Priorizar contato consultivo e oferta de retenção personalizada.
15656822,0.795,Alto,Priorizar contato consultivo e oferta de retenção personalizada.
15707861,0.795,Alto,Priorizar contato consultivo e oferta de retenção personalizada.
15751491,0.795,Alto,Priorizar contato consultivo e oferta de retenção personalizada.
15774936,0.795,Alto,Priorizar contato consultivo e oferta de retenção personalizada.
15743871,0.795,Alto,Priorizar contato consultivo e oferta de retenção personalizada.
15733447,0.795,Alto,Priorizar contato consultivo e oferta de retenção personalizada.
15776596,0.795,Alto,Priorizar contato consultivo e oferta de retenção personalizada.
15644200,0.795,Alto,Priorizar contato consultivo e oferta de retenção personalizada.
15583353,0.795,Alto,Priorizar contato consultivo e oferta de retenção personalizada.
15769246,0.795,Alto,Priorizar contato consultivo e oferta de retenção personalizada.
15603880,0.795,Alto,Priorizar contato consultivo e oferta de retenção personalizada.
15807923,0.795,Alto,Priorizar contato consultivo e oferta de retenção personalizada.
15573456,0.795,Alto,Priorizar contato consultivo e oferta de retenção personalizada.
15717398,0.795,Alto,Priorizar contato consultivo e oferta de retenção personalizada.
15645404,0.795,Alto,Priorizar contato consultivo e oferta de retenção personalizada.
15799358,0.795,Alto,Priorizar contato consultivo e oferta de retenção personalizada.
15660316,0.795,Alto,Priorizar contato consultivo e oferta de retenção personalizada.
15772243,0.795,Alto,Priorizar contato consultivo e oferta de retenção personalizada.
15687658,0.795,Alto,Priorizar contato consultivo e oferta de retenção personalizada.
15617331,0.795,Alto,Priorizar contato consultivo e oferta de retenção personalizada.
15706071,0.795,Alto,Priorizar contato consultivo e oferta de retenção personalizada.
15664555,0.795,Alto,Priorizar contato consultivo e oferta de retenção personalizada.
15755330,0.795,Alto,Priorizar contato consultivo e oferta de retenção personalizada.
15715622,0.795,Alto,Priorizar contato consultivo e oferta de retenção personalizada.
15608528,0.795,Alto,Priorizar contato consultivo e oferta de retenção personalizada.
15591286,0.795,Alto,Priorizar contato consultivo e oferta de retenção personalizada.
15742272,0.795,Alto,Priorizar contato consultivo e oferta de retenção personalizada.
15588372,0.795,Alto,Priorizar contato consultivo e oferta de retenção personalizada.
15718289,0.79,Alto,Priorizar contato consultivo e oferta de retenção personalizada.
15570533,0.79,Alto,Priorizar contato consultivo e oferta de retenção personalizada.
15797767,0.79,Alto,Priorizar contato consultivo e oferta de retenção personalizada.
15570835,0.79,Alto,Priorizar contato consultivo e oferta de retenção personalizada.
15694821,0.79,Alto,Priorizar contato consultivo e oferta de retenção personalizada.
15698953,0.79,Alto,Priorizar contato consultivo e oferta de retenção personalizada.
15722991,0.79,Alto,Priorizar contato consultivo e oferta de retenção personalizada.
15776947,0.79,Alto,Priorizar contato consultivo e oferta de retenção personalizada.
15646513,0.79,Alto,Priorizar contato consultivo e oferta de retenção personalizada.
15597896,0.79,Alto,Priorizar contato consultivo e oferta de retenção personalizada.
15645371,0.79,Alto,Priorizar contato consultivo e oferta de retenção personalizada.
15627840,0.79,Alto,Priorizar contato consultivo e oferta de retenção personalizada.
15584620,0.79,Alto,Priorizar contato consultivo e oferta de retenção personalizada.
15674720,0.79,Alto,Priorizar contato consultivo e oferta de retenção personalizada.
15587647,0.79,Alto,Priorizar contato consultivo e oferta de retenção personalizada.
15713440,0.79,Alto,Priorizar contato consultivo e oferta de retenção personalizada.
15663410,0.79,Alto,Priorizar contato consultivo e oferta de retenção personalizada.
15782096,0.79,Alto,Priorizar contato consultivo e oferta de retenção personalizada.
15736008,0.79,Alto,Priorizar contato consultivo e oferta de retenção personalizada.
15756026,0.79,Alto,Priorizar contato consultivo e oferta de retenção personalizada.
15629323,0.785,Alto,Priorizar contato consultivo e oferta de retenção personalizada.
15784124,0.785,Alto,Priorizar contato consultivo e oferta de retenção personalizada.
15585853,0.785,Alto,Priorizar contato consultivo e oferta de retenção personalizada.
15691287,0.785,Alto,Priorizar contato consultivo e oferta de retenção personalizada.
15589793,0.785,Alto,Priorizar contato consultivo e oferta de retenção personalizada.
15611331,0.785,Alto,Priorizar contato consultivo e oferta de retenção personalizada.
15772329,0.785,Alto,Priorizar contato consultivo e oferta de retenção personalizada.
15603465,0.785,Alto,Priorizar contato consultivo e oferta de retenção personalizada.
15801942,0.785,Alto,Priorizar contato consultivo e oferta de retenção personalizada.
15753847,0.785,Alto,Priorizar contato consultivo e oferta de retenção personalizada.
15576683,0.785,Alto,Priorizar contato consultivo e oferta de retenção personalizada.
15625824,0.785,Alto,Priorizar contato consultivo e oferta de retenção personalizada.
15807663,0.785,Alto,Priorizar contato consultivo e oferta de retenção personalizada.
15603764,0.785,Alto,Priorizar contato consultivo e oferta de retenção personalizada.
15738715,0.785,Alto,Priorizar contato consultivo e oferta de retenção personalizada.
15608246,0.785,Alto,Priorizar contato consultivo e oferta de retenção personalizada.
15648489,0.785,Alto,Priorizar contato consultivo e oferta de retenção personalizada.
15643188,0.785,Alto,Priorizar contato consultivo e oferta de retenção personalizada.
15615296,0.785,Alto,Priorizar contato consultivo e oferta de retenção personalizada.
15613886,0.785,Alto,Priorizar contato consultivo e oferta de retenção personalizada.
15789582,0.785,Alto,Priorizar contato consultivo e oferta de retenção personalizada.
15643671,0.785,Alto,Priorizar contato consultivo e oferta de retenção personalizada.
15674551,0.785,Alto,Priorizar contato consultivo e oferta de retenção personalizada.
15705860,0.785,Alto,Priorizar contato consultivo e oferta de retenção personalizada.
15711219,0.785,Alto,Priorizar contato consultivo e oferta de retenção personalizada.
15616367,0.78,Alto,Priorizar contato consultivo e oferta de retenção personalizada.
15780909,0.78,Alto,Priorizar contato consultivo e oferta de retenção personalizada.
15665053,0.78,Alto,Priorizar contato consultivo e oferta de retenção personalizada.
15656086,0.78,Alto,Priorizar contato consultivo e oferta de retenção personalizada.
15685372,0.78,Alto,Priorizar contato consultivo e oferta de retenção personalizada.
15586674,0.78,Alto,Priorizar contato consultivo e oferta de retenção personalizada.
15737998,0.78,Alto,Priorizar contato consultivo e oferta de retenção personalizada.
15774854,0.78,Alto,Priorizar contato consultivo e oferta de retenção personalizada.
15624388,0.78,Alto,Priorizar contato consultivo e oferta de retenção personalizada.
15622532,0.78,Alto,Priorizar contato consultivo e oferta de retenção personalizada.
15649853,0.78,Alto,Priorizar contato consultivo e oferta de retenção personalizada.
15784844,0.78,Alto,Priorizar contato consultivo e oferta de retenção personalizada.
15749638,0.78,Alto,Priorizar contato consultivo e oferta de retenção personalizada.
15649487,0.78,Alto,Priorizar contato consultivo e oferta de retenção personalizada.
15814816,0.78,Alto,Priorizar contato consultivo e oferta de retenção personalizada.
15785373,0.78,Alto,Priorizar contato consultivo e oferta de retenção personalizada.
15588859,0.78,Alto,Priorizar contato consultivo e oferta de retenção personalizada.
15704987,0.78,Alto,Priorizar contato consultivo e oferta de retenção personalizada.
15745324,0.78,Alto,Priorizar contato consultivo e oferta de retenção personalizada.
15738088,0.78,Alto,Priorizar contato consultivo e oferta de retenção personalizada.
15688963,0.78,Alto,Priorizar contato consultivo e oferta de retenção personalizada.
15771299,0.78,Alto,Priorizar contato consultivo e oferta de retenção personalizada.
15683403,0.78,Alto,Priorizar contato consultivo e oferta de retenção personalizada.
15575759,0.78,Alto,Priorizar contato consultivo e oferta de retenção personalizada.
15812888,0.775,Alto,Priorizar contato consultivo e oferta de retenção personalizada.
15606115,0.775,Alto,Priorizar contato consultivo e oferta de retenção personalizada.
15714062,0.775,Alto,Priorizar contato consultivo e oferta de retenção personalizada.
15759874,0.775,Alto,Priorizar contato consultivo e oferta de retenção personalizada.
15771573,0.775,Alto,Priorizar contato consultivo e oferta de retenção personalizada.
15710105,0.775,Alto,Priorizar contato consultivo e oferta de retenção personalizada.
15787756,0.775,Alto,Priorizar contato consultivo e oferta de retenção personalizada.
15653849,0.775,Alto,Priorizar contato consultivo e oferta de retenção personalizada.
15583073,0.775,Alto,Priorizar contato consultivo e oferta de retenção personalizada.
15660429,0.775,Alto,Priorizar contato consultivo e oferta de retenção personalizada.
15644453,0.775,Alto,Priorizar contato consultivo e oferta de retenção personalizada.
15645323,0.775,Alto,Priorizar contato consultivo e oferta de retenção personalizada.
15677288,0.775,Alto,Priorizar contato consultivo e oferta de retenção personalizada.
15770474,0.775,Alto,Priorizar contato consultivo e oferta de retenção personalizada.
15588670,0.775,Alto,Priorizar contato consultivo e oferta de retenção personalizada.
15605916,0.775,Alto,Priorizar contato consultivo e oferta de retenção personalizada.
15711299,0.775,Alto,Priorizar contato consultivo e oferta de retenção personalizada.
15624641,0.775,Alto,Priorizar contato consultivo e oferta de retenção personalizada.
15740345,0.775,Alto,Priorizar contato consultivo e oferta de retenção personalizada.
15734711,0.775,Alto,Priorizar contato consultivo e oferta de retenção personalizada.
15600974,0.775,Alto,Priorizar contato consultivo e oferta de retenção personalizada.
15801436,0.775,Alto,Priorizar contato consultivo e oferta de retenção personalizada.
15591915,0.775,Alto,Priorizar contato consultivo e oferta de retenção personalizada.
15627847,0.775,Alto,Priorizar contato consultivo e oferta de retenção personalizada.
15662698,0.775,Alto,Priorizar contato consultivo e oferta de retenção personalizada.
15679453,0.775,Alto,Priorizar contato consultivo e oferta de retenção personalizada.
15582714,0.775,Alto,Priorizar contato consultivo e oferta de retenção personalizada.
15628219,0.775,Alto,Priorizar contato consultivo e oferta de retenção personalizada.
15648362,0.77,Alto,Priorizar contato consultivo e oferta de retenção personalizada.
15640034,0.77,Alto,Priorizar contato consultivo e oferta de retenção personalizada.
15646810,0.77,Alto,Priorizar contato consultivo e oferta de retenção personalizada.
15809100,0.77,Alto,Priorizar contato consultivo e oferta de retenção personalizada.
15777045,0.77,Alto,Priorizar contato consultivo e oferta de retenção personalizada.
15770039,0.77,Alto,Priorizar contato consultivo e oferta de retenção personalizada.
15586976,0.77,Alto,Priorizar contato consultivo e oferta de retenção personalizada.
15803202,0.77,Alto,Priorizar contato consultivo e oferta de retenção personalizada.
15634844,0.77,Alto,Priorizar contato consultivo e oferta de retenção personalizada.
15812607,0.77,Alto,Priorizar contato consultivo e oferta de retenção personalizada.
15778155,0.77,Alto,Priorizar contato consultivo e oferta de retenção personalizada.
15815095,0.77,Alto,Priorizar contato consultivo e oferta de retenção personalizada.
15664432,0.77,Alto,Priorizar contato consultivo e oferta de retenção personalizada.
15807008,0.77,Alto,Priorizar contato consultivo e oferta de retenção personalizada.
15585100,0.77,Alto,Priorizar contato consultivo e oferta de retenção personalizada.
15808544,0.77,Alto,Priorizar contato consultivo e oferta de retenção personalizada.
15633043,0.77,Alto,Priorizar contato consultivo e oferta de retenção personalizada.
15627876,0.77,Alto,Priorizar contato consultivo e oferta de retenção personalizada.
15736069,0.77,Alto,Priorizar contato consultivo e oferta de retenção personalizada.
15578799,0.77,Alto,Priorizar contato consultivo e oferta de retenção personalizada.
15593510,0.765,Alto,Priorizar contato consultivo e oferta de retenção personalizada.
15596992,0.765,Alto,Priorizar contato consultivo e oferta de retenção personalizada.
15581440,0.765,Alto,Priorizar contato consultivo e oferta de retenção personalizada.
15792650,0.765,Alto,Priorizar contato consultivo e oferta de retenção personalizada.
15736078,0.765,Alto,Priorizar contato consultivo e oferta de retenção personalizada.
15578297,0.765,Alto,Priorizar contato consultivo e oferta de retenção personalizada.
15727490,0.765,Alto,Priorizar contato consultivo e oferta de retenção personalizada.
15699523,0.765,Alto,Priorizar contato consultivo e oferta de retenção personalizada.
15634950,0.765,Alto,Priorizar contato consultivo e oferta de retenção personalizada.
15662337,0.765,Alto,Priorizar contato consultivo e oferta de retenção personalizada.
15749068,0.765,Alto,Priorizar contato consultivo e oferta de retenção personalizada.
15806467,0.765,Alto,Priorizar contato consultivo e oferta de retenção personalizada.
15567860,0.765,Alto,Priorizar contato consultivo e oferta de retenção personalizada.
15750638,0.765,Alto,Priorizar contato consultivo e oferta de retenção personalizada.
15603749,0.765,Alto,Priorizar contato consultivo e oferta de retenção personalizada.
15797475,0.765,Alto,Priorizar contato consultivo e oferta de retenção personalizada.
15658982,0.765,Alto,Priorizar contato consultivo e oferta de retenção personalizada.
15781802,0.765,Alto,Priorizar contato consultivo e oferta de retenção personalizada.
15600337,0.765,Alto,Priorizar contato consultivo e oferta de retenção personalizada.
15570601,0.765,Alto,Priorizar contato consultivo e oferta de retenção personalizada.
15800287,0.765,Alto,Priorizar contato consultivo e oferta de retenção personalizada.
15793307,0.765,Alto,Priorizar contato consultivo e oferta de retenção personalizada.
15768342,0.765,Alto,Priorizar contato consultivo e oferta de retenção personalizada.
15583548,0.765,Alto,Priorizar contato consultivo e oferta de retenção personalizada.
15774192,0.765,Alto,Priorizar contato consultivo e oferta de retenção personalizada.
15721007,0.765,Alto,Priorizar contato consultivo e oferta de retenção personalizada.
15623944,0.765,Alto,Priorizar contato consultivo e oferta de retenção personalizada.
15606097,0.765,Alto,Priorizar contato consultivo e oferta de retenção personalizada.
15662501,0.76,Alto,Priorizar contato consultivo e oferta de retenção personalizada.
15735246,0.76,Alto,Priorizar contato consultivo e oferta de retenção personalizada.
15629338,0.76,Alto,Priorizar contato consultivo e oferta de retenção personalizada.
15758901,0.76,Alto,Priorizar contato consultivo e oferta de retenção personalizada.
15789109,0.76,Alto,Priorizar contato consultivo e oferta de retenção personalizada.
15580579,0.76,Alto,Priorizar contato consultivo e oferta de retenção personalizada.
15721658,0.76,Alto,Priorizar contato consultivo e oferta de retenção personalizada.
15576065,0.76,Alto,Priorizar contato consultivo e oferta de retenção personalizada.
15589715,0.76,Alto,Priorizar contato consultivo e oferta de retenção personalizada.
15584536,0.76,Alto,Priorizar contato consultivo e oferta de retenção personalizada.
15781598,0.76,Alto,Priorizar contato consultivo e oferta de retenção personalizada.
15806438,0.76,Alto,Priorizar contato consultivo e oferta de retenção personalizada.
15607347,0.76,Alto,Priorizar contato consultivo e oferta de retenção personalizada.
15788480,0.76,Alto,Priorizar contato consultivo e oferta de retenção personalizada.
15589698,0.76,Alto,Priorizar contato consultivo e oferta de retenção personalizada.
15730076,0.76,Alto,Priorizar contato consultivo e oferta de retenção personalizada.
15608701,0.76,Alto,Priorizar contato consultivo e oferta de retenção personalizada.
15673020,0.76,Alto,Priorizar contato consultivo e oferta de retenção personalizada.
15790810,0.76,Alto,Priorizar contato consultivo e oferta de retenção personalizada.
15724223,0.76,Alto,Priorizar contato consultivo e oferta de retenção personalizada.
15640078,0.76,Alto,Priorizar contato consultivo e oferta de retenção personalizada.
15662884,0.76,Alto,Priorizar contato consultivo e oferta de retenção personalizada.
15585287,0.76,Alto,Priorizar contato consultivo e oferta de retenção personalizada.
15566708,0.76,Alto,Priorizar contato consultivo e oferta de retenção personalizada.
15762729,0.76,Alto,Priorizar contato consultivo e oferta de retenção personalizada.
15618255,0.76,Alto,Priorizar contato consultivo e oferta de retenção personalizada.
15710164,0.76,Alto,Priorizar contato consultivo e oferta de retenção personalizada.
15682048,0.76,Alto,Priorizar contato consultivo e oferta de retenção personalizada.
15726490,0.76,Alto,Priorizar contato consultivo e oferta de retenção personalizada.
15757867,0.755,Alto,Priorizar contato consultivo e oferta de retenção personalizada.
15646859,0.755,Alto,Priorizar contato consultivo e oferta de retenção personalizada.
15643024,0.755,Alto,Priorizar contato consultivo e oferta de retenção personalizada.
15716491,0.755,Alto,Priorizar contato consultivo e oferta de retenção personalizada.
15797219,0.755,Alto,Priorizar contato consultivo e oferta de retenção personalizada.
15744689,0.755,Alto,Priorizar contato consultivo e oferta de retenção personalizada.
15723950,0.755,Alto,Priorizar contato consultivo e oferta de retenção personalizada.
15704763,0.755,Alto,Priorizar contato consultivo e oferta de retenção personalizada.
15785782,0.755,Alto,Priorizar contato consultivo e oferta de retenção personalizada.
15743245,0.755,Alto,Priorizar contato consultivo e oferta de retenção personalizada.
15623107,0.755,Alto,Priorizar contato consultivo e oferta de retenção personalizada.
15791533,0.755,Alto,Priorizar contato consultivo e oferta de retenção personalizada.
15784320,0.755,Alto,Priorizar contato consultivo e oferta de retenção personalizada.
15750335,0.755,Alto,Priorizar contato consultivo e oferta de retenção personalizada.
15604706,0.755,Alto,Priorizar contato consultivo e oferta de retenção personalizada.
15585249,0.755,Alto,Priorizar contato consultivo e oferta de retenção personalizada.
15690021,0.755,Alto,Priorizar contato consultivo e oferta de retenção personalizada.
15756751,0.755,Alto,Priorizar contato consultivo e oferta de retenção personalizada.
15681026,0.755,Alto,Priorizar contato consultivo e oferta de retenção personalizada.
15602280,0.755,Alto,Priorizar contato consultivo e oferta de retenção personalizada.
15797329,0.755,Alto,Priorizar contato consultivo e oferta de retenção personalizada.
15645572,0.755,Alto,Priorizar contato consultivo e oferta de retenção personalizada.
15788723,0.755,Alto,Priorizar contato consultivo e oferta de retenção personalizada.
15700300,0.755,Alto,Priorizar contato consultivo e oferta de retenção personalizada.
15613854,0.755,Alto,Priorizar contato consultivo e oferta de retenção personalizada.
15782360,0.755,Alto,Priorizar contato consultivo e oferta de retenção personalizada.
15747503,0.755,Alto,Priorizar contato consultivo e oferta de retenção personalizada.
15675926,0.755,Alto,Priorizar contato consultivo e oferta de retenção personalizada.
15809087,0.75,Alto,Priorizar contato consultivo e oferta de retenção personalizada.
15801265,0.75,Alto,Priorizar contato consultivo e oferta de retenção personalizada.
15627360,0.75,Alto,Priorizar contato consultivo e oferta de retenção personalizada.
15768233,0.75,Alto,Priorizar contato consultivo e oferta de retenção personalizada.
15668669,0.75,Alto,Priorizar contato consultivo e oferta de retenção personalizada.
15658929,0.75,Alto,Priorizar contato consultivo e oferta de retenção personalizada.
15569682,0.75,Alto,Priorizar contato consultivo e oferta de retenção personalizada.
15733261,0.75,Alto,Priorizar contato consultivo e oferta de retenção personalizada.
15727177,0.75,Alto,Priorizar contato consultivo e oferta de retenção personalizada.
15710743,0.75,Alto,Priorizar contato consultivo e oferta de retenção personalizada.
15803749,0.75,Alto,Priorizar contato consultivo e oferta de retenção personalizada.
15675964,0.75,Alto,Priorizar contato consultivo e oferta de retenção personalizada.
15685329,0.75,Alto,Priorizar contato consultivo e oferta de retenção personalizada.
15597602,0.75,Alto,Priorizar contato consultivo e oferta de retenção personalizada.
15773221,0.75,Alto,Priorizar contato consultivo e oferta de retenção personalizada.
15677105,0.75,Alto,Priorizar contato consultivo e oferta de retenção personalizada.
15633352,0.75,Alto,Priorizar contato consultivo e oferta de retenção personalizada.
15669782,0.75,Alto,Priorizar contato consultivo e oferta de retenção personalizada.
15756610,0.75,Alto,Priorizar contato consultivo e oferta de retenção personalizada.
15677804,0.75,Alto,Priorizar contato consultivo e oferta de retenção personalizada.
15666295,0.75,Alto,Priorizar contato consultivo e oferta de retenção personalizada.
15611186,0.75,Alto,Priorizar contato consultivo e oferta de retenção personalizada.
15729954,0.75,Alto,Priorizar contato consultivo e oferta de retenção personalizada.
15702912,0.745,Alto,Priorizar contato consultivo e oferta de retenção personalizada.
15655436,0.745,Alto,Priorizar contato consultivo e oferta de retenção personalizada.
15813974,0.745,Alto,Priorizar contato consultivo e oferta de retenção personalizada.
15706815,0.745,Alto,Priorizar contato consultivo e oferta de retenção personalizada.
15647842,0.745,Alto,Priorizar contato consultivo e oferta de retenção personalizada.
15723008,0.745,Alto,Priorizar contato consultivo e oferta de retenção personalizada.
15701537,0.745,Alto,Priorizar contato consultivo e oferta de retenção personalizada.
15712807,0.745,Alto,Priorizar contato consultivo e oferta de retenção personalizada.
15680517,0.745,Alto,Priorizar contato consultivo e oferta de retenção personalizada.
15777060,0.745,Alto,Priorizar contato consultivo e oferta de retenção personalizada.
15738501,0.745,Alto,Priorizar contato consultivo e oferta de retenção personalizada.
15768072,0.745,Alto,Priorizar contato consultivo e oferta de retenção personalizada.
15586479,0.745,Alto,Priorizar contato consultivo e oferta de retenção personalizada.
15674148,0.745,Alto,Priorizar contato consultivo e oferta de retenção personalizada.
15804394,0.745,Alto,Priorizar contato consultivo e oferta de retenção personalizada.
15698786,0.745,Alto,Priorizar contato consultivo e oferta de retenção personalizada.
15763029,0.745,Alto,Priorizar contato consultivo e oferta de retenção personalizada.
15625545,0.745,Alto,Priorizar contato consultivo e oferta de retenção personalizada.
15701301,0.745,Alto,Priorizar contato consultivo e oferta de retenção personalizada.
15612092,0.745,Alto,Priorizar contato consultivo e oferta de retenção personalizada.
15663987,0.745,Alto,Priorizar contato consultivo e oferta de retenção personalizada.
15753092,0.745,Alto,Priorizar contato consultivo e oferta de retenção personalizada.
15759066,0.745,Alto,Priorizar contato consultivo e oferta de retenção personalizada.
15684669,0.745,Alto,Priorizar contato consultivo e oferta de retenção personalizada.
15641312,0.745,Alto,Priorizar contato consultivo e oferta de retenção personalizada.
15744607,0.745,Alto,Priorizar contato consultivo e oferta de retenção personalizada.
15640521,0.745,Alto,Priorizar contato consultivo e oferta de retenção personalizada.
15688691,0.745,Alto,Priorizar contato consultivo e oferta de retenção personalizada.
15709117,0.745,Alto,Priorizar contato consultivo e oferta de retenção personalizada.
15623063,0.745,Alto,Priorizar contato consultivo e oferta de retenção personalizada.
15584156,0.745,Alto,Priorizar contato consultivo e oferta de retenção personalizada.
15666095,0.74,Alto,Priorizar contato consultivo e oferta de retenção personalizada.
15582519,0.74,Alto,Priorizar contato consultivo e oferta de retenção personalizada.
15644692,0.74,Alto,Priorizar contato consultivo e oferta de retenção personalizada.
15755262,0.74,Alto,Priorizar contato consultivo e oferta de retenção personalizada.
15747288,0.74,Alto,Priorizar contato consultivo e oferta de retenção personalizada.
15696287,0.74,Alto,Priorizar contato consultivo e oferta de retenção personalizada.
15722731,0.74,Alto,Priorizar contato consultivo e oferta de retenção personalizada.
15635660,0.74,Alto,Priorizar contato consultivo e oferta de retenção personalizada.
15772896,0.74,Alto,Priorizar contato consultivo e oferta de retenção personalizada.
15796334,0.74,Alto,Priorizar contato consultivo e oferta de retenção personalizada.
15644361,0.74,Alto,Priorizar contato consultivo e oferta de retenção personalizada.
15682268,0.74,Alto,Priorizar contato consultivo e oferta de retenção personalizada.
15776454,0.74,Alto,Priorizar contato consultivo e oferta de retenção personalizada.
15568032,0.74,Alto,Priorizar contato consultivo e oferta de retenção personalizada.
15691703,0.74,Alto,Priorizar contato consultivo e oferta de retenção personalizada.
15641416,0.74,Alto,Priorizar contato consultivo e oferta de retenção personalizada.
15592387,0.74,Alto,Priorizar contato consultivo e oferta de retenção personalizada.
15626787,0.74,Alto,Priorizar contato consultivo e oferta de retenção personalizada.
15569571,0.74,Alto,Priorizar contato consultivo e oferta de retenção personalizada.
15694860,0.74,Alto,Priorizar contato consultivo e oferta de retenção personalizada.
15724251,0.74,Alto,Priorizar contato consultivo e oferta de retenção personalizada.
15726720,0.74,Alto,Priorizar contato consultivo e oferta de retenção personalizada.
15682600,0.735,Alto,Priorizar contato consultivo e oferta de retenção personalizada.
15626612,0.735,Alto,Priorizar contato consultivo e oferta de retenção personalizada.
15664615,0.735,Alto,Priorizar contato consultivo e oferta de retenção personalizada.
15615207,0.735,Alto,Priorizar contato consultivo e oferta de retenção personalizada.
15582892,0.735,Alto,Priorizar contato consultivo e oferta de retenção personalizada.
15672374,0.735,Alto,Priorizar contato consultivo e oferta de retenção personalizada.
15662098,0.735,Alto,Priorizar contato consultivo e oferta de retenção personalizada.
15666270,0.735,Alto,Priorizar contato consultivo e oferta de retenção personalizada.
15778418,0.735,Alto,Priorizar contato consultivo e oferta de retenção personalizada.
15658052,0.735,Alto,Priorizar contato consultivo e oferta de retenção personalizada.
15729582,0.735,Alto,Priorizar contato consultivo e oferta de retenção personalizada.
15576550,0.735,Alto,Priorizar contato consultivo e oferta de retenção personalizada.
15685290,0.735,Alto,Priorizar contato consultivo e oferta de retenção personalizada.
15703037,0.735,Alto,Priorizar contato consultivo e oferta de retenção personalizada.
15684461,0.735,Alto,Priorizar contato consultivo e oferta de retenção personalizada.
15815490,0.735,Alto,Priorizar contato consultivo e oferta de retenção personalizada.
15668270,0.735,Alto,Priorizar contato consultivo e oferta de retenção personalizada.
15755521,0.735,Alto,Priorizar contato consultivo e oferta de retenção personalizada.
15717286,0.735,Alto,Priorizar contato consultivo e oferta de retenção personalizada.
15704788,0.735,Alto,Priorizar contato consultivo e oferta de retenção personalizada.
15679551,0.735,Alto,Priorizar contato consultivo e oferta de retenção personalizada.
15739578,0.735,Alto,Priorizar contato consultivo e oferta de retenção personalizada.
15654859,0.735,Alto,Priorizar contato consultivo e oferta de retenção personalizada.
15722965,0.735,Alto,Priorizar contato consultivo e oferta de retenção personalizada.
15716085,0.73,Alto,Priorizar contato consultivo e oferta de retenção personalizada.
15619972,0.73,Alto,Priorizar contato consultivo e oferta de retenção personalizada.
15773723,0.73,Alto,Priorizar contato consultivo e oferta de retenção personalizada.
15737104,0.73,Alto,Priorizar contato consultivo e oferta de retenção personalizada.
15654000,0.73,Alto,Priorizar contato consultivo e oferta de retenção personalizada.
15639117,0.73,Alto,Priorizar contato consultivo e oferta de retenção personalizada.
15704284,0.73,Alto,Priorizar contato consultivo e oferta de retenção personalizada.
15784526,0.73,Alto,Priorizar contato consultivo e oferta de retenção personalizada.
15774401,0.73,Alto,Priorizar contato consultivo e oferta de retenção personalizada.
15699415,0.73,Alto,Priorizar contato consultivo e oferta de retenção personalizada.
15806389,0.73,Alto,Priorizar contato consultivo e oferta de retenção personalizada.
15654390,0.73,Alto,Priorizar contato consultivo e oferta de retenção personalizada.
15809837,0.73,Alto,Priorizar contato consultivo e oferta de retenção personalizada.
15670584,0.73,Alto,Priorizar contato consultivo e oferta de retenção personalizada.
15602647,0.73,Alto,Priorizar contato consultivo e oferta de retenção personalizada.
15738318,0.73,Alto,Priorizar contato consultivo e oferta de retenção personalizada.
15725665,0.73,Alto,Priorizar contato consultivo e oferta de retenção personalizada.
15799300,0.73,Alto,Priorizar contato consultivo e oferta de retenção personalizada.
15663446,0.73,Alto,Priorizar contato consultivo e oferta de retenção personalizada.
15713826,0.73,Alto,Priorizar contato consultivo e oferta de retenção personalizada.
15658889,0.73,Alto,Priorizar contato consultivo e oferta de retenção personalizada.
15662751,0.73,Alto,Priorizar contato consultivo e oferta de retenção personalizada.
15807269,0.725,Alto,Priorizar contato consultivo e oferta de retenção personalizada.
15720305,0.725,Alto,Priorizar contato consultivo e oferta de retenção personalizada.
15657829,0.725,Alto,Priorizar contato consultivo e oferta de retenção personalizada.
15814405,0.725,Alto,Priorizar contato consultivo e oferta de retenção personalizada.
15636023,0.725,Alto,Priorizar contato consultivo e oferta de retenção personalizada.
15605020,0.725,Alto,Priorizar contato consultivo e oferta de retenção personalizada.
15595842,0.725,Alto,Priorizar contato consultivo e oferta de retenção personalizada.
15609704,0.725,Alto,Priorizar contato consultivo e oferta de retenção personalizada.
15737832,0.725,Alto,Priorizar contato consultivo e oferta de retenção personalizada.
15569432,0.725,Alto,Priorizar contato consultivo e oferta de retenção personalizada.
15634602,0.725,Alto,Priorizar contato consultivo e oferta de retenção personalizada.
15774586,0.725,Alto,Priorizar contato consultivo e oferta de retenção personalizada.
15579617,0.725,Alto,Priorizar contato consultivo e oferta de retenção personalizada.
15745295,0.725,Alto,Priorizar contato consultivo e oferta de retenção personalizada.
15719302,0.725,Alto,Priorizar contato consultivo e oferta de retenção personalizada.
15774882,0.725,Alto,Priorizar contato consultivo e oferta de retenção personalizada.
15777873,0.725,Alto,Priorizar contato consultivo e oferta de retenção personalizada.
15669011,0.725,Alto,Priorizar contato consultivo e oferta de retenção personalizada.
15720943,0.725,Alto,Priorizar contato consultivo e oferta de retenção personalizada.
15672152,0.725,Alto,Priorizar contato consultivo e oferta de retenção personalizada.
15627305,0.725,Alto,Priorizar contato consultivo e oferta de retenção personalizada.
15671293,0.725,Alto,Priorizar contato consultivo e oferta de retenção personalizada.
15631070,0.725,Alto,Priorizar contato consultivo e oferta de retenção personalizada.
15648800,0.725,Alto,Priorizar contato consultivo e oferta de retenção personalizada.
15734610,0.725,Alto,Priorizar contato consultivo e oferta de retenção personalizada.
15807163,0.725,Alto,Priorizar contato consultivo e oferta de retenção personalizada.
15610343,0.725,Alto,Priorizar contato consultivo e oferta de retenção personalizada.
15797276,0.72,Alto,Priorizar contato consultivo e oferta de retenção personalizada.
15601659,0.72,Alto,Priorizar contato consultivo e oferta de retenção personalizada.
15789560,0.72,Alto,Priorizar contato consultivo e oferta de retenção personalizada.
15793070,0.72,Alto,Priorizar contato consultivo e oferta de retenção personalizada.
15752026,0.72,Alto,Priorizar contato consultivo e oferta de retenção personalizada.
15754796,0.72,Alto,Priorizar contato consultivo e oferta de retenção personalizada.
15785705,0.72,Alto,Priorizar contato consultivo e oferta de retenção personalizada.
15601787,0.72,Alto,Priorizar contato consultivo e oferta de retenção personalizada.
15726179,0.72,Alto,Priorizar contato consultivo e oferta de retenção personalizada.
15720155,0.72,Alto,Priorizar contato consultivo e oferta de retenção personalizada.
15661034,0.72,Alto,Priorizar contato consultivo e oferta de retenção personalizada.
15771543,0.72,Alto,Priorizar contato consultivo e oferta de retenção personalizada.
15633112,0.72,Alto,Priorizar contato consultivo e oferta de retenção personalizada.
15720774,0.72,Alto,Priorizar contato consultivo e oferta de retenção personalizada.
15771742,0.72,Alto,Priorizar contato consultivo e oferta de retenção personalizada.
15772650,0.72,Alto,Priorizar contato consultivo e oferta de retenção personalizada.
15785654,0.72,Alto,Priorizar contato consultivo e oferta de retenção personalizada.
15729718,0.72,Alto,Priorizar contato consultivo e oferta de retenção personalizada.
15599722,0.72,Alto,Priorizar contato consultivo e oferta de retenção personalizada.
15708063,0.72,Alto,Priorizar contato consultivo e oferta de retenção personalizada.
15609011,0.72,Alto,Priorizar contato consultivo e oferta de retenção personalizada.
15679738,0.72,Alto,Priorizar contato consultivo e oferta de retenção personalizada.
15690925,0.72,Alto,Priorizar contato consultivo e oferta de retenção personalizada.
15663706,0.72,Alto,Priorizar contato consultivo e oferta de retenção personalizada.
15610972,0.72,Alto,Priorizar contato consultivo e oferta de retenção personalizada.
15668774,0.72,Alto,Priorizar contato consultivo e oferta de retenção personalizada.
15578045,0.72,Alto,Priorizar contato consultivo e oferta de retenção personalizada.
15629985,0.72,Alto,Priorizar contato consultivo e oferta de retenção personalizada.
15702801,0.72,Alto,Priorizar contato consultivo e oferta de retenção personalizada.
15809137,0.72,Alto,Priorizar contato consultivo e oferta de retenção personalizada.
15697360,0.72,Alto,Priorizar contato consultivo e oferta de retenção personalizada.
15758813,0.72,Alto,Priorizar contato consultivo e oferta de retenção personalizada.
15701936,0.72,Alto,Priorizar contato consultivo e oferta de retenção personalizada.
15812262,0.72,Alto,Priorizar contato consultivo e oferta de retenção personalizada.
15616676,0.72,Alto,Priorizar contato consultivo e oferta de retenção personalizada.
15697801,0.72,Alto,Priorizar contato consultivo e oferta de retenção personalizada.
15725141,0.72,Alto,Priorizar contato consultivo e oferta de retenção personalizada.
15671256,0.72,Alto,Priorizar contato consultivo e oferta de retenção personalizada.
15729557,0.72,Alto,Priorizar contato consultivo e oferta de retenção personalizada.
15616221,0.715,Alto,Priorizar contato consultivo e oferta de retenção personalizada.
15661162,0.715,Alto,Priorizar contato consultivo e oferta de retenção personalizada.
15585198,0.715,Alto,Priorizar contato consultivo e oferta de retenção personalizada.
15709994,0.715,Alto,Priorizar contato consultivo e oferta de retenção personalizada.
15661723,0.715,Alto,Priorizar contato consultivo e oferta de retenção personalizada.
15608588,0.715,Alto,Priorizar contato consultivo e oferta de retenção personalizada.
15796074,0.715,Alto,Priorizar contato consultivo e oferta de retenção personalizada.
15709920,0.715,Alto,Priorizar contato consultivo e oferta de retenção personalizada.
15729771,0.715,Alto,Priorizar contato consultivo e oferta de retenção personalizada.
15675896,0.715,Alto,Priorizar contato consultivo e oferta de retenção personalizada.
15692443,0.715,Alto,Priorizar contato consultivo e oferta de retenção personalizada.
15571305,0.715,Alto,Priorizar contato consultivo e oferta de retenção personalizada.
15570087,0.715,Alto,Priorizar contato consultivo e oferta de retenção personalizada.
15791279,0.715,Alto,Priorizar contato consultivo e oferta de retenção personalizada.
15675380,0.715,Alto,Priorizar contato consultivo e oferta de retenção personalizada.
15578141,0.715,Alto,Priorizar contato consultivo e oferta de retenção personalizada.
15706163,0.715,Alto,Priorizar contato consultivo e oferta de retenção personalizada.
15773868,0.715,Alto,Priorizar contato consultivo e oferta de retenção personalizada.
15591091,0.715,Alto,Priorizar contato consultivo e oferta de retenção personalizada.
15613772,0.715,Alto,Priorizar contato consultivo e oferta de retenção personalizada.
15710365,0.715,Alto,Priorizar contato consultivo e oferta de retenção personalizada.
15574761,0.715,Alto,Priorizar contato consultivo e oferta de retenção personalizada.
15744327,0.715,Alto,Priorizar contato consultivo e oferta de retenção personalizada.
15602731,0.715,Alto,Priorizar contato consultivo e oferta de retenção personalizada.
15623369,0.71,Alto,Priorizar contato consultivo e oferta de retenção personalizada.
15664543,0.71,Alto,Priorizar contato consultivo e oferta de retenção personalizada.
15664860,0.71,Alto,Priorizar contato consultivo e oferta de retenção personalizada.
15717191,0.71,Alto,Priorizar contato consultivo e oferta de retenção personalizada.
15776348,0.71,Alto,Priorizar contato consultivo e oferta de retenção personalizada.
15758845,0.71,Alto,Priorizar contato consultivo e oferta de retenção personalizada.
15603096,0.71,Alto,Priorizar contato consultivo e oferta de retenção personalizada.
15785559,0.71,Alto,Priorizar contato consultivo e oferta de retenção personalizada.
15714575,0.71,Alto,Priorizar contato consultivo e oferta de retenção personalizada.
15785490,0.71,Alto,Priorizar contato consultivo e oferta de retenção personalizada.
15636592,0.71,Alto,Priorizar contato consultivo e oferta de retenção personalizada.
15766017,0.71,Alto,Priorizar contato consultivo e oferta de retenção personalizada.
15569807,0.71,Alto,Priorizar contato consultivo e oferta de retenção personalizada.
15804709,0.71,Alto,Priorizar contato consultivo e oferta de retenção personalizada.
15630617,0.71,Alto,Priorizar contato consultivo e oferta de retenção personalizada.
15720636,0.71,Alto,Priorizar contato consultivo e oferta de retenção personalizada.
15718281,0.71,Alto,Priorizar contato consultivo e oferta de retenção personalizada.
15653275,0.71,Alto,Priorizar contato consultivo e oferta de retenção personalizada.
15715673,0.71,Alto,Priorizar contato consultivo e oferta de retenção personalizada.
15581036,0.71,Alto,Priorizar contato consultivo e oferta de retenção personalizada.
15780989,0.71,Alto,Priorizar contato consultivo e oferta de retenção personalizada.
15654456,0.71,Alto,Priorizar contato consultivo e oferta de retenção personalizada.
15655175,0.71,Alto,Priorizar contato consultivo e oferta de retenção personalizada.
15596671,0.71,Alto,Priorizar contato consultivo e oferta de retenção personalizada.
15804797,0.71,Alto,Priorizar contato consultivo e oferta de retenção personalizada.
15630698,0.71,Alto,Priorizar contato consultivo e oferta de retenção personalizada.
15689598,0.71,Alto,Priorizar contato consultivo e oferta de retenção personalizada.
15669589,0.71,Alto,Priorizar contato consultivo e oferta de retenção personalizada.
15729489,0.71,Alto,Priorizar contato consultivo e oferta de retenção personalizada.
15617052,0.71,Alto,Priorizar contato consultivo e oferta de retenção personalizada.
15725906,0.705,Alto,Priorizar contato consultivo e oferta de retenção personalizada.
15807900,0.705,Alto,Priorizar contato consultivo e oferta de retenção personalizada.
15769596,0.705,Alto,Priorizar contato consultivo e oferta de retenção personalizada.
15697424,0.705,Alto,Priorizar contato consultivo e oferta de retenção personalizada.
15644994,0.705,Alto,Priorizar contato consultivo e oferta de retenção personalizada.
15588904,0.705,Alto,Priorizar contato consultivo e oferta de retenção personalizada.
15800746,0.705,Alto,Priorizar contato consultivo e oferta de retenção personalizada.
15648881,0.705,Alto,Priorizar contato consultivo e oferta de retenção personalizada.
15673439,0.705,Alto,Priorizar contato consultivo e oferta de retenção personalizada.
15694666,0.705,Alto,Priorizar contato consultivo e oferta de retenção personalizada.
15760294,0.705,Alto,Priorizar contato consultivo e oferta de retenção personalizada.
15600392,0.705,Alto,Priorizar contato consultivo e oferta de retenção personalizada.
15594515,0.705,Alto,Priorizar contato consultivo e oferta de retenção personalizada.
15693376,0.705,Alto,Priorizar contato consultivo e oferta de retenção personalizada.
15682868,0.705,Alto,Priorizar contato consultivo e oferta de retenção personalizada.
15664668,0.705,Alto,Priorizar contato consultivo e oferta de retenção personalizada.
15579826,0.705,Alto,Priorizar contato consultivo e oferta de retenção personalizada.
15606887,0.705,Alto,Priorizar contato consultivo e oferta de retenção personalizada.
15646372,0.705,Alto,Priorizar contato consultivo e oferta de retenção personalizada.
15608653,0.705,Alto,Priorizar contato consultivo e oferta de retenção personalizada.
15608406,0.705,Alto,Priorizar contato consultivo e oferta de retenção personalizada.
15657342,0.705,Alto,Priorizar contato consultivo e oferta de retenção personalizada.
15641688,0.705,Alto,Priorizar contato consultivo e oferta de retenção personalizada.
15664897,0.705,Alto,Priorizar contato consultivo e oferta de retenção personalizada.
15628936,0.7,Alto,Priorizar contato consultivo e oferta de retenção personalizada.
15656683,0.7,Alto,Priorizar contato consultivo e oferta de retenção personalizada.
15567506,0.7,Alto,Priorizar contato consultivo e oferta de retenção personalizada.
15763907,0.7,Alto,Priorizar contato consultivo e oferta de retenção personalizada.
15595228,0.7,Alto,Priorizar contato consultivo e oferta de retenção personalizada.
15641158,0.7,Alto,Priorizar contato consultivo e oferta de retenção personalizada.
15732281,0.7,Alto,Priorizar contato consultivo e oferta de retenção personalizada.
15762169,0.7,Alto,Priorizar contato consultivo e oferta de retenção personalizada.
15566378,0.7,Alto,Priorizar contato consultivo e oferta de retenção personalizada.
15728456,0.7,Alto,Priorizar contato consultivo e oferta de retenção personalizada.
15643487,0.7,Alto,Priorizar contato consultivo e oferta de retenção personalizada.
15700212,0.7,Alto,Priorizar contato consultivo e oferta de retenção personalizada.
15674678,0.7,Alto,Priorizar contato consultivo e oferta de retenção personalizada.
15586523,0.7,Alto,Priorizar contato consultivo e oferta de retenção personalizada.
15761168,0.7,Alto,Priorizar contato consultivo e oferta de retenção personalizada.
15704168,0.7,Alto,Priorizar contato consultivo e oferta de retenção personalizada.
15650575,0.7,Alto,Priorizar contato consultivo e oferta de retenção personalizada.
15635396,0.7,Alto,Priorizar contato consultivo e oferta de retenção personalizada.
15578671,0.7,Alto,Priorizar contato consultivo e oferta de retenção personalizada.
15663441,0.7,Alto,Priorizar contato consultivo e oferta de retenção personalizada.
15566030,0.7,Alto,Priorizar contato consultivo e oferta de retenção personalizada.
15757408,0.7,Alto,Priorizar contato consultivo e oferta de retenção personalizada.
15674328,0.7,Alto,Priorizar contato consultivo e oferta de retenção personalizada.
15574012,0.7,Alto,Priorizar contato consultivo e oferta de retenção personalizada.
15593283,0.7,Alto,Priorizar contato consultivo e oferta de retenção personalizada.
15768495,0.695,Alto,Priorizar contato consultivo e oferta de retenção personalizada.
15674922,0.695,Alto,Priorizar contato consultivo e oferta de retenção personalizada.
15605286,0.695,Alto,Priorizar contato consultivo e oferta de retenção personalizada.
15576935,0.695,Alto,Priorizar contato consultivo e oferta de retenção personalizada.
15623219,0.695,Alto,Priorizar contato consultivo e oferta de retenção personalizada.
15639278,0.695,Alto,Priorizar contato consultivo e oferta de retenção personalizada.
15804962,0.695,Alto,Priorizar contato consultivo e oferta de retenção personalizada.
15700394,0.695,Alto,Priorizar contato consultivo e oferta de retenção personalizada.
15713845,0.695,Alto,Priorizar contato consultivo e oferta de retenção personalizada.
15605742,0.695,Alto,Priorizar contato consultivo e oferta de retenção personalizada.
15707968,0.695,Alto,Priorizar contato consultivo e oferta de retenção personalizada.
15580914,0.695,Alto,Priorizar contato consultivo e oferta de retenção personalizada.
15710034,0.695,Alto,Priorizar contato consultivo e oferta de retenção personalizada.
15775067,0.695,Alto,Priorizar contato consultivo e oferta de retenção personalizada.
15760216,0.695,Alto,Priorizar contato consultivo e oferta de retenção personalizada.
15595426,0.695,Alto,Priorizar contato consultivo e oferta de retenção personalizada.
15643916,0.695,Alto,Priorizar contato consultivo e oferta de retenção personalizada.
15720511,0.695,Alto,Priorizar contato consultivo e oferta de retenção personalizada.
15807525,0.695,Alto,Priorizar contato consultivo e oferta de retenção personalizada.
15710315,0.695,Alto,Priorizar contato consultivo e oferta de retenção personalizada.
15770995,0.695,Alto,Priorizar contato consultivo e oferta de retenção personalizada.
15650442,0.695,Alto,Priorizar contato consultivo e oferta de retenção personalizada.
15624519,0.695,Alto,Priorizar contato consultivo e oferta de retenção personalizada.
15583137,0.695,Alto,Priorizar contato consultivo e oferta de retenção personalizada.
15780805,0.695,Alto,Priorizar contato consultivo e oferta de retenção personalizada.
15752081,0.695,Alto,Priorizar contato consultivo e oferta de retenção personalizada.
15588449,0.695,Alto,Priorizar contato consultivo e oferta de retenção personalizada.
15798256,0.695,Alto,Priorizar contato consultivo e oferta de retenção personalizada.
15590337,0.695,Alto,Priorizar contato consultivo e oferta de retenção personalizada.
15648577,0.695,Alto,Priorizar contato consultivo e oferta de retenção personalizada.
15737795,0.695,Alto,Priorizar contato consultivo e oferta de retenção personalizada.
15774857,0.695,Alto,Priorizar contato consultivo e oferta de retenção personalizada.
15785352,0.695,Alto,Priorizar contato consultivo e oferta de retenção personalizada.
15576196,0.695,Alto,Priorizar contato consultivo e oferta de retenção personalizada.
15621004,0.695,Alto,Priorizar contato consultivo e oferta de retenção personalizada.
15638355,0.69,Alto,Priorizar contato consultivo e oferta de retenção personalizada.
15681878,0.69,Alto,Priorizar contato consultivo e oferta de retenção personalizada.
15659567,0.69,Alto,Priorizar contato consultivo e oferta de retenção personalizada.
15680430,0.69,Alto,Priorizar contato consultivo e oferta de retenção personalizada.
15813067,0.69,Alto,Priorizar contato consultivo e oferta de retenção personalizada.
15677921,0.69,Alto,Priorizar contato consultivo e oferta de retenção personalizada.
15766826,0.69,Alto,Priorizar contato consultivo e oferta de retenção personalizada.
15577313,0.69,Alto,Priorizar contato consultivo e oferta de retenção personalizada.
15769353,0.69,Alto,Priorizar contato consultivo e oferta de retenção personalizada.
15691817,0.69,Alto,Priorizar contato consultivo e oferta de retenção personalizada.
15589076,0.69,Alto,Priorizar contato consultivo e oferta de retenção personalizada.
15567630,0.69,Alto,Priorizar contato consultivo e oferta de retenção personalizada.
15701280,0.69,Alto,Priorizar contato consultivo e oferta de retenção personalizada.
15616454,0.69,Alto,Priorizar contato consultivo e oferta de retenção personalizada.
15591986,0.69,Alto,Priorizar contato consultivo e oferta de retenção personalizada.
15768763,0.69,Alto,Priorizar contato consultivo e oferta de retenção personalizada.
15605279,0.69,Alto,Priorizar contato consultivo e oferta de retenção personalizada.
15727299,0.69,Alto,Priorizar contato consultivo e oferta de retenção personalizada.
15584090,0.69,Alto,Priorizar contato consultivo e oferta de retenção personalizada.
15735572,0.69,Alto,Priorizar contato consultivo e oferta de retenção personalizada.
15782181,0.69,Alto,Priorizar contato consultivo e oferta de retenção personalizada.
15571586,0.69,Alto,Priorizar contato consultivo e oferta de retenção personalizada.
15642824,0.69,Alto,Priorizar contato consultivo e oferta de retenção personalizada.
15749951,0.69,Alto,Priorizar contato consultivo e oferta de retenção personalizada.
15672447,0.69,Alto,Priorizar contato consultivo e oferta de retenção personalizada.
15772559,0.69,Alto,Priorizar contato consultivo e oferta de retenção personalizada.
15791513,0.69,Alto,Priorizar contato consultivo e oferta de retenção personalizada.
15787693,0.69,Alto,Priorizar contato consultivo e oferta de retenção personalizada.
15748414,0.69,Alto,Priorizar contato consultivo e oferta de retenção personalizada.
15775905,0.69,Alto,Priorizar contato consultivo e oferta de retenção personalizada.
15737741,0.69,Alto,Priorizar contato consultivo e oferta de retenção personalizada.
15603914,0.69,Alto,Priorizar contato consultivo e oferta de retenção personalizada.
15679249,0.69,Alto,Priorizar contato consultivo e oferta de retenção personalizada.
15689351,0.69,Alto,Priorizar contato consultivo e oferta de retenção personalizada.
15661821,0.69,Alto,Priorizar contato consultivo e oferta de retenção personalizada.
15607312,0.69,Alto,Priorizar contato consultivo e oferta de retenção personalizada.
15645271,0.69,Alto,Priorizar contato consultivo e oferta de retenção personalizada.
15772412,0.69,Alto,Priorizar contato consultivo e oferta de retenção personalizada.
15788556,0.685,Alto,Priorizar contato consultivo e oferta de retenção personalizada.
15680201,0.685,Alto,Priorizar contato consultivo e oferta de retenção personalizada.
15647306,0.685,Alto,Priorizar contato consultivo e oferta de retenção personalizada.
15590234,0.685,Alto,Priorizar contato consultivo e oferta de retenção personalizada.
15640507,0.685,Alto,Priorizar contato consultivo e oferta de retenção personalizada.
15650026,0.685,Alto,Priorizar contato consultivo e oferta de retenção personalizada.
15725679,0.685,Alto,Priorizar contato consultivo e oferta de retenção personalizada.
15687329,0.685,Alto,Priorizar contato consultivo e oferta de retenção personalizada.
15644174,0.685,Alto,Priorizar contato consultivo e oferta de retenção personalizada.
15689081,0.685,Alto,Priorizar contato consultivo e oferta de retenção personalizada.
15787529,0.685,Alto,Priorizar contato consultivo e oferta de retenção personalizada.
15587038,0.685,Alto,Priorizar contato consultivo e oferta de retenção personalizada.
15729110,0.685,Alto,Priorizar contato consultivo e oferta de retenção personalizada.
15570932,0.685,Alto,Priorizar contato consultivo e oferta de retenção personalizada.
15570060,0.685,Alto,Priorizar contato consultivo e oferta de retenção personalizada.
15714391,0.685,Alto,Priorizar contato consultivo e oferta de retenção personalizada.
15779862,0.685,Alto,Priorizar contato consultivo e oferta de retenção personalizada.
15623202,0.685,Alto,Priorizar contato consultivo e oferta de retenção personalizada.
15696852,0.685,Alto,Priorizar contato consultivo e oferta de retenção personalizada.
15707362,0.685,Alto,Priorizar contato consultivo e oferta de retenção personalizada.
15806956,0.685,Alto,Priorizar contato consultivo e oferta de retenção personalizada.
15646366,0.685,Alto,Priorizar contato consultivo e oferta de retenção personalizada.
15749583,0.685,Alto,Priorizar contato consultivo e oferta de retenção personalizada.
15632503,0.685,Alto,Priorizar contato consultivo e oferta de retenção personalizada.
15669987,0.685,Alto,Priorizar contato consultivo e oferta de retenção personalizada.
15613630,0.685,Alto,Priorizar contato consultivo e oferta de retenção personalizada.
15769703,0.685,Alto,Priorizar contato consultivo e oferta de retenção personalizada.
15631189,0.685,Alto,Priorizar contato consultivo e oferta de retenção personalizada.
15672754,0.68,Alto,Priorizar contato consultivo e oferta de retenção personalizada.
15686936,0.68,Alto,Priorizar contato consultivo e oferta de retenção personalizada.
15591740,0.68,Alto,Priorizar contato consultivo e oferta de retenção personalizada.
15699095,0.68,Alto,Priorizar contato consultivo e oferta de retenção personalizada.
15784042,0.68,Alto,Priorizar contato consultivo e oferta de retenção personalizada.
15777459,0.68,Alto,Priorizar contato consultivo e oferta de retenção personalizada.
15692575,0.68,Alto,Priorizar contato consultivo e oferta de retenção personalizada.
15760446,0.68,Alto,Priorizar contato consultivo e oferta de retenção personalizada.
15654700,0.68,Alto,Priorizar contato consultivo e oferta de retenção personalizada.
15681476,0.68,Alto,Priorizar contato consultivo e oferta de retenção personalizada.
15683625,0.68,Alto,Priorizar contato consultivo e oferta de retenção personalizada.
15806230,0.68,Alto,Priorizar contato consultivo e oferta de retenção personalizada.
15649616,0.68,Alto,Priorizar contato consultivo e oferta de retenção personalizada.
15573171,0.68,Alto,Priorizar contato consultivo e oferta de retenção personalizada.
15696301,0.68,Alto,Priorizar contato consultivo e oferta de retenção personalizada.
15612064,0.68,Alto,Priorizar contato consultivo e oferta de retenção personalizada.
15730394,0.68,Alto,Priorizar contato consultivo e oferta de retenção personalizada.
15613749,0.68,Alto,Priorizar contato consultivo e oferta de retenção personalizada.
15582741,0.68,Alto,Priorizar contato consultivo e oferta de retenção personalizada.
15627995,0.68,Alto,Priorizar contato consultivo e oferta de retenção personalizada.
15642098,0.68,Alto,Priorizar contato consultivo e oferta de retenção personalizada.
15774151,0.68,Alto,Priorizar contato consultivo e oferta de retenção personalizada.
15684319,0.68,Alto,Priorizar contato consultivo e oferta de retenção personalizada.
15622217,0.68,Alto,Priorizar contato consultivo e oferta de retenção personalizada.
15659651,0.68,Alto,Priorizar contato consultivo e oferta de retenção personalizada.
15696514,0.68,Alto,Priorizar contato consultivo e oferta de retenção personalizada.
15710689,0.68,Alto,Priorizar contato consultivo e oferta de retenção personalizada.
15662426,0.68,Alto,Priorizar contato consultivo e oferta de retenção personalizada.
15688951,0.68,Alto,Priorizar contato consultivo e oferta de retenção personalizada.
15676937,0.68,Alto,Priorizar contato consultivo e oferta de retenção personalizada.
15768137,0.68,Alto,Priorizar contato consultivo e oferta de retenção personalizada.
15636624,0.68,Alto,Priorizar contato consultivo e oferta de retenção personalizada.
15663134,0.675,Alto,Priorizar contato consultivo e oferta de retenção personalizada.
15713354,0.675,Alto,Priorizar contato consultivo e oferta de retenção personalizada.
15657535,0.675,Alto,Priorizar contato consultivo e oferta de retenção personalizada.
15596181,0.675,Alto,Priorizar contato consultivo e oferta de retenção personalizada.
15668575,0.675,Alto,Priorizar contato consultivo e oferta de retenção personalizada.
15690169,0.675,Alto,Priorizar contato consultivo e oferta de retenção personalizada.
15757952,0.675,Alto,Priorizar contato consultivo e oferta de retenção personalizada.
15753840,0.675,Alto,Priorizar contato consultivo e oferta de retenção personalizada.
15573599,0.675,Alto,Priorizar contato consultivo e oferta de retenção personalizada.
15636999,0.675,Alto,Priorizar contato consultivo e oferta de retenção personalizada.
15598086,0.675,Alto,Priorizar contato consultivo e oferta de retenção personalizada.
15720919,0.675,Alto,Priorizar contato consultivo e oferta de retenção personalizada.
15665180,0.675,Alto,Priorizar contato consultivo e oferta de retenção personalizada.
15690743,0.675,Alto,Priorizar contato consultivo e oferta de retenção personalizada.
15591512,0.675,Alto,Priorizar contato consultivo e oferta de retenção personalizada.
15565706,0.675,Alto,Priorizar contato consultivo e oferta de retenção personalizada.
15598744,0.675,Alto,Priorizar contato consultivo e oferta de retenção personalizada.
15730688,0.675,Alto,Priorizar contato consultivo e oferta de retenção personalizada.
15583840,0.675,Alto,Priorizar contato consultivo e oferta de retenção personalizada.
15597709,0.675,Alto,Priorizar contato consultivo e oferta de retenção personalizada.
15699772,0.675,Alto,Priorizar contato consultivo e oferta de retenção personalizada.
15670646,0.675,Alto,Priorizar contato consultivo e oferta de retenção personalizada.
15755405,0.675,Alto,Priorizar contato consultivo e oferta de retenção personalizada.
15698528,0.675,Alto,Priorizar contato consultivo e oferta de retenção personalizada.
15681410,0.675,Alto,Priorizar contato consultivo e oferta de retenção personalizada.
15694200,0.675,Alto,Priorizar contato consultivo e oferta de retenção personalizada.
15580701,0.675,Alto,Priorizar contato consultivo e oferta de retenção personalizada.
15642041,0.675,Alto,Priorizar contato consultivo e oferta de retenção personalizada.
15775294,0.675,Alto,Priorizar contato consultivo e oferta de retenção personalizada.
15631305,0.675,Alto,Priorizar contato consultivo e oferta de retenção personalizada.
15635034,0.675,Alto,Priorizar contato consultivo e oferta de retenção personalizada.
15765257,0.675,Alto,Priorizar contato consultivo e oferta de retenção personalizada.
15588248,0.675,Alto,Priorizar contato consultivo e oferta de retenção personalizada.
15686670,0.675,Alto,Priorizar contato consultivo e oferta de retenção personalizada.
15587210,0.67,Alto,Priorizar contato consultivo e oferta de retenção personalizada.
15743828,0.67,Alto,Priorizar contato consultivo e oferta de retenção personalizada.
15646091,0.67,Alto,Priorizar contato consultivo e oferta de retenção personalizada.
15754940,0.67,Alto,Priorizar contato consultivo e oferta de retenção personalizada.
15593834,0.67,Alto,Priorizar contato consultivo e oferta de retenção personalizada.
15700801,0.67,Alto,Priorizar contato consultivo e oferta de retenção personalizada.
15771417,0.67,Alto,Priorizar contato consultivo e oferta de retenção personalizada.
15672432,0.67,Alto,Priorizar contato consultivo e oferta de retenção personalizada.
15757306,0.67,Alto,Priorizar contato consultivo e oferta de retenção personalizada.
15694129,0.67,Alto,Priorizar contato consultivo e oferta de retenção personalizada.
15800031,0.67,Alto,Priorizar contato consultivo e oferta de retenção personalizada.
15622033,0.67,Alto,Priorizar contato consultivo e oferta de retenção personalizada.
15812893,0.67,Alto,Priorizar contato consultivo e oferta de retenção personalizada.
15686463,0.67,Alto,Priorizar contato consultivo e oferta de retenção personalizada.
15731951,0.67,Alto,Priorizar contato consultivo e oferta de retenção personalizada.
15787835,0.67,Alto,Priorizar contato consultivo e oferta de retenção personalizada.
15810390,0.67,Alto,Priorizar contato consultivo e oferta de retenção personalizada.
15577078,0.67,Alto,Priorizar contato consultivo e oferta de retenção personalizada.
15651352,0.67,Alto,Priorizar contato consultivo e oferta de retenção personalizada.
15776156,0.67,Alto,Priorizar contato consultivo e oferta de retenção personalizada.
15704209,0.67,Alto,Priorizar contato consultivo e oferta de retenção personalizada.
15808175,0.67,Alto,Priorizar contato consultivo e oferta de retenção personalizada.
15632882,0.665,Alto,Priorizar contato consultivo e oferta de retenção personalizada.
15696373,0.665,Alto,Priorizar contato consultivo e oferta de retenção personalizada.
15802071,0.665,Alto,Priorizar contato consultivo e oferta de retenção personalizada.
15791373,0.665,Alto,Priorizar contato consultivo e oferta de retenção personalizada.
15814430,0.665,Alto,Priorizar contato consultivo e oferta de retenção personalizada.
15690829,0.665,Alto,Priorizar contato consultivo e oferta de retenção personalizada.
15725835,0.665,Alto,Priorizar contato consultivo e oferta de retenção personalizada.
15663933,0.665,Alto,Priorizar contato consultivo e oferta de retenção personalizada.
15671655,0.665,Alto,Priorizar contato consultivo e oferta de retenção personalizada.
15665159,0.665,Alto,Priorizar contato consultivo e oferta de retenção personalizada.
15767729,0.665,Alto,Priorizar contato consultivo e oferta de retenção personalizada.
15746199,0.665,Alto,Priorizar contato consultivo e oferta de retenção personalizada.
15771270,0.665,Alto,Priorizar contato consultivo e oferta de retenção personalizada.
15762418,0.665,Alto,Priorizar contato consultivo e oferta de retenção personalizada.
15733888,0.665,Alto,Priorizar contato consultivo e oferta de retenção personalizada.
15629094,0.665,Alto,Priorizar contato consultivo e oferta de retenção personalizada.
15763683,0.665,Alto,Priorizar contato consultivo e oferta de retenção personalizada.
15573077,0.665,Alto,Priorizar contato consultivo e oferta de retenção personalizada.
15688409,0.665,Alto,Priorizar contato consultivo e oferta de retenção personalizada.
15713370,0.665,Alto,Priorizar contato consultivo e oferta de retenção personalizada.
15597968,0.665,Alto,Priorizar contato consultivo e oferta de retenção personalizada.
15643967,0.665,Alto,Priorizar contato consultivo e oferta de retenção personalizada.
15718507,0.665,Alto,Priorizar contato consultivo e oferta de retenção personalizada.
15667438,0.665,Alto,Priorizar contato consultivo e oferta de retenção personalizada.
15697311,0.665,Alto,Priorizar contato consultivo e oferta de retenção personalizada.
15708265,0.665,Alto,Priorizar contato consultivo e oferta de retenção personalizada.
15628674,0.665,Alto,Priorizar contato consultivo e oferta de retenção personalizada.
15811588,0.665,Alto,Priorizar contato consultivo e oferta de retenção personalizada.
15684395,0.665,Alto,Priorizar contato consultivo e oferta de retenção personalizada.
15720702,0.66,Alto,Priorizar contato consultivo e oferta de retenção personalizada.
15788215,0.66,Alto,Priorizar contato consultivo e oferta de retenção personalizada.
15615126,0.66,Alto,Priorizar contato consultivo e oferta de retenção personalizada.
15745605,0.66,Alto,Priorizar contato consultivo e oferta de retenção personalizada.
15651581,0.66,Alto,Priorizar contato consultivo e oferta de retenção personalizada.
15803947,0.66,Alto,Priorizar contato consultivo e oferta de retenção personalizada.
15583371,0.66,Alto,Priorizar contato consultivo e oferta de retenção personalizada.
15625706,0.66,Alto,Priorizar contato consultivo e oferta de retenção personalizada.
15783030,0.66,Alto,Priorizar contato consultivo e oferta de retenção personalizada.
15575147,0.66,Alto,Priorizar contato consultivo e oferta de retenção personalizada.
15775886,0.66,Alto,Priorizar contato consultivo e oferta de retenção personalizada.
15597930,0.66,Alto,Priorizar contato consultivo e oferta de retenção personalizada.
15754443,0.66,Alto,Priorizar contato consultivo e oferta de retenção personalizada.
15569248,0.66,Alto,Priorizar contato consultivo e oferta de retenção personalizada.
15593969,0.66,Alto,Priorizar contato consultivo e oferta de retenção personalizada.
15780038,0.66,Alto,Priorizar contato consultivo e oferta de retenção personalizada.
15780254,0.66,Alto,Priorizar contato consultivo e oferta de retenção personalizada.
15678146,0.66,Alto,Priorizar contato consultivo e oferta de retenção personalizada.
15721582,0.66,Alto,Priorizar contato consultivo e oferta de retenção personalizada.
15685947,0.66,Alto,Priorizar contato consultivo e oferta de retenção personalizada.
15744942,0.66,Alto,Priorizar contato consultivo e oferta de retenção personalizada.
15719426,0.655,Alto,Priorizar contato consultivo e oferta de retenção personalizada.
15749103,0.655,Alto,Priorizar contato consultivo e oferta de retenção personalizada.
15709252,0.655,Alto,Priorizar contato consultivo e oferta de retenção personalizada.
15645355,0.655,Alto,Priorizar contato consultivo e oferta de retenção personalizada.
15792986,0.655,Alto,Priorizar contato consultivo e oferta de retenção personalizada.
15664547,0.655,Alto,Priorizar contato consultivo e oferta de retenção personalizada.
15640905,0.655,Alto,Priorizar contato consultivo e oferta de retenção personalizada.
15737556,0.655,Alto,Priorizar contato consultivo e oferta de retenção personalizada.
15644179,0.655,Alto,Priorizar contato consultivo e oferta de retenção personalizada.
15566531,0.655,Alto,Priorizar contato consultivo e oferta de retenção personalizada.
15777907,0.655,Alto,Priorizar contato consultivo e oferta de retenção personalizada.
15717489,0.655,Alto,Priorizar contato consultivo e oferta de retenção personalizada.
15713655,0.655,Alto,Priorizar contato consultivo e oferta de retenção personalizada.
15590146,0.655,Alto,Priorizar contato consultivo e oferta de retenção personalizada.
15768367,0.655,Alto,Priorizar contato consultivo e oferta de retenção personalizada.
15640258,0.655,Alto,Priorizar contato consultivo e oferta de retenção personalizada.
15776545,0.655,Alto,Priorizar contato consultivo e oferta de retenção personalizada.
15689526,0.655,Alto,Priorizar contato consultivo e oferta de retenção personalizada.
15609618,0.65,Alto,Priorizar contato consultivo e oferta de retenção personalizada.
15693199,0.65,Alto,Priorizar contato consultivo e oferta de retenção personalizada.
15775295,0.65,Alto,Priorizar contato consultivo e oferta de retenção personalizada.
15661629,0.65,Alto,Priorizar contato consultivo e oferta de retenção personalizada.
15615050,0.65,Alto,Priorizar contato consultivo e oferta de retenção personalizada.
15772528,0.65,Alto,Priorizar contato consultivo e oferta de retenção personalizada.
15694408,0.65,Alto,Priorizar contato consultivo e oferta de retenção personalizada.
15707596,0.65,Alto,Priorizar contato consultivo e oferta de retenção personalizada.
15694566,0.65,Alto,Priorizar contato consultivo e oferta de retenção personalizada.
15676242,0.65,Alto,Priorizar contato consultivo e oferta de retenção personalizada.
15776936,0.65,Alto,Priorizar contato consultivo e oferta de retenção personalizada.
15650488,0.65,Alto,Priorizar contato consultivo e oferta de retenção personalizada.
15697441,0.65,Alto,Priorizar contato consultivo e oferta de retenção personalizada.
15753888,0.65,Alto,Priorizar contato consultivo e oferta de retenção personalizada.
15752801,0.65,Alto,Priorizar contato consultivo e oferta de retenção personalizada.
15608804,0.65,Alto,Priorizar contato consultivo e oferta de retenção personalizada.
15582116,0.65,Alto,Priorizar contato consultivo e oferta de retenção personalizada.
15796957,0.65,Alto,Priorizar contato consultivo e oferta de retenção personalizada.
15727868,0.65,Alto,Priorizar contato consultivo e oferta de retenção personalizada.
15641782,0.65,Alto,Priorizar contato consultivo e oferta de retenção personalizada.
15582910,0.645,Alto,Priorizar contato consultivo e oferta de retenção personalizada.
15762277,0.645,Alto,Priorizar contato consultivo e oferta de retenção personalizada.
15801904,0.645,Alto,Priorizar contato consultivo e oferta de retenção personalizada.
15588695,0.645,Alto,Priorizar contato consultivo e oferta de retenção personalizada.
15684548,0.645,Alto,Priorizar contato consultivo e oferta de retenção personalizada.
15718057,0.645,Alto,Priorizar contato consultivo e oferta de retenção personalizada.
15743293,0.645,Alto,Priorizar contato consultivo e oferta de retenção personalizada.
15789974,0.645,Alto,Priorizar contato consultivo e oferta de retenção personalizada.
15566495,0.645,Alto,Priorizar contato consultivo e oferta de retenção personalizada.
15789425,0.645,Alto,Priorizar contato consultivo e oferta de retenção personalizada.
15684316,0.645,Alto,Priorizar contato consultivo e oferta de retenção personalizada.
15738181,0.645,Alto,Priorizar contato consultivo e oferta de retenção personalizada.
15779522,0.645,Alto,Priorizar contato consultivo e oferta de retenção personalizada.
15589475,0.645,Alto,Priorizar contato consultivo e oferta de retenção personalizada.
15716994,0.645,Alto,Priorizar contato consultivo e oferta de retenção personalizada.
15737735,0.64,Alto,Priorizar contato consultivo e oferta de retenção personalizada.
15693764,0.64,Alto,Priorizar contato consultivo e oferta de retenção personalizada.
15697997,0.64,Alto,Priorizar contato consultivo e oferta de retenção personalizada.
15789097,0.64,Alto,Priorizar contato consultivo e oferta de retenção personalizada.
15632816,0.64,Alto,Priorizar contato consultivo e oferta de retenção personalizada.
15726931,0.64,Alto,Priorizar contato consultivo e oferta de retenção personalizada.
15757811,0.64,Alto,Priorizar contato consultivo e oferta de retenção personalizada.
15737025,0.64,Alto,Priorizar contato consultivo e oferta de retenção personalizada.
15760456,0.64,Alto,Priorizar contato consultivo e oferta de retenção personalizada.
15604138,0.64,Alto,Priorizar contato consultivo e oferta de retenção personalizada.
15566251,0.64,Alto,Priorizar contato consultivo e oferta de retenção personalizada.
15627298,0.64,Alto,Priorizar contato consultivo e oferta de retenção personalizada.
15594456,0.64,Alto,Priorizar contato consultivo e oferta de retenção personalizada.
15569917,0.64,Alto,Priorizar contato consultivo e oferta de retenção personalizada.
15710543,0.64,Alto,Priorizar contato consultivo e oferta de retenção personalizada.
15782468,0.64,Alto,Priorizar contato consultivo e oferta de retenção personalizada.
15690182,0.64,Alto,Priorizar contato consultivo e oferta de retenção personalizada.
15631240,0.635,Alto,Priorizar contato consultivo e oferta de retenção personalizada.
15599860,0.635,Alto,Priorizar contato consultivo e oferta de retenção personalizada.
15789611,0.635,Alto,Priorizar contato consultivo e oferta de retenção personalizada.
15699247,0.635,Alto,Priorizar contato consultivo e oferta de retenção personalizada.
15581893,0.635,Alto,Priorizar contato consultivo e oferta de retenção personalizada.
15615456,0.635,Alto,Priorizar contato consultivo e oferta de retenção personalizada.
15777797,0.635,Alto,Priorizar contato consultivo e oferta de retenção personalizada.
15606273,0.635,Alto,Priorizar contato consultivo e oferta de retenção personalizada.
15803750,0.635,Alto,Priorizar contato consultivo e oferta de retenção personalizada.
15612103,0.635,Alto,Priorizar contato consultivo e oferta de retenção personalizada.
15672082,0.635,Alto,Priorizar contato consultivo e oferta de retenção personalizada.
15658475,0.635,Alto,Priorizar contato consultivo e oferta de retenção personalizada.
15775703,0.635,Alto,Priorizar contato consultivo e oferta de retenção personalizada.
15701121,0.635,Alto,Priorizar contato consultivo e oferta de retenção personalizada.
15584532,0.63,Alto,Priorizar contato consultivo e oferta de retenção personalizada.
15689980,0.63,Alto,Priorizar contato consultivo e oferta de retenção personalizada.
15636428,0.63,Alto,Priorizar contato consultivo e oferta de retenção personalizada.
15692929,0.63,Alto,Priorizar contato consultivo e oferta de retenção personalizada.
15780432,0.63,Alto,Priorizar contato consultivo e oferta de retenção personalizada.
15791958,0.63,Alto,Priorizar contato consultivo e oferta de retenção personalizada.
15724336,0.63,Alto,Priorizar contato consultivo e oferta de retenção personalizada.
15779581,0.63,Alto,Priorizar contato consultivo e oferta de retenção personalizada.
15576644,0.63,Alto,Priorizar contato consultivo e oferta de retenção personalizada.
15604093,0.63,Alto,Priorizar contato consultivo e oferta de retenção personalizada.
15737071,0.63,Alto,Priorizar contato consultivo e oferta de retenção personalizada.
15652693,0.63,Alto,Priorizar contato consultivo e oferta de retenção personalizada.
15781129,0.63,Alto,Priorizar contato consultivo e oferta de retenção personalizada.
15754577,0.63,Alto,Priorizar contato consultivo e oferta de retenção personalizada.
15617197,0.63,Alto,Priorizar contato consultivo e oferta de retenção personalizada.
15646082,0.63,Alto,Priorizar contato consultivo e oferta de retenção personalizada.
15603846,0.63,Alto,Priorizar contato consultivo e oferta de retenção personalizada.
15800514,0.63,Alto,Priorizar contato consultivo e oferta de retenção personalizada.
15747208,0.63,Alto,Priorizar contato consultivo e oferta de retenção personalizada.
15593094,0.625,Alto,Priorizar contato consultivo e oferta de retenção personalizada.
15663438,0.625,Alto,Priorizar contato consultivo e oferta de retenção personalizada.
15809286,0.625,Alto,Priorizar contato consultivo e oferta de retenção personalizada.
15587419,0.625,Alto,Priorizar contato consultivo e oferta de retenção personalizada.
15801169,0.625,Alto,Priorizar contato consultivo e oferta de retenção personalizada.
15751203,0.625,Alto,Priorizar contato consultivo e oferta de retenção personalizada.
15771442,0.625,Alto,Priorizar contato consultivo e oferta de retenção personalizada.
15804131,0.625,Alto,Priorizar contato consultivo e oferta de retenção personalizada.
15746012,0.625,Alto,Priorizar contato consultivo e oferta de retenção personalizada.
15801336,0.625,Alto,Priorizar contato consultivo e oferta de retenção personalizada.
15746569,0.62,Alto,Priorizar contato consultivo e oferta de retenção personalizada.
15633608,0.62,Alto,Priorizar contato consultivo e oferta de retenção personalizada.
15679307,0.62,Alto,Priorizar contato consultivo e oferta de retenção personalizada.
15687626,0.62,Alto,Priorizar contato consultivo e oferta de retenção personalizada.
15672144,0.62,Alto,Priorizar contato consultivo e oferta de retenção personalizada.
15732202,0.62,Alto,Priorizar contato consultivo e oferta de retenção personalizada.
15703820,0.62,Alto,Priorizar contato consultivo e oferta de retenção personalizada.
15756625,0.615,Alto,Priorizar contato consultivo e oferta de retenção personalizada.
15775912,0.615,Alto,Priorizar contato consultivo e oferta de retenção personalizada.
15781975,0.615,Alto,Priorizar contato consultivo e oferta de retenção personalizada.
15588419,0.615,Alto,Priorizar contato consultivo e oferta de retenção personalizada.
15771569,0.615,Alto,Priorizar contato consultivo e oferta de retenção personalizada.
15778395,0.615,Alto,Priorizar contato consultivo e oferta de retenção personalizada.
15587174,0.615,Alto,Priorizar contato consultivo e oferta de retenção personalizada.
15747097,0.615,Alto,Priorizar contato consultivo e oferta de retenção personalizada.
15681075,0.615,Alto,Priorizar contato consultivo e oferta de retenção personalizada.
15682421,0.615,Alto,Priorizar contato consultivo e oferta de retenção personalizada.
15642002,0.615,Alto,Priorizar contato consultivo e oferta de retenção personalizada.
15806771,0.615,Alto,Priorizar contato consultivo e oferta de retenção personalizada.
15743007,0.61,Alto,Priorizar contato consultivo e oferta de retenção personalizada.
15600991,0.61,Alto,Priorizar contato consultivo e oferta de retenção personalizada.
15773972,0.61,Alto,Priorizar contato consultivo e oferta de retenção personalizada.
15796313,0.61,Alto,Priorizar contato consultivo e oferta de retenção personalizada.
15627665,0.61,Alto,Priorizar contato consultivo e oferta de retenção personalizada.
15769389,0.61,Alto,Priorizar contato consultivo e oferta de retenção personalizada.
15677307,0.61,Alto,Priorizar contato consultivo e oferta de retenção personalizada.
15673238,0.61,Alto,Priorizar contato consultivo e oferta de retenção personalizada.
15741336,0.61,Alto,Priorizar contato consultivo e oferta de retenção personalizada.
15763414,0.605,Alto,Priorizar contato consultivo e oferta de retenção personalizada.
15732270,0.605,Alto,Priorizar contato consultivo e oferta de retenção personalizada.
15738267,0.605,Alto,Priorizar contato consultivo e oferta de retenção personalizada.
15662736,0.605,Alto,Priorizar contato consultivo e oferta de retenção personalizada.
15715142,0.605,Alto,Priorizar contato consultivo e oferta de retenção personalizada.
15649024,0.605,Alto,Priorizar contato consultivo e oferta de retenção personalizada.
15574692,0.605,Alto,Priorizar contato consultivo e oferta de retenção personalizada.
15702601,0.6,Alto,Priorizar contato consultivo e oferta de retenção personalizada.
15637891,0.6,Alto,Priorizar contato consultivo e oferta de retenção personalizada.
15592222,0.6,Alto,Priorizar contato consultivo e oferta de retenção personalizada.
15736250,0.6,Alto,Priorizar contato consultivo e oferta de retenção personalizada.
15585067,0.595,Medio,Monitorar engajamento e sugerir benefício segmentado.
15742798,0.595,Medio,Monitorar engajamento e sugerir benefício segmentado.
15641359,0.595,Medio,Monitorar engajamento e sugerir benefício segmentado.
15587066,0.59,Medio,Monitorar engajamento e sugerir benefício segmentado.
15711251,0.59,Medio,Monitorar engajamento e sugerir benefício segmentado.
15669253,0.59,Medio,Monitorar engajamento e sugerir benefício segmentado.
15635942,0.59,Medio,Monitorar engajamento e sugerir benefício segmentado.
15755077,0.59,Medio,Monitorar engajamento e sugerir benefício segmentado.
15740104,0.59,Medio,Monitorar engajamento e sugerir benefício segmentado.
15584704,0.59,Medio,Monitorar engajamento e sugerir benefício segmentado.
15734578,0.59,Medio,Monitorar engajamento e sugerir benefício segmentado.
15799910,0.585,Medio,Monitorar engajamento e sugerir benefício segmentado.
15805303,0.585,Medio,Monitorar engajamento e sugerir benefício segmentado.
15701319,0.585,Medio,Monitorar engajamento e sugerir benefício segmentado.
15773792,0.585,Medio,Monitorar engajamento e sugerir benefício segmentado.
15702095,0.58,Medio,Monitorar engajamento e sugerir benefício segmentado.
15650538,0.58,Medio,Monitorar engajamento e sugerir benefício segmentado.
15665956,0.58,Medio,Monitorar engajamento e sugerir benefício segmentado.
15743617,0.58,Medio,Monitorar engajamento e sugerir benefício segmentado.
15794566,0.58,Medio,Monitorar engajamento e sugerir benefício segmentado.
15665222,0.58,Medio,Monitorar engajamento e sugerir benefício segmentado.
15740442,0.58,Medio,Monitorar engajamento e sugerir benefício segmentado.
15615430,0.575,Medio,Monitorar engajamento e sugerir benefício segmentado.
15761497,0.575,Medio,Monitorar engajamento e sugerir benefício segmentado.
15698716,0.57,Medio,Monitorar engajamento e sugerir benefício segmentado.
15800434,0.57,Medio,Monitorar engajamento e sugerir benefício segmentado.
15756804,0.565,Medio,Monitorar engajamento e sugerir benefício segmentado.
15726494,0.565,Medio,Monitorar engajamento e sugerir benefício segmentado.
15692142,0.565,Medio,Monitorar engajamento e sugerir benefício segmentado.
15659105,0.565,Medio,Monitorar engajamento e sugerir benefício segmentado.
15742116,0.565,Medio,Monitorar engajamento e sugerir benefício segmentado.
15810460,0.565,Medio,Monitorar engajamento e sugerir benefício segmentado.
15790455,0.56,Medio,Monitorar engajamento e sugerir benefício segmentado.
15646764,0.56,Medio,Monitorar engajamento e sugerir benefício segmentado.
15800583,0.56,Medio,Monitorar engajamento e sugerir benefício segmentado.
15699325,0.56,Medio,Monitorar engajamento e sugerir benefício segmentado.
15738605,0.555,Medio,Monitorar engajamento e sugerir benefício segmentado.
15738148,0.555,Medio,Monitorar engajamento e sugerir benefício segmentado.
15684951,0.555,Medio,Monitorar engajamento e sugerir benefício segmentado.
15635502,0.555,Medio,Monitorar engajamento e sugerir benefício segmentado.
15606076,0.55,Medio,Monitorar engajamento e sugerir benefício segmentado.
15737778,0.55,Medio,Monitorar engajamento e sugerir benefício segmentado.
15572547,0.545,Medio,Monitorar engajamento e sugerir benefício segmentado.
15658169,0.545,Medio,Monitorar engajamento e sugerir benefício segmentado.
15628947,0.545,Medio,Monitorar engajamento e sugerir benefício segmentado.
15707011,0.54,Medio,Monitorar engajamento e sugerir benefício segmentado.
15723717,0.54,Medio,Monitorar engajamento e sugerir benefício segmentado.
15616152,0.54,Medio,Monitorar engajamento e sugerir benefício segmentado.
15730793,0.535,Medio,Monitorar engajamento e sugerir benefício segmentado.
15727944,0.53,Medio,Monitorar engajamento e sugerir benefício segmentado.
15680611,0.53,Medio,Monitorar engajamento e sugerir benefício segmentado.
15654673,0.53,Medio,Monitorar engajamento e sugerir benefício segmentado.
15681206,0.53,Medio,Monitorar engajamento e sugerir benefício segmentado.
15615797,0.53,Medio,Monitorar engajamento e sugerir benefício segmentado.
15789563,0.53,Medio,Monitorar engajamento e sugerir benefício segmentado.
15616666,0.525,Medio,Monitorar engajamento e sugerir benefício segmentado.
15612455,0.525,Medio,Monitorar engajamento e sugerir benefício segmentado.
15627484,0.525,Medio,Monitorar engajamento e sugerir benefício segmentado.
15649183,0.52,Medio,Monitorar engajamento e sugerir benefício segmentado.
15723488,0.52,Medio,Monitorar engajamento e sugerir benefício segmentado.
15591724,0.52,Medio,Monitorar engajamento e sugerir benefício segmentado.
15745533,0.515,Medio,Monitorar engajamento e sugerir benefício segmentado.
15782210,0.515,Medio,Monitorar engajamento e sugerir benefício segmentado.
15736730,0.515,Medio,Monitorar engajamento e sugerir benefício segmentado.
15678201,0.515,Medio,Monitorar engajamento e sugerir benefício segmentado.
15647203,0.51,Medio,Monitorar engajamento e sugerir benefício segmentado.
15747323,0.51,Medio,Monitorar engajamento e sugerir benefício segmentado.
15806256,0.51,Medio,Monitorar engajamento e sugerir benefício segmentado.
15573851,0.51,Medio,Monitorar engajamento e sugerir benefício segmentado.
15680278,0.51,Medio,Monitorar engajamento e sugerir benefício segmentado.
15622750,0.505,Medio,Monitorar engajamento e sugerir benefício segmentado.
15764170,0.505,Medio,Monitorar engajamento e sugerir benefício segmentado.
15797751,0.505,Medio,Monitorar engajamento e sugerir benefício segmentado.
15809178,0.505,Medio,Monitorar engajamento e sugerir benefício segmentado.
15802617,0.505,Medio,Monitorar engajamento e sugerir benefício segmentado.
15815040,0.5,Medio,Monitorar engajamento e sugerir benefício segmentado.
15602010,0.5,Medio,Monitorar engajamento e sugerir benefício segmentado.
15813850,0.5,Medio,Monitorar engajamento e sugerir benefício segmentado.
15786153,0.495,Medio,Monitorar engajamento e sugerir benefício segmentado.
15702442,0.495,Medio,Monitorar engajamento e sugerir benefício segmentado.
15706534,0.495,Medio,Monitorar engajamento e sugerir benefício segmentado.
15580956,0.495,Medio,Monitorar engajamento e sugerir benefício segmentado.
15612207,0.495,Medio,Monitorar engajamento e sugerir benefício segmentado.
15675185,0.49,Medio,Monitorar engajamento e sugerir benefício segmentado.
15679284,0.49,Medio,Monitorar engajamento e sugerir benefício segmentado.
15808526,0.485,Medio,Monitorar engajamento e sugerir benefício segmentado.
15579808,0.485,Medio,Monitorar engajamento e sugerir benefício segmentado.
15700854,0.485,Medio,Monitorar engajamento e sugerir benefício segmentado.
15791111,0.485,Medio,Monitorar engajamento e sugerir benefício segmentado.
15732299,0.48,Medio,Monitorar engajamento e sugerir benefício segmentado.
15722611,0.48,Medio,Monitorar engajamento e sugerir benefício segmentado.
15761018,0.48,Medio,Monitorar engajamento e sugerir benefício segmentado.
15577107,0.48,Medio,Monitorar engajamento e sugerir benefício segmentado.
15569590,0.475,Medio,Monitorar engajamento e sugerir benefício segmentado.
15753110,0.475,Medio,Monitorar engajamento e sugerir benefício segmentado.
15740237,0.475,Medio,Monitorar engajamento e sugerir benefício segmentado.
15733361,0.475,Medio,Monitorar engajamento e sugerir benefício segmentado.
15577514,0.47,Medio,Monitorar engajamento e sugerir benefício segmentado.
15813917,0.47,Medio,Monitorar engajamento e sugerir benefício segmentado.
15585985,0.47,Medio,Monitorar engajamento e sugerir benefício segmentado.
15733973,0.47,Medio,Monitorar engajamento e sugerir benefício segmentado.
15761487,0.465,Medio,Monitorar engajamento e sugerir benefício segmentado.
15792722,0.465,Medio,Monitorar engajamento e sugerir benefício segmentado.
15809826,0.465,Medio,Monitorar engajamento e sugerir benefício segmentado.
15745452,0.465,Medio,Monitorar engajamento e sugerir benefício segmentado.
15806546,0.465,Medio,Monitorar engajamento e sugerir benefício segmentado.
15664849,0.465,Medio,Monitorar engajamento e sugerir benefício segmentado.
15757607,0.465,Medio,Monitorar engajamento e sugerir benefício segmentado.
15730673,0.465,Medio,Monitorar engajamento e sugerir benefício segmentado.
15769064,0.465,Medio,Monitorar engajamento e sugerir benefício segmentado.
15815530,0.465,Medio,Monitorar engajamento e sugerir benefício segmentado.
15743714,0.465,Medio,Monitorar engajamento e sugerir benefício segmentado.
15749472,0.46,Medio,Monitorar engajamento e sugerir benefício segmentado.
15577423,0.46,Medio,Monitorar engajamento e sugerir benefício segmentado.
15628600,0.455,Medio,Monitorar engajamento e sugerir benefício segmentado.
15600832,0.455,Medio,Monitorar engajamento e sugerir benefício segmentado.
15742834,0.455,Medio,Monitorar engajamento e sugerir benefício segmentado.
15792388,0.455,Medio,Monitorar engajamento e sugerir benefício segmentado.
15755196,0.45,Medio,Monitorar engajamento e sugerir benefício segmentado.
15698184,0.45,Medio,Monitorar engajamento e sugerir benefício segmentado.
15784923,0.45,Medio,Monitorar engajamento e sugerir benefício segmentado.
15625501,0.45,Medio,Monitorar engajamento e sugerir benefício segmentado.
15576111,0.45,Medio,Monitorar engajamento e sugerir benefício segmentado.
15687491,0.445,Medio,Monitorar engajamento e sugerir benefício segmentado.
15607269,0.445,Medio,Monitorar engajamento e sugerir benefício segmentado.
15814690,0.445,Medio,Monitorar engajamento e sugerir benefício segmentado.
15629273,0.445,Medio,Monitorar engajamento e sugerir benefício segmentado.
15700460,0.445,Medio,Monitorar engajamento e sugerir benefício segmentado.
15698902,0.445,Medio,Monitorar engajamento e sugerir benefício segmentado.
15706365,0.445,Medio,Monitorar engajamento e sugerir benefício segmentado.
15640409,0.445,Medio,Monitorar engajamento e sugerir benefício segmentado.
15581197,0.44,Medio,Monitorar engajamento e sugerir benefício segmentado.
15758606,0.44,Medio,Monitorar engajamento e sugerir benefício segmentado.
15716608,0.44,Medio,Monitorar engajamento e sugerir benefício segmentado.
15657386,0.44,Medio,Monitorar engajamento e sugerir benefício segmentado.
15729908,0.435,Medio,Monitorar engajamento e sugerir benefício segmentado.
15732643,0.435,Medio,Monitorar engajamento e sugerir benefício segmentado.
15684318,0.435,Medio,Monitorar engajamento e sugerir benefício segmentado.
15801832,0.43,Medio,Monitorar engajamento e sugerir benefício segmentado.
15617065,0.43,Medio,Monitorar engajamento e sugerir benefício segmentado.
15809736,0.43,Medio,Monitorar engajamento e sugerir benefício segmentado.
15583552,0.425,Medio,Monitorar engajamento e sugerir benefício segmentado.
15658240,0.42,Medio,Monitorar engajamento e sugerir benefício segmentado.
15771383,0.42,Medio,Monitorar engajamento e sugerir benefício segmentado.
15796993,0.42,Medio,Monitorar engajamento e sugerir benefício segmentado.
15791321,0.42,Medio,Monitorar engajamento e sugerir benefício segmentado.
15763274,0.415,Medio,Monitorar engajamento e sugerir benefício segmentado.
15567778,0.415,Medio,Monitorar engajamento e sugerir benefício segmentado.
15630466,0.415,Medio,Monitorar engajamento e sugerir benefício segmentado.
15707322,0.415,Medio,Monitorar engajamento e sugerir benefício segmentado.
15691004,0.415,Medio,Monitorar engajamento e sugerir benefício segmentado.
15674433,0.415,Medio,Monitorar engajamento e sugerir benefício segmentado.
15797381,0.41,Medio,Monitorar engajamento e sugerir benefício segmentado.
15698791,0.41,Medio,Monitorar engajamento e sugerir benefício segmentado.
15621815,0.405,Medio,Monitorar engajamento e sugerir benefício segmentado.
15605339,0.405,Medio,Monitorar engajamento e sugerir benefício segmentado.
15797960,0.4,Medio,Monitorar engajamento e sugerir benefício segmentado.
15689201,0.4,Medio,Monitorar engajamento e sugerir benefício segmentado.
15679622,0.4,Medio,Monitorar engajamento e sugerir benefício segmentado.
15805955,0.4,Medio,Monitorar engajamento e sugerir benefício segmentado.
15719856,0.4,Medio,Monitorar engajamento e sugerir benefício segmentado.
15640418,0.4,Medio,Monitorar engajamento e sugerir benefício segmentado.
15751392,0.4,Medio,Monitorar engajamento e sugerir benefício segmentado.
15692664,0.395,Medio,Monitorar engajamento e sugerir benefício segmentado.
15594408,0.395,Medio,Monitorar engajamento e sugerir benefício segmentado.
15610930,0.395,Medio,Monitorar engajamento e sugerir benefício segmentado.
15749123,0.395,Medio,Monitorar engajamento e sugerir benefício segmentado.
15699309,0.395,Medio,Monitorar engajamento e sugerir benefício segmentado.
15728917,0.395,Medio,Monitorar engajamento e sugerir benefício segmentado.
15600700,0.395,Medio,Monitorar engajamento e sugerir benefício segmentado.
15630328,0.395,Medio,Monitorar engajamento e sugerir benefício segmentado.
15761286,0.395,Medio,Monitorar engajamento e sugerir benefício segmentado.
15800229,0.395,Medio,Monitorar engajamento e sugerir benefício segmentado.
15801658,0.39,Medio,Monitorar engajamento e sugerir benefício segmentado.
15751227,0.39,Medio,Monitorar engajamento e sugerir benefício segmentado.
15784736,0.39,Medio,Monitorar engajamento e sugerir benefício segmentado.
15661903,0.39,Medio,Monitorar engajamento e sugerir benefício segmentado.
15657540,0.39,Medio,Monitorar engajamento e sugerir benefício segmentado.
15661409,0.39,Medio,Monitorar engajamento e sugerir benefício segmentado.
15774630,0.385,Medio,Monitorar engajamento e sugerir benefício segmentado.
15581620,0.385,Medio,Monitorar engajamento e sugerir benefício segmentado.
15646535,0.385,Medio,Monitorar engajamento e sugerir benefício segmentado.
15677020,0.385,Medio,Monitorar engajamento e sugerir benefício segmentado.
15760521,0.385,Medio,Monitorar engajamento e sugerir benefício segmentado.
15694039,0.38,Medio,Monitorar engajamento e sugerir benefício segmentado.
15704378,0.38,Medio,Monitorar engajamento e sugerir benefício segmentado.
15651713,0.38,Medio,Monitorar engajamento e sugerir benefício segmentado.
15689322,0.38,Medio,Monitorar engajamento e sugerir benefício segmentado.
15593280,0.38,Medio,Monitorar engajamento e sugerir benefício segmentado.
15595153,0.38,Medio,Monitorar engajamento e sugerir benefício segmentado.
15632118,0.375,Medio,Monitorar engajamento e sugerir benefício segmentado.
15604130,0.375,Medio,Monitorar engajamento e sugerir benefício segmentado.
15646817,0.375,Medio,Monitorar engajamento e sugerir benefício segmentado.
15806837,0.375,Medio,Monitorar engajamento e sugerir benefício segmentado.
15755638,0.375,Medio,Monitorar engajamento e sugerir benefício segmentado.
15598331,0.375,Medio,Monitorar engajamento e sugerir benefício segmentado.
15684171,0.37,Medio,Monitorar engajamento e sugerir benefício segmentado.
15774250,0.37,Medio,Monitorar engajamento e sugerir benefício segmentado.
15624391,0.37,Medio,Monitorar engajamento e sugerir benefício segmentado.
15733777,0.37,Medio,Monitorar engajamento e sugerir benefício segmentado.
15744240,0.37,Medio,Monitorar engajamento e sugerir benefício segmentado.
15715047,0.37,Medio,Monitorar engajamento e sugerir benefício segmentado.
15571121,0.37,Medio,Monitorar engajamento e sugerir benefício segmentado.
15621768,0.37,Medio,Monitorar engajamento e sugerir benefício segmentado.
15578866,0.365,Medio,Monitorar engajamento e sugerir benefício segmentado.
15807993,0.365,Medio,Monitorar engajamento e sugerir benefício segmentado.
15672467,0.365,Medio,Monitorar engajamento e sugerir benefício segmentado.
15640686,0.365,Medio,Monitorar engajamento e sugerir benefício segmentado.
15788291,0.365,Medio,Monitorar engajamento e sugerir benefício segmentado.
15657637,0.365,Medio,Monitorar engajamento e sugerir benefício segmentado.
15691504,0.365,Medio,Monitorar engajamento e sugerir benefício segmentado.
15580249,0.36,Medio,Monitorar engajamento e sugerir benefício segmentado.
15713426,0.36,Medio,Monitorar engajamento e sugerir benefício segmentado.
15771728,0.36,Medio,Monitorar engajamento e sugerir benefício segmentado.
15655229,0.36,Medio,Monitorar engajamento e sugerir benefício segmentado.
15632665,0.36,Medio,Monitorar engajamento e sugerir benefício segmentado.
15569595,0.355,Medio,Monitorar engajamento e sugerir benefício segmentado.
15778049,0.355,Medio,Monitorar engajamento e sugerir benefício segmentado.
15735636,0.355,Medio,Monitorar engajamento e sugerir benefício segmentado.
15627971,0.35,Medio,Monitorar engajamento e sugerir benefício segmentado.
15781619,0.35,Medio,Monitorar engajamento e sugerir benefício segmentado.
15630241,0.35,Medio,Monitorar engajamento e sugerir benefício segmentado.
15745266,0.35,Medio,Monitorar engajamento e sugerir benefício segmentado.
15569759,0.35,Medio,Monitorar engajamento e sugerir benefício segmentado.
15621116,0.345,Baixo,Manter relacionamento ativo e acompanhar evolução.
15788535,0.345,Baixo,Manter relacionamento ativo e acompanhar evolução.
15714466,0.345,Baixo,Manter relacionamento ativo e acompanhar evolução.
15668309,0.345,Baixo,Manter relacionamento ativo e acompanhar evolução.
15710295,0.345,Baixo,Manter relacionamento ativo e acompanhar evolução.
15657468,0.345,Baixo,Manter relacionamento ativo e acompanhar evolução.
15635703,0.345,Baixo,Manter relacionamento ativo e acompanhar evolução.
15648455,0.34,Baixo,Manter relacionamento ativo e acompanhar evolução.
15612350,0.34,Baixo,Manter relacionamento ativo e acompanhar evolução.
15626795,0.34,Baixo,Manter relacionamento ativo e acompanhar evolução.
15723894,0.335,Baixo,Manter relacionamento ativo e acompanhar evolução.
15636330,0.335,Baixo,Manter relacionamento ativo e acompanhar evolução.
15763415,0.335,Baixo,Manter relacionamento ativo e acompanhar evolução.
15604158,0.335,Baixo,Manter relacionamento ativo e acompanhar evolução.
15794941,0.335,Baixo,Manter relacionamento ativo e acompanhar evolução.
15571193,0.335,Baixo,Manter relacionamento ativo e acompanhar evolução.
15588350,0.335,Baixo,Manter relacionamento ativo e acompanhar evolução.
15674868,0.33,Baixo,Manter relacionamento ativo e acompanhar evolução.
15691792,0.33,Baixo,Manter relacionamento ativo e acompanhar evolução.
15713347,0.33,Baixo,Manter relacionamento ativo e acompanhar evolução.
15794276,0.33,Baixo,Manter relacionamento ativo e acompanhar evolução.
15804017,0.33,Baixo,Manter relacionamento ativo e acompanhar evolução.
15691808,0.33,Baixo,Manter relacionamento ativo e acompanhar evolução.
15810593,0.33,Baixo,Manter relacionamento ativo e acompanhar evolução.
15803804,0.33,Baixo,Manter relacionamento ativo e acompanhar evolução.
15619514,0.33,Baixo,Manter relacionamento ativo e acompanhar evolução.
15586585,0.33,Baixo,Manter relacionamento ativo e acompanhar evolução.
15736327,0.325,Baixo,Manter relacionamento ativo e acompanhar evolução.
15791191,0.325,Baixo,Manter relacionamento ativo e acompanhar evolução.
15774402,0.325,Baixo,Manter relacionamento ativo e acompanhar evolução.
15614103,0.325,Baixo,Manter relacionamento ativo e acompanhar evolução.
15683183,0.325,Baixo,Manter relacionamento ativo e acompanhar evolução.
15742442,0.325,Baixo,Manter relacionamento ativo e acompanhar evolução.
15574213,0.325,Baixo,Manter relacionamento ativo e acompanhar evolução.
15802869,0.325,Baixo,Manter relacionamento ativo e acompanhar evolução.
15773322,0.325,Baixo,Manter relacionamento ativo e acompanhar evolução.
15662232,0.325,Baixo,Manter relacionamento ativo e acompanhar evolução.
15599126,0.325,Baixo,Manter relacionamento ativo e acompanhar evolução.
15713596,0.32,Baixo,Manter relacionamento ativo e acompanhar evolução.
15611318,0.32,Baixo,Manter relacionamento ativo e acompanhar evolução.
15596088,0.32,Baixo,Manter relacionamento ativo e acompanhar evolução.
15623791,0.32,Baixo,Manter relacionamento ativo e acompanhar evolução.
15684198,0.32,Baixo,Manter relacionamento ativo e acompanhar evolução.
15720284,0.32,Baixo,Manter relacionamento ativo e acompanhar evolução.
15675337,0.32,Baixo,Manter relacionamento ativo e acompanhar evolução.
15620268,0.32,Baixo,Manter relacionamento ativo e acompanhar evolução.
15759387,0.32,Baixo,Manter relacionamento ativo e acompanhar evolução.
15689294,0.315,Baixo,Manter relacionamento ativo e acompanhar evolução.
15757632,0.315,Baixo,Manter relacionamento ativo e acompanhar evolução.
15669301,0.315,Baixo,Manter relacionamento ativo e acompanhar evolução.
15566211,0.315,Baixo,Manter relacionamento ativo e acompanhar evolução.
15614847,0.315,Baixo,Manter relacionamento ativo e acompanhar evolução.
15671209,0.315,Baixo,Manter relacionamento ativo e acompanhar evolução.
15591985,0.315,Baixo,Manter relacionamento ativo e acompanhar evolução.
15721740,0.315,Baixo,Manter relacionamento ativo e acompanhar evolução.
15692291,0.315,Baixo,Manter relacionamento ativo e acompanhar evolução.
15616530,0.31,Baixo,Manter relacionamento ativo e acompanhar evolução.
15711455,0.31,Baixo,Manter relacionamento ativo e acompanhar evolução.
15710366,0.31,Baixo,Manter relacionamento ativo e acompanhar evolução.
15762762,0.31,Baixo,Manter relacionamento ativo e acompanhar evolução.
15633574,0.31,Baixo,Manter relacionamento ativo e acompanhar evolução.
15747821,0.31,Baixo,Manter relacionamento ativo e acompanhar evolução.
15609913,0.31,Baixo,Manter relacionamento ativo e acompanhar evolução.
15764226,0.31,Baixo,Manter relacionamento ativo e acompanhar evolução.
15755649,0.31,Baixo,Manter relacionamento ativo e acompanhar evolução.
15574369,0.31,Baixo,Manter relacionamento ativo e acompanhar evolução.
15772892,0.31,Baixo,Manter relacionamento ativo e acompanhar evolução.
15634936,0.31,Baixo,Manter relacionamento ativo e acompanhar evolução.
15592229,0.305,Baixo,Manter relacionamento ativo e acompanhar evolução.
15731478,0.305,Baixo,Manter relacionamento ativo e acompanhar evolução.
15714832,0.305,Baixo,Manter relacionamento ativo e acompanhar evolução.
15641250,0.305,Baixo,Manter relacionamento ativo e acompanhar evolução.
15631406,0.305,Baixo,Manter relacionamento ativo e acompanhar evolução.
15784180,0.3,Baixo,Manter relacionamento ativo e acompanhar evolução.
15593496,0.3,Baixo,Manter relacionamento ativo e acompanhar evolução.
15571529,0.3,Baixo,Manter relacionamento ativo e acompanhar evolução.
15766734,0.3,Baixo,Manter relacionamento ativo e acompanhar evolução.
15809654,0.3,Baixo,Manter relacionamento ativo e acompanhar evolução.
15690452,0.3,Baixo,Manter relacionamento ativo e acompanhar evolução.
15723604,0.3,Baixo,Manter relacionamento ativo e acompanhar evolução.
15772009,0.3,Baixo,Manter relacionamento ativo e acompanhar evolução.
15565714,0.3,Baixo,Manter relacionamento ativo e acompanhar evolução.
15667458,0.3,Baixo,Manter relacionamento ativo e acompanhar evolução.
15592104,0.3,Baixo,Manter relacionamento ativo e acompanhar evolução.
15732740,0.295,Baixo,Manter relacionamento ativo e acompanhar evolução.
15577274,0.295,Baixo,Manter relacionamento ativo e acompanhar evolução.
15618203,0.295,Baixo,Manter relacionamento ativo e acompanhar evolução.
15604314,0.295,Baixo,Manter relacionamento ativo e acompanhar evolução.
15739858,0.295,Baixo,Manter relacionamento ativo e acompanhar evolução.
15769980,0.295,Baixo,Manter relacionamento ativo e acompanhar evolução.
15613623,0.295,Baixo,Manter relacionamento ativo e acompanhar evolução.
15571973,0.29,Baixo,Manter relacionamento ativo e acompanhar evolução.
15590177,0.29,Baixo,Manter relacionamento ativo e acompanhar evolução.
15586970,0.29,Baixo,Manter relacionamento ativo e acompanhar evolução.
15728006,0.29,Baixo,Manter relacionamento ativo e acompanhar evolução.
15675854,0.29,Baixo,Manter relacionamento ativo e acompanhar evolução.
15741180,0.29,Baixo,Manter relacionamento ativo e acompanhar evolução.
15643158,0.29,Baixo,Manter relacionamento ativo e acompanhar evolução.
15811290,0.29,Baixo,Manter relacionamento ativo e acompanhar evolução.
15751131,0.29,Baixo,Manter relacionamento ativo e acompanhar evolução.
15679818,0.29,Baixo,Manter relacionamento ativo e acompanhar evolução.
15673481,0.29,Baixo,Manter relacionamento ativo e acompanhar evolução.
15703979,0.29,Baixo,Manter relacionamento ativo e acompanhar evolução.
15778135,0.29,Baixo,Manter relacionamento ativo e acompanhar evolução.
15746490,0.29,Baixo,Manter relacionamento ativo e acompanhar evolução.
15711181,0.29,Baixo,Manter relacionamento ativo e acompanhar evolução.
15732437,0.285,Baixo,Manter relacionamento ativo e acompanhar evolução.
15716186,0.285,Baixo,Manter relacionamento ativo e acompanhar evolução.
15798888,0.285,Baixo,Manter relacionamento ativo e acompanhar evolução.
15624186,0.285,Baixo,Manter relacionamento ativo e acompanhar evolução.
15707974,0.285,Baixo,Manter relacionamento ativo e acompanhar evolução.
15774847,0.285,Baixo,Manter relacionamento ativo e acompanhar evolução.
15769216,0.285,Baixo,Manter relacionamento ativo e acompanhar evolução.
15680895,0.285,Baixo,Manter relacionamento ativo e acompanhar evolução.
15639265,0.285,Baixo,Manter relacionamento ativo e acompanhar evolução.
15623450,0.285,Baixo,Manter relacionamento ativo e acompanhar evolução.
15752857,0.285,Baixo,Manter relacionamento ativo e acompanhar evolução.
15769412,0.285,Baixo,Manter relacionamento ativo e acompanhar evolução.
15570271,0.285,Baixo,Manter relacionamento ativo e acompanhar evolução.
15776939,0.285,Baixo,Manter relacionamento ativo e acompanhar evolução.
15805690,0.285,Baixo,Manter relacionamento ativo e acompanhar evolução.
15812920,0.285,Baixo,Manter relacionamento ativo e acompanhar evolução.
15585892,0.285,Baixo,Manter relacionamento ativo e acompanhar evolução.
15779809,0.285,Baixo,Manter relacionamento ativo e acompanhar evolução.
15631882,0.285,Baixo,Manter relacionamento ativo e acompanhar evolução.
15691723,0.28,Baixo,Manter relacionamento ativo e acompanhar evolução.
15571571,0.28,Baixo,Manter relacionamento ativo e acompanhar evolução.
15713578,0.28,Baixo,Manter relacionamento ativo e acompanhar evolução.
15638989,0.28,Baixo,Manter relacionamento ativo e acompanhar evolução.
15675983,0.28,Baixo,Manter relacionamento ativo e acompanhar evolução.
15632050,0.28,Baixo,Manter relacionamento ativo e acompanhar evolução.
15750658,0.28,Baixo,Manter relacionamento ativo e acompanhar evolução.
15812534,0.28,Baixo,Manter relacionamento ativo e acompanhar evolução.
15733247,0.28,Baixo,Manter relacionamento ativo e acompanhar evolução.
15629078,0.28,Baixo,Manter relacionamento ativo e acompanhar evolução.
15634245,0.28,Baixo,Manter relacionamento ativo e acompanhar evolução.
15747534,0.28,Baixo,Manter relacionamento ativo e acompanhar evolução.
15581295,0.28,Baixo,Manter relacionamento ativo e acompanhar evolução.
15574743,0.28,Baixo,Manter relacionamento ativo e acompanhar evolução.
15815070,0.28,Baixo,Manter relacionamento ativo e acompanhar evolução.
15634281,0.28,Baixo,Manter relacionamento ativo e acompanhar evolução.
15725221,0.275,Baixo,Manter relacionamento ativo e acompanhar evolução.
15785576,0.275,Baixo,Manter relacionamento ativo e acompanhar evolução.
15812230,0.275,Baixo,Manter relacionamento ativo e acompanhar evolução.
15759250,0.275,Baixo,Manter relacionamento ativo e acompanhar evolução.
15772250,0.275,Baixo,Manter relacionamento ativo e acompanhar evolução.
15707473,0.275,Baixo,Manter relacionamento ativo e acompanhar evolução.
15788930,0.275,Baixo,Manter relacionamento ativo e acompanhar evolução.
15679297,0.275,Baixo,Manter relacionamento ativo e acompanhar evolução.
15631310,0.275,Baixo,Manter relacionamento ativo e acompanhar evolução.
15683544,0.275,Baixo,Manter relacionamento ativo e acompanhar evolução.
15753079,0.275,Baixo,Manter relacionamento ativo e acompanhar evolução.
15628886,0.275,Baixo,Manter relacionamento ativo e acompanhar evolução.
15666856,0.275,Baixo,Manter relacionamento ativo e acompanhar evolução.
15726634,0.275,Baixo,Manter relacionamento ativo e acompanhar evolução.
15678916,0.275,Baixo,Manter relacionamento ativo e acompanhar evolução.
15760085,0.27,Baixo,Manter relacionamento ativo e acompanhar evolução.
15589488,0.27,Baixo,Manter relacionamento ativo e acompanhar evolução.
15799600,0.27,Baixo,Manter relacionamento ativo e acompanhar evolução.
15783398,0.27,Baixo,Manter relacionamento ativo e acompanhar evolução.
15628863,0.27,Baixo,Manter relacionamento ativo e acompanhar evolução.
15792176,0.27,Baixo,Manter relacionamento ativo e acompanhar evolução.
15748797,0.27,Baixo,Manter relacionamento ativo e acompanhar evolução.
15654772,0.27,Baixo,Manter relacionamento ativo e acompanhar evolução.
15690231,0.27,Baixo,Manter relacionamento ativo e acompanhar evolução.
15787161,0.27,Baixo,Manter relacionamento ativo e acompanhar evolução.
15684211,0.27,Baixo,Manter relacionamento ativo e acompanhar evolução.
15780088,0.27,Baixo,Manter relacionamento ativo e acompanhar evolução.
15576216,0.27,Baixo,Manter relacionamento ativo e acompanhar evolução.
15722548,0.27,Baixo,Manter relacionamento ativo e acompanhar evolução.
15766166,0.27,Baixo,Manter relacionamento ativo e acompanhar evolução.
15696141,0.265,Baixo,Manter relacionamento ativo e acompanhar evolução.
15652626,0.265,Baixo,Manter relacionamento ativo e acompanhar evolução.
15778604,0.265,Baixo,Manter relacionamento ativo e acompanhar evolução.
15572022,0.265,Baixo,Manter relacionamento ativo e acompanhar evolução.
15763895,0.265,Baixo,Manter relacionamento ativo e acompanhar evolução.
15797910,0.265,Baixo,Manter relacionamento ativo e acompanhar evolução.
15645593,0.265,Baixo,Manter relacionamento ativo e acompanhar evolução.
15723217,0.265,Baixo,Manter relacionamento ativo e acompanhar evolução.
15636820,0.265,Baixo,Manter relacionamento ativo e acompanhar evolução.
15613427,0.265,Baixo,Manter relacionamento ativo e acompanhar evolução.
15702462,0.265,Baixo,Manter relacionamento ativo e acompanhar evolução.
15697574,0.265,Baixo,Manter relacionamento ativo e acompanhar evolução.
15629551,0.265,Baixo,Manter relacionamento ativo e acompanhar evolução.
15734202,0.265,Baixo,Manter relacionamento ativo e acompanhar evolução.
15594786,0.26,Baixo,Manter relacionamento ativo e acompanhar evolução.
15799811,0.26,Baixo,Manter relacionamento ativo e acompanhar evolução.
15605425,0.26,Baixo,Manter relacionamento ativo e acompanhar evolução.
15566139,0.26,Baixo,Manter relacionamento ativo e acompanhar evolução.
15585580,0.26,Baixo,Manter relacionamento ativo e acompanhar evolução.
15752300,0.26,Baixo,Manter relacionamento ativo e acompanhar evolução.
15738828,0.26,Baixo,Manter relacionamento ativo e acompanhar evolução.
15702669,0.26,Baixo,Manter relacionamento ativo e acompanhar evolução.
15788483,0.26,Baixo,Manter relacionamento ativo e acompanhar evolução.
15623314,0.26,Baixo,Manter relacionamento ativo e acompanhar evolução.
15696054,0.26,Baixo,Manter relacionamento ativo e acompanhar evolução.
15812272,0.26,Baixo,Manter relacionamento ativo e acompanhar evolução.
15642162,0.26,Baixo,Manter relacionamento ativo e acompanhar evolução.
15619016,0.26,Baixo,Manter relacionamento ativo e acompanhar evolução.
15638487,0.26,Baixo,Manter relacionamento ativo e acompanhar evolução.
15566660,0.26,Baixo,Manter relacionamento ativo e acompanhar evolução.
15698932,0.26,Baixo,Manter relacionamento ativo e acompanhar evolução.
15773779,0.26,Baixo,Manter relacionamento ativo e acompanhar evolução.
15705890,0.26,Baixo,Manter relacionamento ativo e acompanhar evolução.
15768006,0.26,Baixo,Manter relacionamento ativo e acompanhar evolução.
15576706,0.26,Baixo,Manter relacionamento ativo e acompanhar evolução.
15587299,0.26,Baixo,Manter relacionamento ativo e acompanhar evolução.
15604146,0.255,Baixo,Manter relacionamento ativo e acompanhar evolução.
15775662,0.255,Baixo,Manter relacionamento ativo e acompanhar evolução.
15647266,0.255,Baixo,Manter relacionamento ativo e acompanhar evolução.
15802625,0.255,Baixo,Manter relacionamento ativo e acompanhar evolução.
15788025,0.255,Baixo,Manter relacionamento ativo e acompanhar evolução.
15776096,0.255,Baixo,Manter relacionamento ativo e acompanhar evolução.
15788224,0.255,Baixo,Manter relacionamento ativo e acompanhar evolução.
15732113,0.255,Baixo,Manter relacionamento ativo e acompanhar evolução.
15715079,0.255,Baixo,Manter relacionamento ativo e acompanhar evolução.
15623502,0.255,Baixo,Manter relacionamento ativo e acompanhar evolução.
15809347,0.255,Baixo,Manter relacionamento ativo e acompanhar evolução.
15775625,0.255,Baixo,Manter relacionamento ativo e acompanhar evolução.
15804038,0.255,Baixo,Manter relacionamento ativo e acompanhar evolução.
15702806,0.255,Baixo,Manter relacionamento ativo e acompanhar evolução.
15639303,0.255,Baixo,Manter relacionamento ativo e acompanhar evolução.
15673908,0.255,Baixo,Manter relacionamento ativo e acompanhar evolução.
15738634,0.255,Baixo,Manter relacionamento ativo e acompanhar evolução.
15611800,0.255,Baixo,Manter relacionamento ativo e acompanhar evolução.
15579223,0.255,Baixo,Manter relacionamento ativo e acompanhar evolução.
15651983,0.25,Baixo,Manter relacionamento ativo e acompanhar evolução.
15770255,0.25,Baixo,Manter relacionamento ativo e acompanhar evolução.
15736271,0.25,Baixo,Manter relacionamento ativo e acompanhar evolução.
15718216,0.25,Baixo,Manter relacionamento ativo e acompanhar evolução.
15574910,0.25,Baixo,Manter relacionamento ativo e acompanhar evolução.
15620111,0.25,Baixo,Manter relacionamento ativo e acompanhar evolução.
15777616,0.25,Baixo,Manter relacionamento ativo e acompanhar evolução.
15599078,0.25,Baixo,Manter relacionamento ativo e acompanhar evolução.
15644400,0.25,Baixo,Manter relacionamento ativo e acompanhar evolução.
15765375,0.25,Baixo,Manter relacionamento ativo e acompanhar evolução.
15721569,0.25,Baixo,Manter relacionamento ativo e acompanhar evolução.
15757559,0.25,Baixo,Manter relacionamento ativo e acompanhar evolução.
15609510,0.25,Baixo,Manter relacionamento ativo e acompanhar evolução.
15732430,0.25,Baixo,Manter relacionamento ativo e acompanhar evolução.
15611058,0.25,Baixo,Manter relacionamento ativo e acompanhar evolução.
15672516,0.25,Baixo,Manter relacionamento ativo e acompanhar evolução.
15654296,0.245,Baixo,Manter relacionamento ativo e acompanhar evolução.
15692819,0.245,Baixo,Manter relacionamento ativo e acompanhar evolução.
15594898,0.245,Baixo,Manter relacionamento ativo e acompanhar evolução.
15596379,0.245,Baixo,Manter relacionamento ativo e acompanhar evolução.
15596175,0.245,Baixo,Manter relacionamento ativo e acompanhar evolução.
15766686,0.245,Baixo,Manter relacionamento ativo e acompanhar evolução.
15611371,0.245,Baixo,Manter relacionamento ativo e acompanhar evolução.
15640161,0.245,Baixo,Manter relacionamento ativo e acompanhar evolução.
15613048,0.245,Baixo,Manter relacionamento ativo e acompanhar evolução.
15636388,0.245,Baixo,Manter relacionamento ativo e acompanhar evolução.
15608873,0.245,Baixo,Manter relacionamento ativo e acompanhar evolução.
15736760,0.245,Baixo,Manter relacionamento ativo e acompanhar evolução.
15793425,0.245,Baixo,Manter relacionamento ativo e acompanhar evolução.
15720338,0.245,Baixo,Manter relacionamento ativo e acompanhar evolução.
15647570,0.245,Baixo,Manter relacionamento ativo e acompanhar evolução.
15668058,0.245,Baixo,Manter relacionamento ativo e acompanhar evolução.
15576263,0.245,Baixo,Manter relacionamento ativo e acompanhar evolução.
15575399,0.24,Baixo,Manter relacionamento ativo e acompanhar evolução.
15569098,0.24,Baixo,Manter relacionamento ativo e acompanhar evolução.
15809772,0.24,Baixo,Manter relacionamento ativo e acompanhar evolução.
15677062,0.24,Baixo,Manter relacionamento ativo e acompanhar evolução.
15582168,0.24,Baixo,Manter relacionamento ativo e acompanhar evolução.
15703544,0.24,Baixo,Manter relacionamento ativo e acompanhar evolução.
15678572,0.24,Baixo,Manter relacionamento ativo e acompanhar evolução.
15754053,0.24,Baixo,Manter relacionamento ativo e acompanhar evolução.
15581626,0.24,Baixo,Manter relacionamento ativo e acompanhar evolução.
15715709,0.24,Baixo,Manter relacionamento ativo e acompanhar evolução.
15662100,0.24,Baixo,Manter relacionamento ativo e acompanhar evolução.
15684469,0.24,Baixo,Manter relacionamento ativo e acompanhar evolução.
15596339,0.24,Baixo,Manter relacionamento ativo e acompanhar evolução.
15579040,0.24,Baixo,Manter relacionamento ativo e acompanhar evolução.
15792328,0.24,Baixo,Manter relacionamento ativo e acompanhar evolução.
15609558,0.235,Baixo,Manter relacionamento ativo e acompanhar evolução.
15807889,0.235,Baixo,Manter relacionamento ativo e acompanhar evolução.
15654975,0.235,Baixo,Manter relacionamento ativo e acompanhar evolução.
15723864,0.235,Baixo,Manter relacionamento ativo e acompanhar evolução.
15624293,0.235,Baixo,Manter relacionamento ativo e acompanhar evolução.
15788367,0.235,Baixo,Manter relacionamento ativo e acompanhar evolução.
15713632,0.235,Baixo,Manter relacionamento ativo e acompanhar evolução.
15642726,0.235,Baixo,Manter relacionamento ativo e acompanhar evolução.
15724838,0.235,Baixo,Manter relacionamento ativo e acompanhar evolução.
15728005,0.235,Baixo,Manter relacionamento ativo e acompanhar evolução.
15729454,0.235,Baixo,Manter relacionamento ativo e acompanhar evolução.
15787459,0.235,Baixo,Manter relacionamento ativo e acompanhar evolução.
15687079,0.235,Baixo,Manter relacionamento ativo e acompanhar evolução.
15590094,0.235,Baixo,Manter relacionamento ativo e acompanhar evolução.
15572762,0.235,Baixo,Manter relacionamento ativo e acompanhar evolução.
15726313,0.235,Baixo,Manter relacionamento ativo e acompanhar evolução.
15614813,0.235,Baixo,Manter relacionamento ativo e acompanhar evolução.
15691119,0.235,Baixo,Manter relacionamento ativo e acompanhar evolução.
15809143,0.235,Baixo,Manter relacionamento ativo e acompanhar evolução.
15621075,0.235,Baixo,Manter relacionamento ativo e acompanhar evolução.
15643908,0.235,Baixo,Manter relacionamento ativo e acompanhar evolução.
15565796,0.235,Baixo,Manter relacionamento ativo e acompanhar evolução.
15631871,0.23,Baixo,Manter relacionamento ativo e acompanhar evolução.
15786215,0.23,Baixo,Manter relacionamento ativo e acompanhar evolução.
15611729,0.23,Baixo,Manter relacionamento ativo e acompanhar evolução.
15703059,0.23,Baixo,Manter relacionamento ativo e acompanhar evolução.
15624695,0.23,Baixo,Manter relacionamento ativo e acompanhar evolução.
15713532,0.23,Baixo,Manter relacionamento ativo e acompanhar evolução.
15654495,0.23,Baixo,Manter relacionamento ativo e acompanhar evolução.
15610355,0.23,Baixo,Manter relacionamento ativo e acompanhar evolução.
15571261,0.23,Baixo,Manter relacionamento ativo e acompanhar evolução.
15607133,0.23,Baixo,Manter relacionamento ativo e acompanhar evolução.
15712199,0.23,Baixo,Manter relacionamento ativo e acompanhar evolução.
15723263,0.23,Baixo,Manter relacionamento ativo e acompanhar evolução.
15640580,0.23,Baixo,Manter relacionamento ativo e acompanhar evolução.
15785406,0.23,Baixo,Manter relacionamento ativo e acompanhar evolução.
15585855,0.23,Baixo,Manter relacionamento ativo e acompanhar evolução.
15708162,0.23,Baixo,Manter relacionamento ativo e acompanhar evolução.
15673984,0.23,Baixo,Manter relacionamento ativo e acompanhar evolução.
15662151,0.23,Baixo,Manter relacionamento ativo e acompanhar evolução.
15622631,0.23,Baixo,Manter relacionamento ativo e acompanhar evolução.
15721793,0.23,Baixo,Manter relacionamento ativo e acompanhar evolução.
15661945,0.23,Baixo,Manter relacionamento ativo e acompanhar evolução.
15748854,0.23,Baixo,Manter relacionamento ativo e acompanhar evolução.
15720687,0.23,Baixo,Manter relacionamento ativo e acompanhar evolução.
15655590,0.225,Baixo,Manter relacionamento ativo e acompanhar evolução.
15576313,0.225,Baixo,Manter relacionamento ativo e acompanhar evolução.
15722813,0.225,Baixo,Manter relacionamento ativo e acompanhar evolução.
15592089,0.225,Baixo,Manter relacionamento ativo e acompanhar evolução.
15669326,0.225,Baixo,Manter relacionamento ativo e acompanhar evolução.
15592379,0.225,Baixo,Manter relacionamento ativo e acompanhar evolução.
15737506,0.225,Baixo,Manter relacionamento ativo e acompanhar evolução.
15732020,0.225,Baixo,Manter relacionamento ativo e acompanhar evolução.
15653110,0.225,Baixo,Manter relacionamento ativo e acompanhar evolução.
15595883,0.225,Baixo,Manter relacionamento ativo e acompanhar evolução.
15628767,0.225,Baixo,Manter relacionamento ativo e acompanhar evolução.
15714087,0.225,Baixo,Manter relacionamento ativo e acompanhar evolução.
15804862,0.225,Baixo,Manter relacionamento ativo e acompanhar evolução.
15680421,0.225,Baixo,Manter relacionamento ativo e acompanhar evolução.
15733387,0.225,Baixo,Manter relacionamento ativo e acompanhar evolução.
15673333,0.225,Baixo,Manter relacionamento ativo e acompanhar evolução.
15705403,0.225,Baixo,Manter relacionamento ativo e acompanhar evolução.
15778526,0.225,Baixo,Manter relacionamento ativo e acompanhar evolução.
15613140,0.225,Baixo,Manter relacionamento ativo e acompanhar evolução.
15620344,0.225,Baixo,Manter relacionamento ativo e acompanhar evolução.
15743532,0.22,Baixo,Manter relacionamento ativo e acompanhar evolução.
15717290,0.22,Baixo,Manter relacionamento ativo e acompanhar evolução.
15717937,0.22,Baixo,Manter relacionamento ativo e acompanhar evolução.
15768104,0.22,Baixo,Manter relacionamento ativo e acompanhar evolução.
15660524,0.22,Baixo,Manter relacionamento ativo e acompanhar evolução.
15575935,0.22,Baixo,Manter relacionamento ativo e acompanhar evolução.
15706537,0.22,Baixo,Manter relacionamento ativo e acompanhar evolução.
15679963,0.22,Baixo,Manter relacionamento ativo e acompanhar evolução.
15769917,0.22,Baixo,Manter relacionamento ativo e acompanhar evolução.
15602812,0.22,Baixo,Manter relacionamento ativo e acompanhar evolução.
15714355,0.22,Baixo,Manter relacionamento ativo e acompanhar evolução.
15604497,0.22,Baixo,Manter relacionamento ativo e acompanhar evolução.
15612524,0.22,Baixo,Manter relacionamento ativo e acompanhar evolução.
15673995,0.22,Baixo,Manter relacionamento ativo e acompanhar evolução.
15792250,0.22,Baixo,Manter relacionamento ativo e acompanhar evolução.
15793478,0.22,Baixo,Manter relacionamento ativo e acompanhar evolução.
15644621,0.22,Baixo,Manter relacionamento ativo e acompanhar evolução.
15813022,0.22,Baixo,Manter relacionamento ativo e acompanhar evolução.
15748499,0.22,Baixo,Manter relacionamento ativo e acompanhar evolução.
15730273,0.22,Baixo,Manter relacionamento ativo e acompanhar evolução.
15628558,0.22,Baixo,Manter relacionamento ativo e acompanhar evolução.
15663808,0.22,Baixo,Manter relacionamento ativo e acompanhar evolução.
15578648,0.22,Baixo,Manter relacionamento ativo e acompanhar evolução.
15651001,0.22,Baixo,Manter relacionamento ativo e acompanhar evolução.
15656937,0.22,Baixo,Manter relacionamento ativo e acompanhar evolução.
15578761,0.22,Baixo,Manter relacionamento ativo e acompanhar evolução.
15799435,0.215,Baixo,Manter relacionamento ativo e acompanhar evolução.
15807481,0.215,Baixo,Manter relacionamento ativo e acompanhar evolução.
15662574,0.215,Baixo,Manter relacionamento ativo e acompanhar evolução.
15716984,0.215,Baixo,Manter relacionamento ativo e acompanhar evolução.
15585865,0.215,Baixo,Manter relacionamento ativo e acompanhar evolução.
15811978,0.215,Baixo,Manter relacionamento ativo e acompanhar evolução.
15735400,0.215,Baixo,Manter relacionamento ativo e acompanhar evolução.
15724623,0.215,Baixo,Manter relacionamento ativo e acompanhar evolução.
15601030,0.215,Baixo,Manter relacionamento ativo e acompanhar evolução.
15706557,0.215,Baixo,Manter relacionamento ativo e acompanhar evolução.
15625819,0.215,Baixo,Manter relacionamento ativo e acompanhar evolução.
15810775,0.215,Baixo,Manter relacionamento ativo e acompanhar evolução.
15609987,0.215,Baixo,Manter relacionamento ativo e acompanhar evolução.
15791326,0.215,Baixo,Manter relacionamento ativo e acompanhar evolução.
15661433,0.215,Baixo,Manter relacionamento ativo e acompanhar evolução.
15611756,0.215,Baixo,Manter relacionamento ativo e acompanhar evolução.
15734659,0.215,Baixo,Manter relacionamento ativo e acompanhar evolução.
15580845,0.215,Baixo,Manter relacionamento ativo e acompanhar evolução.
15700223,0.215,Baixo,Manter relacionamento ativo e acompanhar evolução.
15701074,0.215,Baixo,Manter relacionamento ativo e acompanhar evolução.
15711834,0.215,Baixo,Manter relacionamento ativo e acompanhar evolução.
15684908,0.215,Baixo,Manter relacionamento ativo e acompanhar evolução.
15737385,0.215,Baixo,Manter relacionamento ativo e acompanhar evolução.
15718765,0.215,Baixo,Manter relacionamento ativo e acompanhar evolução.
15757829,0.215,Baixo,Manter relacionamento ativo e acompanhar evolução.
15738662,0.215,Baixo,Manter relacionamento ativo e acompanhar evolução.
15601045,0.215,Baixo,Manter relacionamento ativo e acompanhar evolução.
15766272,0.215,Baixo,Manter relacionamento ativo e acompanhar evolução.
15646037,0.215,Baixo,Manter relacionamento ativo e acompanhar evolução.
15654851,0.215,Baixo,Manter relacionamento ativo e acompanhar evolução.
15574842,0.215,Baixo,Manter relacionamento ativo e acompanhar evolução.
15598846,0.215,Baixo,Manter relacionamento ativo e acompanhar evolução.
15693893,0.21,Baixo,Manter relacionamento ativo e acompanhar evolução.
15673837,0.21,Baixo,Manter relacionamento ativo e acompanhar evolução.
15740868,0.21,Baixo,Manter relacionamento ativo e acompanhar evolução.
15628059,0.21,Baixo,Manter relacionamento ativo e acompanhar evolução.
15642655,0.21,Baixo,Manter relacionamento ativo e acompanhar evolução.
15567446,0.21,Baixo,Manter relacionamento ativo e acompanhar evolução.
15666982,0.21,Baixo,Manter relacionamento ativo e acompanhar evolução.
15698031,0.21,Baixo,Manter relacionamento ativo e acompanhar evolução.
15583680,0.21,Baixo,Manter relacionamento ativo e acompanhar evolução.
15622461,0.21,Baixo,Manter relacionamento ativo e acompanhar evolução.
15713144,0.21,Baixo,Manter relacionamento ativo e acompanhar evolução.
15621870,0.21,Baixo,Manter relacionamento ativo e acompanhar evolução.
15653306,0.21,Baixo,Manter relacionamento ativo e acompanhar evolução.
15586243,0.21,Baixo,Manter relacionamento ativo e acompanhar evolução.
15697310,0.21,Baixo,Manter relacionamento ativo e acompanhar evolução.
15616280,0.21,Baixo,Manter relacionamento ativo e acompanhar evolução.
15754342,0.21,Baixo,Manter relacionamento ativo e acompanhar evolução.
15672246,0.21,Baixo,Manter relacionamento ativo e acompanhar evolução.
15618239,0.21,Baixo,Manter relacionamento ativo e acompanhar evolução.
15738889,0.21,Baixo,Manter relacionamento ativo e acompanhar evolução.
15710316,0.205,Baixo,Manter relacionamento ativo e acompanhar evolução.
15808760,0.205,Baixo,Manter relacionamento ativo e acompanhar evolução.
15737605,0.205,Baixo,Manter relacionamento ativo e acompanhar evolução.
15630913,0.205,Baixo,Manter relacionamento ativo e acompanhar evolução.
15678412,0.205,Baixo,Manter relacionamento ativo e acompanhar evolução.
15752731,0.205,Baixo,Manter relacionamento ativo e acompanhar evolução.
15775293,0.205,Baixo,Manter relacionamento ativo e acompanhar evolução.
15771059,0.205,Baixo,Manter relacionamento ativo e acompanhar evolução.
15638463,0.205,Baixo,Manter relacionamento ativo e acompanhar evolução.
15767358,0.205,Baixo,Manter relacionamento ativo e acompanhar evolução.
15739194,0.205,Baixo,Manter relacionamento ativo e acompanhar evolução.
15579566,0.205,Baixo,Manter relacionamento ativo e acompanhar evolução.
15708357,0.205,Baixo,Manter relacionamento ativo e acompanhar evolução.
15620276,0.205,Baixo,Manter relacionamento ativo e acompanhar evolução.
15784676,0.205,Baixo,Manter relacionamento ativo e acompanhar evolução.
15802909,0.205,Baixo,Manter relacionamento ativo e acompanhar evolução.
15569247,0.205,Baixo,Manter relacionamento ativo e acompanhar evolução.
15636767,0.205,Baixo,Manter relacionamento ativo e acompanhar evolução.
15748532,0.205,Baixo,Manter relacionamento ativo e acompanhar evolução.
15687634,0.205,Baixo,Manter relacionamento ativo e acompanhar evolução.
15682528,0.205,Baixo,Manter relacionamento ativo e acompanhar evolução.
15746726,0.205,Baixo,Manter relacionamento ativo e acompanhar evolução.
15724423,0.205,Baixo,Manter relacionamento ativo e acompanhar evolução.
15721207,0.205,Baixo,Manter relacionamento ativo e acompanhar evolução.
15766683,0.205,Baixo,Manter relacionamento ativo e acompanhar evolução.
15752809,0.205,Baixo,Manter relacionamento ativo e acompanhar evolução.
15573452,0.205,Baixo,Manter relacionamento ativo e acompanhar evolução.
15801218,0.205,Baixo,Manter relacionamento ativo e acompanhar evolução.
15698522,0.205,Baixo,Manter relacionamento ativo e acompanhar evolução.
15794273,0.205,Baixo,Manter relacionamento ativo e acompanhar evolução.
15670416,0.205,Baixo,Manter relacionamento ativo e acompanhar evolução.
15753102,0.205,Baixo,Manter relacionamento ativo e acompanhar evolução.
15768124,0.205,Baixo,Manter relacionamento ativo e acompanhar evolução.
15693267,0.205,Baixo,Manter relacionamento ativo e acompanhar evolução.
15645316,0.2,Baixo,Manter relacionamento ativo e acompanhar evolução.
15572428,0.2,Baixo,Manter relacionamento ativo e acompanhar evolução.
15778320,0.2,Baixo,Manter relacionamento ativo e acompanhar evolução.
15599403,0.2,Baixo,Manter relacionamento ativo e acompanhar evolução.
15639662,0.2,Baixo,Manter relacionamento ativo e acompanhar evolução.
15707189,0.2,Baixo,Manter relacionamento ativo e acompanhar evolução.
15631848,0.2,Baixo,Manter relacionamento ativo e acompanhar evolução.
15783305,0.2,Baixo,Manter relacionamento ativo e acompanhar evolução.
15695299,0.2,Baixo,Manter relacionamento ativo e acompanhar evolução.
15775756,0.2,Baixo,Manter relacionamento ativo e acompanhar evolução.
15714981,0.2,Baixo,Manter relacionamento ativo e acompanhar evolução.
15771750,0.2,Baixo,Manter relacionamento ativo e acompanhar evolução.
15766047,0.2,Baixo,Manter relacionamento ativo e acompanhar evolução.
15700826,0.2,Baixo,Manter relacionamento ativo e acompanhar evolução.
15750811,0.2,Baixo,Manter relacionamento ativo e acompanhar evolução.
15725818,0.2,Baixo,Manter relacionamento ativo e acompanhar evolução.
15741385,0.2,Baixo,Manter relacionamento ativo e acompanhar evolução.
15751185,0.2,Baixo,Manter relacionamento ativo e acompanhar evolução.
15685245,0.2,Baixo,Manter relacionamento ativo e acompanhar evolução.
15762331,0.2,Baixo,Manter relacionamento ativo e acompanhar evolução.
15652218,0.2,Baixo,Manter relacionamento ativo e acompanhar evolução.
15750728,0.2,Baixo,Manter relacionamento ativo e acompanhar evolução.
15799042,0.2,Baixo,Manter relacionamento ativo e acompanhar evolução.
15570192,0.2,Baixo,Manter relacionamento ativo e acompanhar evolução.
15594041,0.2,Baixo,Manter relacionamento ativo e acompanhar evolução.
15738166,0.2,Baixo,Manter relacionamento ativo e acompanhar evolução.
15677371,0.2,Baixo,Manter relacionamento ativo e acompanhar evolução.
15669957,0.2,Baixo,Manter relacionamento ativo e acompanhar evolução.
15609928,0.195,Baixo,Manter relacionamento ativo e acompanhar evolução.
15738516,0.195,Baixo,Manter relacionamento ativo e acompanhar evolução.
15599433,0.195,Baixo,Manter relacionamento ativo e acompanhar evolução.
15609977,0.195,Baixo,Manter relacionamento ativo e acompanhar evolução.
15737647,0.195,Baixo,Manter relacionamento ativo e acompanhar evolução.
15621267,0.195,Baixo,Manter relacionamento ativo e acompanhar evolução.
15799515,0.195,Baixo,Manter relacionamento ativo e acompanhar evolução.
15731463,0.195,Baixo,Manter relacionamento ativo e acompanhar evolução.
15584320,0.195,Baixo,Manter relacionamento ativo e acompanhar evolução.
15811958,0.195,Baixo,Manter relacionamento ativo e acompanhar evolução.
15605447,0.195,Baixo,Manter relacionamento ativo e acompanhar evolução.
15658675,0.195,Baixo,Manter relacionamento ativo e acompanhar evolução.
15744691,0.195,Baixo,Manter relacionamento ativo e acompanhar evolução.
15764351,0.195,Baixo,Manter relacionamento ativo e acompanhar evolução.
15676091,0.195,Baixo,Manter relacionamento ativo e acompanhar evolução.
15757617,0.195,Baixo,Manter relacionamento ativo e acompanhar evolução.
15731026,0.195,Baixo,Manter relacionamento ativo e acompanhar evolução.
15635388,0.195,Baixo,Manter relacionamento ativo e acompanhar evolução.
15570990,0.195,Baixo,Manter relacionamento ativo e acompanhar evolução.
15631339,0.195,Baixo,Manter relacionamento ativo e acompanhar evolução.
15707602,0.195,Baixo,Manter relacionamento ativo e acompanhar evolução.
15777054,0.195,Baixo,Manter relacionamento ativo e acompanhar evolução.
15664793,0.195,Baixo,Manter relacionamento ativo e acompanhar evolução.
15736778,0.195,Baixo,Manter relacionamento ativo e acompanhar evolução.
15762238,0.195,Baixo,Manter relacionamento ativo e acompanhar evolução.
15690796,0.195,Baixo,Manter relacionamento ativo e acompanhar evolução.
15607753,0.19,Baixo,Manter relacionamento ativo e acompanhar evolução.
15783026,0.19,Baixo,Manter relacionamento ativo e acompanhar evolução.
15794841,0.19,Baixo,Manter relacionamento ativo e acompanhar evolução.
15710053,0.19,Baixo,Manter relacionamento ativo e acompanhar evolução.
15699284,0.19,Baixo,Manter relacionamento ativo e acompanhar evolução.
15746594,0.19,Baixo,Manter relacionamento ativo e acompanhar evolução.
15721469,0.19,Baixo,Manter relacionamento ativo e acompanhar evolução.
15610416,0.19,Baixo,Manter relacionamento ativo e acompanhar evolução.
15690620,0.19,Baixo,Manter relacionamento ativo e acompanhar evolução.
15757568,0.19,Baixo,Manter relacionamento ativo e acompanhar evolução.
15599081,0.19,Baixo,Manter relacionamento ativo e acompanhar evolução.
15783097,0.19,Baixo,Manter relacionamento ativo e acompanhar evolução.
15718369,0.19,Baixo,Manter relacionamento ativo e acompanhar evolução.
15621063,0.19,Baixo,Manter relacionamento ativo e acompanhar evolução.
15607993,0.19,Baixo,Manter relacionamento ativo e acompanhar evolução.
15772216,0.19,Baixo,Manter relacionamento ativo e acompanhar evolução.
15576368,0.19,Baixo,Manter relacionamento ativo e acompanhar evolução.
15770435,0.19,Baixo,Manter relacionamento ativo e acompanhar evolução.
15660475,0.19,Baixo,Manter relacionamento ativo e acompanhar evolução.
15795488,0.19,Baixo,Manter relacionamento ativo e acompanhar evolução.
15759244,0.19,Baixo,Manter relacionamento ativo e acompanhar evolução.
15633640,0.19,Baixo,Manter relacionamento ativo e acompanhar evolução.
15728912,0.19,Baixo,Manter relacionamento ativo e acompanhar evolução.
15802274,0.19,Baixo,Manter relacionamento ativo e acompanhar evolução.
15812628,0.19,Baixo,Manter relacionamento ativo e acompanhar evolução.
15735080,0.19,Baixo,Manter relacionamento ativo e acompanhar evolução.
15715527,0.19,Baixo,Manter relacionamento ativo e acompanhar evolução.
15814268,0.19,Baixo,Manter relacionamento ativo e acompanhar evolução.
15718852,0.185,Baixo,Manter relacionamento ativo e acompanhar evolução.
15649280,0.185,Baixo,Manter relacionamento ativo e acompanhar evolução.
15644878,0.185,Baixo,Manter relacionamento ativo e acompanhar evolução.
15756535,0.185,Baixo,Manter relacionamento ativo e acompanhar evolução.
15764922,0.185,Baixo,Manter relacionamento ativo e acompanhar evolução.
15727703,0.185,Baixo,Manter relacionamento ativo e acompanhar evolução.
15587535,0.185,Baixo,Manter relacionamento ativo e acompanhar evolução.
15747878,0.185,Baixo,Manter relacionamento ativo e acompanhar evolução.
15611223,0.185,Baixo,Manter relacionamento ativo e acompanhar evolução.
15701333,0.185,Baixo,Manter relacionamento ativo e acompanhar evolução.
15746695,0.185,Baixo,Manter relacionamento ativo e acompanhar evolução.
15691104,0.185,Baixo,Manter relacionamento ativo e acompanhar evolução.
15581748,0.185,Baixo,Manter relacionamento ativo e acompanhar evolução.
15717010,0.185,Baixo,Manter relacionamento ativo e acompanhar evolução.
15680727,0.185,Baixo,Manter relacionamento ativo e acompanhar evolução.
15683521,0.185,Baixo,Manter relacionamento ativo e acompanhar evolução.
15722004,0.185,Baixo,Manter relacionamento ativo e acompanhar evolução.
15677906,0.185,Baixo,Manter relacionamento ativo e acompanhar evolução.
15776518,0.185,Baixo,Manter relacionamento ativo e acompanhar evolução.
15646726,0.185,Baixo,Manter relacionamento ativo e acompanhar evolução.
15750837,0.185,Baixo,Manter relacionamento ativo e acompanhar evolução.
15741032,0.185,Baixo,Manter relacionamento ativo e acompanhar evolução.
15680920,0.185,Baixo,Manter relacionamento ativo e acompanhar evolução.
15574795,0.185,Baixo,Manter relacionamento ativo e acompanhar evolução.
15627251,0.185,Baixo,Manter relacionamento ativo e acompanhar evolução.
15594340,0.185,Baixo,Manter relacionamento ativo e acompanhar evolução.
15773512,0.185,Baixo,Manter relacionamento ativo e acompanhar evolução.
15776124,0.185,Baixo,Manter relacionamento ativo e acompanhar evolução.
15757897,0.185,Baixo,Manter relacionamento ativo e acompanhar evolução.
15706463,0.185,Baixo,Manter relacionamento ativo e acompanhar evolução.
15726631,0.185,Baixo,Manter relacionamento ativo e acompanhar evolução.
15814772,0.185,Baixo,Manter relacionamento ativo e acompanhar evolução.
15772421,0.185,Baixo,Manter relacionamento ativo e acompanhar evolução.
15798885,0.185,Baixo,Manter relacionamento ativo e acompanhar evolução.
15771509,0.185,Baixo,Manter relacionamento ativo e acompanhar evolução.
15566091,0.185,Baixo,Manter relacionamento ativo e acompanhar evolução.
15765982,0.185,Baixo,Manter relacionamento ativo e acompanhar evolução.
15630910,0.18,Baixo,Manter relacionamento ativo e acompanhar evolução.
15792365,0.18,Baixo,Manter relacionamento ativo e acompanhar evolução.
15714080,0.18,Baixo,Manter relacionamento ativo e acompanhar evolução.
15766066,0.18,Baixo,Manter relacionamento ativo e acompanhar evolução.
15654211,0.18,Baixo,Manter relacionamento ativo e acompanhar evolução.
15748597,0.18,Baixo,Manter relacionamento ativo e acompanhar evolução.
15735221,0.18,Baixo,Manter relacionamento ativo e acompanhar evolução.
15645956,0.18,Baixo,Manter relacionamento ativo e acompanhar evolução.
15709441,0.18,Baixo,Manter relacionamento ativo e acompanhar evolução.
15805429,0.18,Baixo,Manter relacionamento ativo e acompanhar evolução.
15717736,0.18,Baixo,Manter relacionamento ativo e acompanhar evolução.
15613816,0.18,Baixo,Manter relacionamento ativo e acompanhar evolução.
15638003,0.18,Baixo,Manter relacionamento ativo e acompanhar evolução.
15798200,0.18,Baixo,Manter relacionamento ativo e acompanhar evolução.
15570073,0.18,Baixo,Manter relacionamento ativo e acompanhar evolução.
15734970,0.18,Baixo,Manter relacionamento ativo e acompanhar evolução.
15620570,0.18,Baixo,Manter relacionamento ativo e acompanhar evolução.
15693690,0.18,Baixo,Manter relacionamento ativo e acompanhar evolução.
15719561,0.18,Baixo,Manter relacionamento ativo e acompanhar evolução.
15726832,0.18,Baixo,Manter relacionamento ativo e acompanhar evolução.
15749019,0.18,Baixo,Manter relacionamento ativo e acompanhar evolução.
15804771,0.18,Baixo,Manter relacionamento ativo e acompanhar evolução.
15718039,0.18,Baixo,Manter relacionamento ativo e acompanhar evolução.
15781665,0.18,Baixo,Manter relacionamento ativo e acompanhar evolução.
15664808,0.18,Baixo,Manter relacionamento ativo e acompanhar evolução.
15730038,0.18,Baixo,Manter relacionamento ativo e acompanhar evolução.
15646490,0.18,Baixo,Manter relacionamento ativo e acompanhar evolução.
15646566,0.18,Baixo,Manter relacionamento ativo e acompanhar evolução.
15712319,0.18,Baixo,Manter relacionamento ativo e acompanhar evolução.
15736420,0.18,Baixo,Manter relacionamento ativo e acompanhar evolução.
15669060,0.18,Baixo,Manter relacionamento ativo e acompanhar evolução.
15734461,0.18,Baixo,Manter relacionamento ativo e acompanhar evolução.
15665064,0.18,Baixo,Manter relacionamento ativo e acompanhar evolução.
15808851,0.18,Baixo,Manter relacionamento ativo e acompanhar evolução.
15771087,0.18,Baixo,Manter relacionamento ativo e acompanhar evolução.
15775238,0.18,Baixo,Manter relacionamento ativo e acompanhar evolução.
15654025,0.18,Baixo,Manter relacionamento ativo e acompanhar evolução.
15767818,0.18,Baixo,Manter relacionamento ativo e acompanhar evolução.
15736533,0.18,Baixo,Manter relacionamento ativo e acompanhar evolução.
15636736,0.18,Baixo,Manter relacionamento ativo e acompanhar evolução.
15648030,0.18,Baixo,Manter relacionamento ativo e acompanhar evolução.
15670205,0.18,Baixo,Manter relacionamento ativo e acompanhar evolução.
15712568,0.18,Baixo,Manter relacionamento ativo e acompanhar evolução.
15754177,0.175,Baixo,Manter relacionamento ativo e acompanhar evolução.
15778463,0.175,Baixo,Manter relacionamento ativo e acompanhar evolução.
15675585,0.175,Baixo,Manter relacionamento ativo e acompanhar evolução.
15612893,0.175,Baixo,Manter relacionamento ativo e acompanhar evolução.
15624013,0.175,Baixo,Manter relacionamento ativo e acompanhar evolução.
15770375,0.175,Baixo,Manter relacionamento ativo e acompanhar evolução.
15764105,0.175,Baixo,Manter relacionamento ativo e acompanhar evolução.
15647965,0.175,Baixo,Manter relacionamento ativo e acompanhar evolução.
15724851,0.175,Baixo,Manter relacionamento ativo e acompanhar evolução.
15623858,0.175,Baixo,Manter relacionamento ativo e acompanhar evolução.
15677052,0.175,Baixo,Manter relacionamento ativo e acompanhar evolução.
15612505,0.175,Baixo,Manter relacionamento ativo e acompanhar evolução.
15762268,0.175,Baixo,Manter relacionamento ativo e acompanhar evolução.
15683841,0.175,Baixo,Manter relacionamento ativo e acompanhar evolução.
15784148,0.175,Baixo,Manter relacionamento ativo e acompanhar evolução.
15717527,0.175,Baixo,Manter relacionamento ativo e acompanhar evolução.
15735799,0.175,Baixo,Manter relacionamento ativo e acompanhar evolução.
15635776,0.175,Baixo,Manter relacionamento ativo e acompanhar evolução.
15786392,0.175,Baixo,Manter relacionamento ativo e acompanhar evolução.
15694098,0.175,Baixo,Manter relacionamento ativo e acompanhar evolução.
15806983,0.175,Baixo,Manter relacionamento ativo e acompanhar evolução.
15661507,0.175,Baixo,Manter relacionamento ativo e acompanhar evolução.
15628298,0.175,Baixo,Manter relacionamento ativo e acompanhar evolução.
15638494,0.175,Baixo,Manter relacionamento ativo e acompanhar evolução.
15595609,0.175,Baixo,Manter relacionamento ativo e acompanhar evolução.
15782390,0.175,Baixo,Manter relacionamento ativo e acompanhar evolução.
15595537,0.175,Baixo,Manter relacionamento ativo e acompanhar evolução.
15713853,0.175,Baixo,Manter relacionamento ativo e acompanhar evolução.
15755863,0.175,Baixo,Manter relacionamento ativo e acompanhar evolução.
15689344,0.175,Baixo,Manter relacionamento ativo e acompanhar evolução.
15810942,0.175,Baixo,Manter relacionamento ativo e acompanhar evolução.
15714993,0.175,Baixo,Manter relacionamento ativo e acompanhar evolução.
15737521,0.175,Baixo,Manter relacionamento ativo e acompanhar evolução.
15753969,0.175,Baixo,Manter relacionamento ativo e acompanhar evolução.
15742607,0.175,Baixo,Manter relacionamento ativo e acompanhar evolução.
15722122,0.175,Baixo,Manter relacionamento ativo e acompanhar evolução.
15711889,0.175,Baixo,Manter relacionamento ativo e acompanhar evolução.
15719649,0.175,Baixo,Manter relacionamento ativo e acompanhar evolução.
15699911,0.175,Baixo,Manter relacionamento ativo e acompanhar evolução.
15673367,0.175,Baixo,Manter relacionamento ativo e acompanhar evolução.
15736578,0.175,Baixo,Manter relacionamento ativo e acompanhar evolução.
15762928,0.175,Baixo,Manter relacionamento ativo e acompanhar evolução.
15743976,0.175,Baixo,Manter relacionamento ativo e acompanhar evolução.
15795747,0.17,Baixo,Manter relacionamento ativo e acompanhar evolução.
15751628,0.17,Baixo,Manter relacionamento ativo e acompanhar evolução.
15706268,0.17,Baixo,Manter relacionamento ativo e acompanhar evolução.
15691871,0.17,Baixo,Manter relacionamento ativo e acompanhar evolução.
15653050,0.17,Baixo,Manter relacionamento ativo e acompanhar evolução.
15764335,0.17,Baixo,Manter relacionamento ativo e acompanhar evolução.
15638159,0.17,Baixo,Manter relacionamento ativo e acompanhar evolução.
15694381,0.17,Baixo,Manter relacionamento ativo e acompanhar evolução.
15607690,0.17,Baixo,Manter relacionamento ativo e acompanhar evolução.
15677369,0.17,Baixo,Manter relacionamento ativo e acompanhar evolução.
15609637,0.17,Baixo,Manter relacionamento ativo e acompanhar evolução.
15631838,0.17,Baixo,Manter relacionamento ativo e acompanhar evolução.
15607040,0.17,Baixo,Manter relacionamento ativo e acompanhar evolução.
15694628,0.17,Baixo,Manter relacionamento ativo e acompanhar evolução.
15591035,0.17,Baixo,Manter relacionamento ativo e acompanhar evolução.
15593954,0.17,Baixo,Manter relacionamento ativo e acompanhar evolução.
15703264,0.17,Baixo,Manter relacionamento ativo e acompanhar evolução.
15719348,0.17,Baixo,Manter relacionamento ativo e acompanhar evolução.
15654901,0.17,Baixo,Manter relacionamento ativo e acompanhar evolução.
15586880,0.17,Baixo,Manter relacionamento ativo e acompanhar evolução.
15734714,0.17,Baixo,Manter relacionamento ativo e acompanhar evolução.
15745307,0.17,Baixo,Manter relacionamento ativo e acompanhar evolução.
15619436,0.17,Baixo,Manter relacionamento ativo e acompanhar evolução.
15623357,0.17,Baixo,Manter relacionamento ativo e acompanhar evolução.
15629575,0.17,Baixo,Manter relacionamento ativo e acompanhar evolução.
15812497,0.17,Baixo,Manter relacionamento ativo e acompanhar evolução.
15595831,0.17,Baixo,Manter relacionamento ativo e acompanhar evolução.
15723484,0.17,Baixo,Manter relacionamento ativo e acompanhar evolução.
15735078,0.17,Baixo,Manter relacionamento ativo e acompanhar evolução.
15678129,0.17,Baixo,Manter relacionamento ativo e acompanhar evolução.
15812706,0.17,Baixo,Manter relacionamento ativo e acompanhar evolução.
15632609,0.17,Baixo,Manter relacionamento ativo e acompanhar evolução.
15603134,0.17,Baixo,Manter relacionamento ativo e acompanhar evolução.
15788442,0.17,Baixo,Manter relacionamento ativo e acompanhar evolução.
15733297,0.17,Baixo,Manter relacionamento ativo e acompanhar evolução.
15754168,0.17,Baixo,Manter relacionamento ativo e acompanhar evolução.
15668472,0.17,Baixo,Manter relacionamento ativo e acompanhar evolução.
15568904,0.17,Baixo,Manter relacionamento ativo e acompanhar evolução.
15603794,0.17,Baixo,Manter relacionamento ativo e acompanhar evolução.
15661936,0.165,Baixo,Manter relacionamento ativo e acompanhar evolução.
15636860,0.165,Baixo,Manter relacionamento ativo e acompanhar evolução.
15647572,0.165,Baixo,Manter relacionamento ativo e acompanhar evolução.
15607275,0.165,Baixo,Manter relacionamento ativo e acompanhar evolução.
15624343,0.165,Baixo,Manter relacionamento ativo e acompanhar evolução.
15590286,0.165,Baixo,Manter relacionamento ativo e acompanhar evolução.
15679048,0.165,Baixo,Manter relacionamento ativo e acompanhar evolução.
15650313,0.165,Baixo,Manter relacionamento ativo e acompanhar evolução.
15568849,0.165,Baixo,Manter relacionamento ativo e acompanhar evolução.
15638047,0.165,Baixo,Manter relacionamento ativo e acompanhar evolução.
15583212,0.165,Baixo,Manter relacionamento ativo e acompanhar evolução.
15661290,0.165,Baixo,Manter relacionamento ativo e acompanhar evolução.
15795124,0.165,Baixo,Manter relacionamento ativo e acompanhar evolução.
15747854,0.165,Baixo,Manter relacionamento ativo e acompanhar evolução.
15677783,0.165,Baixo,Manter relacionamento ativo e acompanhar evolução.
15699467,0.165,Baixo,Manter relacionamento ativo e acompanhar evolução.
15809777,0.165,Baixo,Manter relacionamento ativo e acompanhar evolução.
15574169,0.165,Baixo,Manter relacionamento ativo e acompanhar evolução.
15749489,0.165,Baixo,Manter relacionamento ativo e acompanhar evolução.
15699492,0.165,Baixo,Manter relacionamento ativo e acompanhar evolução.
15706647,0.165,Baixo,Manter relacionamento ativo e acompanhar evolução.
15782364,0.165,Baixo,Manter relacionamento ativo e acompanhar evolução.
15808182,0.165,Baixo,Manter relacionamento ativo e acompanhar evolução.
15716164,0.165,Baixo,Manter relacionamento ativo e acompanhar evolução.
15784209,0.165,Baixo,Manter relacionamento ativo e acompanhar evolução.
15610643,0.165,Baixo,Manter relacionamento ativo e acompanhar evolução.
15600357,0.165,Baixo,Manter relacionamento ativo e acompanhar evolução.
15782550,0.165,Baixo,Manter relacionamento ativo e acompanhar evolução.
15645544,0.165,Baixo,Manter relacionamento ativo e acompanhar evolução.
15682533,0.165,Baixo,Manter relacionamento ativo e acompanhar evolução.
15602844,0.165,Baixo,Manter relacionamento ativo e acompanhar evolução.
15756824,0.165,Baixo,Manter relacionamento ativo e acompanhar evolução.
15775797,0.165,Baixo,Manter relacionamento ativo e acompanhar evolução.
15771000,0.165,Baixo,Manter relacionamento ativo e acompanhar evolução.
15757933,0.165,Baixo,Manter relacionamento ativo e acompanhar evolução.
15790299,0.165,Baixo,Manter relacionamento ativo e acompanhar evolução.
15572265,0.165,Baixo,Manter relacionamento ativo e acompanhar evolução.
15617320,0.165,Baixo,Manter relacionamento ativo e acompanhar evolução.
15683522,0.165,Baixo,Manter relacionamento ativo e acompanhar evolução.
15578809,0.165,Baixo,Manter relacionamento ativo e acompanhar evolução.
15605461,0.165,Baixo,Manter relacionamento ativo e acompanhar evolução.
15613463,0.165,Baixo,Manter relacionamento ativo e acompanhar evolução.
15583049,0.165,Baixo,Manter relacionamento ativo e acompanhar evolução.
15810995,0.165,Baixo,Manter relacionamento ativo e acompanhar evolução.
15601263,0.165,Baixo,Manter relacionamento ativo e acompanhar evolução.
15696733,0.165,Baixo,Manter relacionamento ativo e acompanhar evolução.
15757895,0.165,Baixo,Manter relacionamento ativo e acompanhar evolução.
15566633,0.165,Baixo,Manter relacionamento ativo e acompanhar evolução.
15610711,0.165,Baixo,Manter relacionamento ativo e acompanhar evolução.
15594450,0.165,Baixo,Manter relacionamento ativo e acompanhar evolução.
15787825,0.165,Baixo,Manter relacionamento ativo e acompanhar evolução.
15657105,0.165,Baixo,Manter relacionamento ativo e acompanhar evolução.
15796787,0.165,Baixo,Manter relacionamento ativo e acompanhar evolução.
15628205,0.16,Baixo,Manter relacionamento ativo e acompanhar evolução.
15567367,0.16,Baixo,Manter relacionamento ativo e acompanhar evolução.
15803941,0.16,Baixo,Manter relacionamento ativo e acompanhar evolução.
15622527,0.16,Baixo,Manter relacionamento ativo e acompanhar evolução.
15811594,0.16,Baixo,Manter relacionamento ativo e acompanhar evolução.
15697844,0.16,Baixo,Manter relacionamento ativo e acompanhar evolução.
15696605,0.16,Baixo,Manter relacionamento ativo e acompanhar evolução.
15620103,0.16,Baixo,Manter relacionamento ativo e acompanhar evolução.
15714240,0.16,Baixo,Manter relacionamento ativo e acompanhar evolução.
15627801,0.16,Baixo,Manter relacionamento ativo e acompanhar evolução.
15755648,0.16,Baixo,Manter relacionamento ativo e acompanhar evolução.
15612050,0.16,Baixo,Manter relacionamento ativo e acompanhar evolução.
15807595,0.16,Baixo,Manter relacionamento ativo e acompanhar evolução.
15705521,0.16,Baixo,Manter relacionamento ativo e acompanhar evolução.
15670345,0.16,Baixo,Manter relacionamento ativo e acompanhar evolução.
15708139,0.16,Baixo,Manter relacionamento ativo e acompanhar evolução.
15783477,0.16,Baixo,Manter relacionamento ativo e acompanhar evolução.
15728523,0.16,Baixo,Manter relacionamento ativo e acompanhar evolução.
15606149,0.16,Baixo,Manter relacionamento ativo e acompanhar evolução.
15625964,0.16,Baixo,Manter relacionamento ativo e acompanhar evolução.
15640268,0.16,Baixo,Manter relacionamento ativo e acompanhar evolução.
15741865,0.16,Baixo,Manter relacionamento ativo e acompanhar evolução.
15728333,0.16,Baixo,Manter relacionamento ativo e acompanhar evolução.
15737814,0.16,Baixo,Manter relacionamento ativo e acompanhar evolução.
15760102,0.16,Baixo,Manter relacionamento ativo e acompanhar evolução.
15621083,0.16,Baixo,Manter relacionamento ativo e acompanhar evolução.
15734987,0.16,Baixo,Manter relacionamento ativo e acompanhar evolução.
15742229,0.16,Baixo,Manter relacionamento ativo e acompanhar evolução.
15629010,0.16,Baixo,Manter relacionamento ativo e acompanhar evolução.
15602405,0.16,Baixo,Manter relacionamento ativo e acompanhar evolução.
15697201,0.16,Baixo,Manter relacionamento ativo e acompanhar evolução.
15730759,0.16,Baixo,Manter relacionamento ativo e acompanhar evolução.
15702377,0.16,Baixo,Manter relacionamento ativo e acompanhar evolução.
15778481,0.16,Baixo,Manter relacionamento ativo e acompanhar evolução.
15802758,0.16,Baixo,Manter relacionamento ativo e acompanhar evolução.
15751180,0.16,Baixo,Manter relacionamento ativo e acompanhar evolução.
15731507,0.16,Baixo,Manter relacionamento ativo e acompanhar evolução.
15776494,0.16,Baixo,Manter relacionamento ativo e acompanhar evolução.
15679062,0.16,Baixo,Manter relacionamento ativo e acompanhar evolução.
15621546,0.16,Baixo,Manter relacionamento ativo e acompanhar evolução.
15637690,0.16,Baixo,Manter relacionamento ativo e acompanhar evolução.
15727489,0.16,Baixo,Manter relacionamento ativo e acompanhar evolução.
15587640,0.16,Baixo,Manter relacionamento ativo e acompanhar evolução.
15700657,0.16,Baixo,Manter relacionamento ativo e acompanhar evolução.
15649536,0.16,Baixo,Manter relacionamento ativo e acompanhar evolução.
15744368,0.16,Baixo,Manter relacionamento ativo e acompanhar evolução.
15775750,0.16,Baixo,Manter relacionamento ativo e acompanhar evolução.
15656865,0.16,Baixo,Manter relacionamento ativo e acompanhar evolução.
15651063,0.16,Baixo,Manter relacionamento ativo e acompanhar evolução.
15650288,0.16,Baixo,Manter relacionamento ativo e acompanhar evolução.
15711062,0.16,Baixo,Manter relacionamento ativo e acompanhar evolução.
15638513,0.16,Baixo,Manter relacionamento ativo e acompanhar evolução.
15624755,0.16,Baixo,Manter relacionamento ativo e acompanhar evolução.
15708003,0.155,Baixo,Manter relacionamento ativo e acompanhar evolução.
15641860,0.155,Baixo,Manter relacionamento ativo e acompanhar evolução.
15766746,0.155,Baixo,Manter relacionamento ativo e acompanhar evolução.
15589969,0.155,Baixo,Manter relacionamento ativo e acompanhar evolução.
15659092,0.155,Baixo,Manter relacionamento ativo e acompanhar evolução.
15756848,0.155,Baixo,Manter relacionamento ativo e acompanhar evolução.
15594404,0.155,Baixo,Manter relacionamento ativo e acompanhar evolução.
15645136,0.155,Baixo,Manter relacionamento ativo e acompanhar evolução.
15698474,0.155,Baixo,Manter relacionamento ativo e acompanhar evolução.
15665695,0.155,Baixo,Manter relacionamento ativo e acompanhar evolução.
15754952,0.155,Baixo,Manter relacionamento ativo e acompanhar evolução.
15798615,0.155,Baixo,Manter relacionamento ativo e acompanhar evolução.
15741643,0.155,Baixo,Manter relacionamento ativo e acompanhar evolução.
15681402,0.155,Baixo,Manter relacionamento ativo e acompanhar evolução.
15730339,0.155,Baixo,Manter relacionamento ativo e acompanhar evolução.
15632521,0.155,Baixo,Manter relacionamento ativo e acompanhar evolução.
15690164,0.155,Baixo,Manter relacionamento ativo e acompanhar evolução.
15669946,0.155,Baixo,Manter relacionamento ativo e acompanhar evolução.
15656100,0.155,Baixo,Manter relacionamento ativo e acompanhar evolução.
15749300,0.155,Baixo,Manter relacionamento ativo e acompanhar evolução.
15742820,0.155,Baixo,Manter relacionamento ativo e acompanhar evolução.
15603454,0.155,Baixo,Manter relacionamento ativo e acompanhar evolução.
15668886,0.155,Baixo,Manter relacionamento ativo e acompanhar evolução.
15780804,0.155,Baixo,Manter relacionamento ativo e acompanhar evolução.
15629739,0.155,Baixo,Manter relacionamento ativo e acompanhar evolução.
15648702,0.155,Baixo,Manter relacionamento ativo e acompanhar evolução.
15654156,0.155,Baixo,Manter relacionamento ativo e acompanhar evolução.
15568885,0.155,Baixo,Manter relacionamento ativo e acompanhar evolução.
15742681,0.155,Baixo,Manter relacionamento ativo e acompanhar evolução.
15806081,0.155,Baixo,Manter relacionamento ativo e acompanhar evolução.
15677955,0.155,Baixo,Manter relacionamento ativo e acompanhar evolução.
15723299,0.155,Baixo,Manter relacionamento ativo e acompanhar evolução.
15640407,0.155,Baixo,Manter relacionamento ativo e acompanhar evolução.
15596303,0.155,Baixo,Manter relacionamento ativo e acompanhar evolução.
15679983,0.155,Baixo,Manter relacionamento ativo e acompanhar evolução.
15662854,0.155,Baixo,Manter relacionamento ativo e acompanhar evolução.
15589660,0.155,Baixo,Manter relacionamento ativo e acompanhar evolução.
15669783,0.155,Baixo,Manter relacionamento ativo e acompanhar evolução.
15574858,0.155,Baixo,Manter relacionamento ativo e acompanhar evolução.
15659399,0.155,Baixo,Manter relacionamento ativo e acompanhar evolução.
15698749,0.155,Baixo,Manter relacionamento ativo e acompanhar evolução.
15688059,0.155,Baixo,Manter relacionamento ativo e acompanhar evolução.
15678882,0.155,Baixo,Manter relacionamento ativo e acompanhar evolução.
15595221,0.155,Baixo,Manter relacionamento ativo e acompanhar evolução.
15793197,0.155,Baixo,Manter relacionamento ativo e acompanhar evolução.
15701160,0.155,Baixo,Manter relacionamento ativo e acompanhar evolução.
15653521,0.155,Baixo,Manter relacionamento ativo e acompanhar evolução.
15665861,0.155,Baixo,Manter relacionamento ativo e acompanhar evolução.
15711977,0.155,Baixo,Manter relacionamento ativo e acompanhar evolução.
15586870,0.155,Baixo,Manter relacionamento ativo e acompanhar evolução.
15788189,0.155,Baixo,Manter relacionamento ativo e acompanhar evolução.
15631359,0.155,Baixo,Manter relacionamento ativo e acompanhar evolução.
15614934,0.155,Baixo,Manter relacionamento ativo e acompanhar evolução.
15771977,0.155,Baixo,Manter relacionamento ativo e acompanhar evolução.
15618765,0.155,Baixo,Manter relacionamento ativo e acompanhar evolução.
15805025,0.155,Baixo,Manter relacionamento ativo e acompanhar evolução.
15630053,0.155,Baixo,Manter relacionamento ativo e acompanhar evolução.
15724145,0.155,Baixo,Manter relacionamento ativo e acompanhar evolução.
15739123,0.155,Baixo,Manter relacionamento ativo e acompanhar evolução.
15690188,0.155,Baixo,Manter relacionamento ativo e acompanhar evolução.
15589230,0.155,Baixo,Manter relacionamento ativo e acompanhar evolução.
15691625,0.155,Baixo,Manter relacionamento ativo e acompanhar evolução.
15581229,0.155,Baixo,Manter relacionamento ativo e acompanhar evolução.
15640855,0.155,Baixo,Manter relacionamento ativo e acompanhar evolução.
15779738,0.15,Baixo,Manter relacionamento ativo e acompanhar evolução.
15684419,0.15,Baixo,Manter relacionamento ativo e acompanhar evolução.
15651140,0.15,Baixo,Manter relacionamento ativo e acompanhar evolução.
15570508,0.15,Baixo,Manter relacionamento ativo e acompanhar evolução.
15795246,0.15,Baixo,Manter relacionamento ativo e acompanhar evolução.
15676094,0.15,Baixo,Manter relacionamento ativo e acompanhar evolução.
15607176,0.15,Baixo,Manter relacionamento ativo e acompanhar evolução.
15782456,0.15,Baixo,Manter relacionamento ativo e acompanhar evolução.
15568915,0.15,Baixo,Manter relacionamento ativo e acompanhar evolução.
15705777,0.15,Baixo,Manter relacionamento ativo e acompanhar evolução.
15655368,0.15,Baixo,Manter relacionamento ativo e acompanhar evolução.
15657771,0.15,Baixo,Manter relacionamento ativo e acompanhar evolução.
15673790,0.15,Baixo,Manter relacionamento ativo e acompanhar evolução.
15804721,0.15,Baixo,Manter relacionamento ativo e acompanhar evolução.
15708710,0.15,Baixo,Manter relacionamento ativo e acompanhar evolução.
15796179,0.15,Baixo,Manter relacionamento ativo e acompanhar evolução.
15685844,0.15,Baixo,Manter relacionamento ativo e acompanhar evolução.
15789557,0.15,Baixo,Manter relacionamento ativo e acompanhar evolução.
15778005,0.15,Baixo,Manter relacionamento ativo e acompanhar evolução.
15748608,0.15,Baixo,Manter relacionamento ativo e acompanhar evolução.
15723907,0.15,Baixo,Manter relacionamento ativo e acompanhar evolução.
15693877,0.15,Baixo,Manter relacionamento ativo e acompanhar evolução.
15714642,0.15,Baixo,Manter relacionamento ativo e acompanhar evolução.
15772381,0.15,Baixo,Manter relacionamento ativo e acompanhar evolução.
15790846,0.15,Baixo,Manter relacionamento ativo e acompanhar evolução.
15765487,0.15,Baixo,Manter relacionamento ativo e acompanhar evolução.
15676576,0.15,Baixo,Manter relacionamento ativo e acompanhar evolução.
15722692,0.15,Baixo,Manter relacionamento ativo e acompanhar evolução.
15638149,0.15,Baixo,Manter relacionamento ativo e acompanhar evolução.
15750569,0.15,Baixo,Manter relacionamento ativo e acompanhar evolução.
15811036,0.15,Baixo,Manter relacionamento ativo e acompanhar evolução.
15691543,0.15,Baixo,Manter relacionamento ativo e acompanhar evolução.
15742378,0.15,Baixo,Manter relacionamento ativo e acompanhar evolução.
15663939,0.15,Baixo,Manter relacionamento ativo e acompanhar evolução.
15670738,0.15,Baixo,Manter relacionamento ativo e acompanhar evolução.
15651280,0.15,Baixo,Manter relacionamento ativo e acompanhar evolução.
15780362,0.15,Baixo,Manter relacionamento ativo e acompanhar evolução.
15713819,0.145,Baixo,Manter relacionamento ativo e acompanhar evolução.
15570943,0.145,Baixo,Manter relacionamento ativo e acompanhar evolução.
15649744,0.145,Baixo,Manter relacionamento ativo e acompanhar evolução.
15658890,0.145,Baixo,Manter relacionamento ativo e acompanhar evolução.
15580560,0.145,Baixo,Manter relacionamento ativo e acompanhar evolução.
15801316,0.145,Baixo,Manter relacionamento ativo e acompanhar evolução.
15690678,0.145,Baixo,Manter relacionamento ativo e acompanhar evolução.
15642934,0.145,Baixo,Manter relacionamento ativo e acompanhar evolução.
15572361,0.145,Baixo,Manter relacionamento ativo e acompanhar evolução.
15567437,0.145,Baixo,Manter relacionamento ativo e acompanhar evolução.
15769522,0.145,Baixo,Manter relacionamento ativo e acompanhar evolução.
15668853,0.145,Baixo,Manter relacionamento ativo e acompanhar evolução.
15600462,0.145,Baixo,Manter relacionamento ativo e acompanhar evolução.
15682211,0.145,Baixo,Manter relacionamento ativo e acompanhar evolução.
15653952,0.145,Baixo,Manter relacionamento ativo e acompanhar evolução.
15601383,0.145,Baixo,Manter relacionamento ativo e acompanhar evolução.
15802207,0.145,Baixo,Manter relacionamento ativo e acompanhar evolução.
15692002,0.145,Baixo,Manter relacionamento ativo e acompanhar evolução.
15678206,0.145,Baixo,Manter relacionamento ativo e acompanhar evolução.
15810807,0.145,Baixo,Manter relacionamento ativo e acompanhar evolução.
15687913,0.145,Baixo,Manter relacionamento ativo e acompanhar evolução.
15694829,0.145,Baixo,Manter relacionamento ativo e acompanhar evolução.
15810167,0.145,Baixo,Manter relacionamento ativo e acompanhar evolução.
15654379,0.145,Baixo,Manter relacionamento ativo e acompanhar evolução.
15760427,0.145,Baixo,Manter relacionamento ativo e acompanhar evolução.
15689096,0.145,Baixo,Manter relacionamento ativo e acompanhar evolução.
15693382,0.145,Baixo,Manter relacionamento ativo e acompanhar evolução.
15633516,0.145,Baixo,Manter relacionamento ativo e acompanhar evolução.
15598884,0.145,Baixo,Manter relacionamento ativo e acompanhar evolução.
15795936,0.145,Baixo,Manter relacionamento ativo e acompanhar evolução.
15663263,0.145,Baixo,Manter relacionamento ativo e acompanhar evolução.
15633546,0.145,Baixo,Manter relacionamento ativo e acompanhar evolução.
15637240,0.145,Baixo,Manter relacionamento ativo e acompanhar evolução.
15601026,0.145,Baixo,Manter relacionamento ativo e acompanhar evolução.
15584518,0.145,Baixo,Manter relacionamento ativo e acompanhar evolução.
15813697,0.145,Baixo,Manter relacionamento ativo e acompanhar evolução.
15665521,0.145,Baixo,Manter relacionamento ativo e acompanhar evolução.
15770516,0.145,Baixo,Manter relacionamento ativo e acompanhar evolução.
15708610,0.145,Baixo,Manter relacionamento ativo e acompanhar evolução.
15567897,0.145,Baixo,Manter relacionamento ativo e acompanhar evolução.
15790267,0.145,Baixo,Manter relacionamento ativo e acompanhar evolução.
15715003,0.145,Baixo,Manter relacionamento ativo e acompanhar evolução.
15616529,0.145,Baixo,Manter relacionamento ativo e acompanhar evolução.
15609299,0.145,Baixo,Manter relacionamento ativo e acompanhar evolução.
15613102,0.145,Baixo,Manter relacionamento ativo e acompanhar evolução.
15679968,0.145,Baixo,Manter relacionamento ativo e acompanhar evolução.
15617301,0.145,Baixo,Manter relacionamento ativo e acompanhar evolução.
15796343,0.145,Baixo,Manter relacionamento ativo e acompanhar evolução.
15713770,0.145,Baixo,Manter relacionamento ativo e acompanhar evolução.
15675176,0.145,Baixo,Manter relacionamento ativo e acompanhar evolução.
15575694,0.145,Baixo,Manter relacionamento ativo e acompanhar evolução.
15671104,0.145,Baixo,Manter relacionamento ativo e acompanhar evolução.
15695034,0.145,Baixo,Manter relacionamento ativo e acompanhar evolução.
15583668,0.145,Baixo,Manter relacionamento ativo e acompanhar evolução.
15625713,0.145,Baixo,Manter relacionamento ativo e acompanhar evolução.
15612087,0.145,Baixo,Manter relacionamento ativo e acompanhar evolução.
15645511,0.145,Baixo,Manter relacionamento ativo e acompanhar evolução.
15642870,0.145,Baixo,Manter relacionamento ativo e acompanhar evolução.
15767231,0.145,Baixo,Manter relacionamento ativo e acompanhar evolução.
15613656,0.145,Baixo,Manter relacionamento ativo e acompanhar evolução.
15584580,0.14,Baixo,Manter relacionamento ativo e acompanhar evolução.
15655574,0.14,Baixo,Manter relacionamento ativo e acompanhar evolução.
15700540,0.14,Baixo,Manter relacionamento ativo e acompanhar evolução.
15791991,0.14,Baixo,Manter relacionamento ativo e acompanhar evolução.
15626948,0.14,Baixo,Manter relacionamento ativo e acompanhar evolução.
15785485,0.14,Baixo,Manter relacionamento ativo e acompanhar evolução.
15658233,0.14,Baixo,Manter relacionamento ativo e acompanhar evolução.
15641110,0.14,Baixo,Manter relacionamento ativo e acompanhar evolução.
15781307,0.14,Baixo,Manter relacionamento ativo e acompanhar evolução.
15626491,0.14,Baixo,Manter relacionamento ativo e acompanhar evolução.
15661974,0.14,Baixo,Manter relacionamento ativo e acompanhar evolução.
15696061,0.14,Baixo,Manter relacionamento ativo e acompanhar evolução.
15572706,0.14,Baixo,Manter relacionamento ativo e acompanhar evolução.
15611029,0.14,Baixo,Manter relacionamento ativo e acompanhar evolução.
15787597,0.14,Baixo,Manter relacionamento ativo e acompanhar evolução.
15784099,0.14,Baixo,Manter relacionamento ativo e acompanhar evolução.
15641004,0.14,Baixo,Manter relacionamento ativo e acompanhar evolução.
15772363,0.14,Baixo,Manter relacionamento ativo e acompanhar evolução.
15656912,0.14,Baixo,Manter relacionamento ativo e acompanhar evolução.
15784286,0.14,Baixo,Manter relacionamento ativo e acompanhar evolução.
15680736,0.14,Baixo,Manter relacionamento ativo e acompanhar evolução.
15590327,0.14,Baixo,Manter relacionamento ativo e acompanhar evolução.
15567834,0.14,Baixo,Manter relacionamento ativo e acompanhar evolução.
15647311,0.14,Baixo,Manter relacionamento ativo e acompanhar evolução.
15723064,0.14,Baixo,Manter relacionamento ativo e acompanhar evolução.
15643794,0.14,Baixo,Manter relacionamento ativo e acompanhar evolução.
15683007,0.14,Baixo,Manter relacionamento ativo e acompanhar evolução.
15766064,0.14,Baixo,Manter relacionamento ativo e acompanhar evolução.
15609254,0.14,Baixo,Manter relacionamento ativo e acompanhar evolução.
15614936,0.14,Baixo,Manter relacionamento ativo e acompanhar evolução.
15572051,0.14,Baixo,Manter relacionamento ativo e acompanhar evolução.
15790204,0.14,Baixo,Manter relacionamento ativo e acompanhar evolução.
15803005,0.14,Baixo,Manter relacionamento ativo e acompanhar evolução.
15682355,0.14,Baixo,Manter relacionamento ativo e acompanhar evolução.
15813911,0.14,Baixo,Manter relacionamento ativo e acompanhar evolução.
15699524,0.14,Baixo,Manter relacionamento ativo e acompanhar evolução.
15705991,0.14,Baixo,Manter relacionamento ativo e acompanhar evolução.
15808023,0.14,Baixo,Manter relacionamento ativo e acompanhar evolução.
15709643,0.14,Baixo,Manter relacionamento ativo e acompanhar evolução.
15766378,0.14,Baixo,Manter relacionamento ativo e acompanhar evolução.
15609545,0.14,Baixo,Manter relacionamento ativo e acompanhar evolução.
15621520,0.14,Baixo,Manter relacionamento ativo e acompanhar evolução.
15592386,0.14,Baixo,Manter relacionamento ativo e acompanhar evolução.
15654238,0.14,Baixo,Manter relacionamento ativo e acompanhar evolução.
15703614,0.14,Baixo,Manter relacionamento ativo e acompanhar evolução.
15644280,0.14,Baixo,Manter relacionamento ativo e acompanhar evolução.
15669741,0.14,Baixo,Manter relacionamento ativo e acompanhar evolução.
15800049,0.14,Baixo,Manter relacionamento ativo e acompanhar evolução.
15698839,0.14,Baixo,Manter relacionamento ativo e acompanhar evolução.
15762134,0.14,Baixo,Manter relacionamento ativo e acompanhar evolução.
15727556,0.14,Baixo,Manter relacionamento ativo e acompanhar evolução.
15807239,0.14,Baixo,Manter relacionamento ativo e acompanhar evolução.
15680970,0.14,Baixo,Manter relacionamento ativo e acompanhar evolução.
15716218,0.14,Baixo,Manter relacionamento ativo e acompanhar evolução.
15731330,0.14,Baixo,Manter relacionamento ativo e acompanhar evolução.
15735358,0.135,Baixo,Manter relacionamento ativo e acompanhar evolução.
15781465,0.135,Baixo,Manter relacionamento ativo e acompanhar evolução.
15750104,0.135,Baixo,Manter relacionamento ativo e acompanhar evolução.
15631709,0.135,Baixo,Manter relacionamento ativo e acompanhar evolução.
15682273,0.135,Baixo,Manter relacionamento ativo e acompanhar evolução.
15568088,0.135,Baixo,Manter relacionamento ativo e acompanhar evolução.
15657937,0.135,Baixo,Manter relacionamento ativo e acompanhar evolução.
15662403,0.135,Baixo,Manter relacionamento ativo e acompanhar evolução.
15705657,0.135,Baixo,Manter relacionamento ativo e acompanhar evolução.
15701932,0.135,Baixo,Manter relacionamento ativo e acompanhar evolução.
15577806,0.135,Baixo,Manter relacionamento ativo e acompanhar evolução.
15680405,0.135,Baixo,Manter relacionamento ativo e acompanhar evolução.
15730579,0.135,Baixo,Manter relacionamento ativo e acompanhar evolução.
15574554,0.135,Baixo,Manter relacionamento ativo e acompanhar evolução.
15619699,0.135,Baixo,Manter relacionamento ativo e acompanhar evolução.
15691910,0.135,Baixo,Manter relacionamento ativo e acompanhar evolução.
15684995,0.135,Baixo,Manter relacionamento ativo e acompanhar evolução.
15699619,0.135,Baixo,Manter relacionamento ativo e acompanhar evolução.
15811032,0.135,Baixo,Manter relacionamento ativo e acompanhar evolução.
15571476,0.135,Baixo,Manter relacionamento ativo e acompanhar evolução.
15569764,0.135,Baixo,Manter relacionamento ativo e acompanhar evolução.
15785170,0.135,Baixo,Manter relacionamento ativo e acompanhar evolução.
15602909,0.135,Baixo,Manter relacionamento ativo e acompanhar evolução.
15687130,0.135,Baixo,Manter relacionamento ativo e acompanhar evolução.
15727915,0.135,Baixo,Manter relacionamento ativo e acompanhar evolução.
15592707,0.135,Baixo,Manter relacionamento ativo e acompanhar evolução.
15583718,0.135,Baixo,Manter relacionamento ativo e acompanhar evolução.
15678058,0.135,Baixo,Manter relacionamento ativo e acompanhar evolução.
15596800,0.135,Baixo,Manter relacionamento ativo e acompanhar evolução.
15795737,0.135,Baixo,Manter relacionamento ativo e acompanhar evolução.
15732987,0.135,Baixo,Manter relacionamento ativo e acompanhar evolução.
15756560,0.135,Baixo,Manter relacionamento ativo e acompanhar evolução.
15573520,0.135,Baixo,Manter relacionamento ativo e acompanhar evolução.
15573730,0.135,Baixo,Manter relacionamento ativo e acompanhar evolução.
15804516,0.135,Baixo,Manter relacionamento ativo e acompanhar evolução.
15588186,0.135,Baixo,Manter relacionamento ativo e acompanhar evolução.
15692110,0.135,Baixo,Manter relacionamento ativo e acompanhar evolução.
15661734,0.135,Baixo,Manter relacionamento ativo e acompanhar evolução.
15663817,0.135,Baixo,Manter relacionamento ativo e acompanhar evolução.
15806913,0.135,Baixo,Manter relacionamento ativo e acompanhar evolução.
15810218,0.135,Baixo,Manter relacionamento ativo e acompanhar evolução.
15757911,0.135,Baixo,Manter relacionamento ativo e acompanhar evolução.
15729412,0.135,Baixo,Manter relacionamento ativo e acompanhar evolução.
15802560,0.135,Baixo,Manter relacionamento ativo e acompanhar evolução.
15699797,0.135,Baixo,Manter relacionamento ativo e acompanhar evolução.
15679075,0.135,Baixo,Manter relacionamento ativo e acompanhar evolução.
15707120,0.135,Baixo,Manter relacionamento ativo e acompanhar evolução.
15654964,0.135,Baixo,Manter relacionamento ativo e acompanhar evolução.
15637979,0.135,Baixo,Manter relacionamento ativo e acompanhar evolução.
15574119,0.135,Baixo,Manter relacionamento ativo e acompanhar evolução.
15762927,0.135,Baixo,Manter relacionamento ativo e acompanhar evolução.
15567399,0.135,Baixo,Manter relacionamento ativo e acompanhar evolução.
15610454,0.135,Baixo,Manter relacionamento ativo e acompanhar evolução.
15631217,0.135,Baixo,Manter relacionamento ativo e acompanhar evolução.
15659501,0.135,Baixo,Manter relacionamento ativo e acompanhar evolução.
15739271,0.135,Baixo,Manter relacionamento ativo e acompanhar evolução.
15793693,0.135,Baixo,Manter relacionamento ativo e acompanhar evolução.
15693322,0.135,Baixo,Manter relacionamento ativo e acompanhar evolução.
15802368,0.135,Baixo,Manter relacionamento ativo e acompanhar evolução.
15740147,0.135,Baixo,Manter relacionamento ativo e acompanhar evolução.
15796790,0.135,Baixo,Manter relacionamento ativo e acompanhar evolução.
15735025,0.135,Baixo,Manter relacionamento ativo e acompanhar evolução.
15803965,0.135,Baixo,Manter relacionamento ativo e acompanhar evolução.
15599829,0.135,Baixo,Manter relacionamento ativo e acompanhar evolução.
15629511,0.135,Baixo,Manter relacionamento ativo e acompanhar evolução.
15728012,0.135,Baixo,Manter relacionamento ativo e acompanhar evolução.
15627859,0.135,Baixo,Manter relacionamento ativo e acompanhar evolução.
15753639,0.135,Baixo,Manter relacionamento ativo e acompanhar evolução.
15622834,0.135,Baixo,Manter relacionamento ativo e acompanhar evolução.
15757385,0.135,Baixo,Manter relacionamento ativo e acompanhar evolução.
15742009,0.135,Baixo,Manter relacionamento ativo e acompanhar evolução.
15641474,0.135,Baixo,Manter relacionamento ativo e acompanhar evolução.
15748552,0.135,Baixo,Manter relacionamento ativo e acompanhar evolução.
15624715,0.13,Baixo,Manter relacionamento ativo e acompanhar evolução.
15765650,0.13,Baixo,Manter relacionamento ativo e acompanhar evolução.
15703707,0.13,Baixo,Manter relacionamento ativo e acompanhar evolução.
15758451,0.13,Baixo,Manter relacionamento ativo e acompanhar evolução.
15627395,0.13,Baixo,Manter relacionamento ativo e acompanhar evolução.
15784161,0.13,Baixo,Manter relacionamento ativo e acompanhar evolução.
15759021,0.13,Baixo,Manter relacionamento ativo e acompanhar evolução.
15568162,0.13,Baixo,Manter relacionamento ativo e acompanhar evolução.
15710928,0.13,Baixo,Manter relacionamento ativo e acompanhar evolução.
15714970,0.13,Baixo,Manter relacionamento ativo e acompanhar evolução.
15762091,0.13,Baixo,Manter relacionamento ativo e acompanhar evolução.
15712608,0.13,Baixo,Manter relacionamento ativo e acompanhar evolução.
15633461,0.13,Baixo,Manter relacionamento ativo e acompanhar evolução.
15797905,0.13,Baixo,Manter relacionamento ativo e acompanhar evolução.
15634359,0.13,Baixo,Manter relacionamento ativo e acompanhar evolução.
15597536,0.13,Baixo,Manter relacionamento ativo e acompanhar evolução.
15605804,0.13,Baixo,Manter relacionamento ativo e acompanhar evolução.
15760641,0.13,Baixo,Manter relacionamento ativo e acompanhar evolução.
15726466,0.13,Baixo,Manter relacionamento ativo e acompanhar evolução.
15775678,0.13,Baixo,Manter relacionamento ativo e acompanhar evolução.
15621227,0.13,Baixo,Manter relacionamento ativo e acompanhar evolução.
15674765,0.13,Baixo,Manter relacionamento ativo e acompanhar evolução.
15704340,0.13,Baixo,Manter relacionamento ativo e acompanhar evolução.
15792222,0.13,Baixo,Manter relacionamento ativo e acompanhar evolução.
15778515,0.13,Baixo,Manter relacionamento ativo e acompanhar evolução.
15730447,0.13,Baixo,Manter relacionamento ativo e acompanhar evolução.
15587133,0.13,Baixo,Manter relacionamento ativo e acompanhar evolução.
15571666,0.13,Baixo,Manter relacionamento ativo e acompanhar evolução.
15738588,0.13,Baixo,Manter relacionamento ativo e acompanhar evolução.
15692207,0.13,Baixo,Manter relacionamento ativo e acompanhar evolução.
15590828,0.13,Baixo,Manter relacionamento ativo e acompanhar evolução.
15709917,0.13,Baixo,Manter relacionamento ativo e acompanhar evolução.
15699637,0.13,Baixo,Manter relacionamento ativo e acompanhar evolução.
15591123,0.13,Baixo,Manter relacionamento ativo e acompanhar evolução.
15782875,0.13,Baixo,Manter relacionamento ativo e acompanhar evolução.
15752312,0.13,Baixo,Manter relacionamento ativo e acompanhar evolução.
15792668,0.13,Baixo,Manter relacionamento ativo e acompanhar evolução.
15577018,0.13,Baixo,Manter relacionamento ativo e acompanhar evolução.
15807245,0.13,Baixo,Manter relacionamento ativo e acompanhar evolução.
15668323,0.13,Baixo,Manter relacionamento ativo e acompanhar evolução.
15804211,0.13,Baixo,Manter relacionamento ativo e acompanhar evolução.
15643658,0.13,Baixo,Manter relacionamento ativo e acompanhar evolução.
15758171,0.13,Baixo,Manter relacionamento ativo e acompanhar evolução.
15575492,0.13,Baixo,Manter relacionamento ativo e acompanhar evolução.
15598259,0.13,Baixo,Manter relacionamento ativo e acompanhar evolução.
15750772,0.13,Baixo,Manter relacionamento ativo e acompanhar evolução.
15570134,0.13,Baixo,Manter relacionamento ativo e acompanhar evolução.
15661526,0.13,Baixo,Manter relacionamento ativo e acompanhar evolução.
15761453,0.13,Baixo,Manter relacionamento ativo e acompanhar evolução.
15769829,0.13,Baixo,Manter relacionamento ativo e acompanhar evolução.
15637876,0.13,Baixo,Manter relacionamento ativo e acompanhar evolução.
15688713,0.13,Baixo,Manter relacionamento ativo e acompanhar evolução.
15776725,0.13,Baixo,Manter relacionamento ativo e acompanhar evolução.
15794414,0.13,Baixo,Manter relacionamento ativo e acompanhar evolução.
15641170,0.13,Baixo,Manter relacionamento ativo e acompanhar evolução.
15815443,0.13,Baixo,Manter relacionamento ativo e acompanhar evolução.
15687270,0.13,Baixo,Manter relacionamento ativo e acompanhar evolução.
15764343,0.125,Baixo,Manter relacionamento ativo e acompanhar evolução.
15807003,0.125,Baixo,Manter relacionamento ativo e acompanhar evolução.
15627190,0.125,Baixo,Manter relacionamento ativo e acompanhar evolução.
15722765,0.125,Baixo,Manter relacionamento ativo e acompanhar evolução.
15644356,0.125,Baixo,Manter relacionamento ativo e acompanhar evolução.
15579996,0.125,Baixo,Manter relacionamento ativo e acompanhar evolução.
15620836,0.125,Baixo,Manter relacionamento ativo e acompanhar evolução.
15625944,0.125,Baixo,Manter relacionamento ativo e acompanhar evolução.
15812338,0.125,Baixo,Manter relacionamento ativo e acompanhar evolução.
15744295,0.125,Baixo,Manter relacionamento ativo e acompanhar evolução.
15764892,0.125,Baixo,Manter relacionamento ativo e acompanhar evolução.
15608114,0.125,Baixo,Manter relacionamento ativo e acompanhar evolução.
15680001,0.125,Baixo,Manter relacionamento ativo e acompanhar evolução.
15660608,0.125,Baixo,Manter relacionamento ativo e acompanhar evolução.
15674727,0.125,Baixo,Manter relacionamento ativo e acompanhar evolução.
15803136,0.125,Baixo,Manter relacionamento ativo e acompanhar evolução.
15671934,0.125,Baixo,Manter relacionamento ativo e acompanhar evolução.
15768816,0.125,Baixo,Manter relacionamento ativo e acompanhar evolução.
15807045,0.125,Baixo,Manter relacionamento ativo e acompanhar evolução.
15789941,0.125,Baixo,Manter relacionamento ativo e acompanhar evolução.
15621457,0.125,Baixo,Manter relacionamento ativo e acompanhar evolução.
15580366,0.125,Baixo,Manter relacionamento ativo e acompanhar evolução.
15797190,0.125,Baixo,Manter relacionamento ativo e acompanhar evolução.
15702566,0.125,Baixo,Manter relacionamento ativo e acompanhar evolução.
15758831,0.125,Baixo,Manter relacionamento ativo e acompanhar evolução.
15801188,0.125,Baixo,Manter relacionamento ativo e acompanhar evolução.
15732943,0.125,Baixo,Manter relacionamento ativo e acompanhar evolução.
15597901,0.125,Baixo,Manter relacionamento ativo e acompanhar evolução.
15612667,0.125,Baixo,Manter relacionamento ativo e acompanhar evolução.
15686885,0.125,Baixo,Manter relacionamento ativo e acompanhar evolução.
15657747,0.125,Baixo,Manter relacionamento ativo e acompanhar evolução.
15617432,0.125,Baixo,Manter relacionamento ativo e acompanhar evolução.
15736990,0.125,Baixo,Manter relacionamento ativo e acompanhar evolução.
15622911,0.125,Baixo,Manter relacionamento ativo e acompanhar evolução.
15654870,0.125,Baixo,Manter relacionamento ativo e acompanhar evolução.
15709183,0.125,Baixo,Manter relacionamento ativo e acompanhar evolução.
15616550,0.125,Baixo,Manter relacionamento ativo e acompanhar evolução.
15700476,0.125,Baixo,Manter relacionamento ativo e acompanhar evolução.
15765402,0.125,Baixo,Manter relacionamento ativo e acompanhar evolução.
15573798,0.125,Baixo,Manter relacionamento ativo e acompanhar evolução.
15641009,0.125,Baixo,Manter relacionamento ativo e acompanhar evolução.
15686718,0.125,Baixo,Manter relacionamento ativo e acompanhar evolução.
15589754,0.125,Baixo,Manter relacionamento ativo e acompanhar evolução.
15628992,0.125,Baixo,Manter relacionamento ativo e acompanhar evolução.
15595657,0.125,Baixo,Manter relacionamento ativo e acompanhar evolução.
15715414,0.125,Baixo,Manter relacionamento ativo e acompanhar evolução.
15668235,0.125,Baixo,Manter relacionamento ativo e acompanhar evolução.
15657565,0.125,Baixo,Manter relacionamento ativo e acompanhar evolução.
15766649,0.125,Baixo,Manter relacionamento ativo e acompanhar evolução.
15758039,0.125,Baixo,Manter relacionamento ativo e acompanhar evolução.
15789432,0.125,Baixo,Manter relacionamento ativo e acompanhar evolução.
15793116,0.125,Baixo,Manter relacionamento ativo e acompanhar evolução.
15617705,0.125,Baixo,Manter relacionamento ativo e acompanhar evolução.
15735522,0.125,Baixo,Manter relacionamento ativo e acompanhar evolução.
15747649,0.125,Baixo,Manter relacionamento ativo e acompanhar evolução.
15631756,0.125,Baixo,Manter relacionamento ativo e acompanhar evolução.
15722364,0.125,Baixo,Manter relacionamento ativo e acompanhar evolução.
15670080,0.125,Baixo,Manter relacionamento ativo e acompanhar evolução.
15626608,0.125,Baixo,Manter relacionamento ativo e acompanhar evolução.
15729087,0.125,Baixo,Manter relacionamento ativo e acompanhar evolução.
15668444,0.125,Baixo,Manter relacionamento ativo e acompanhar evolução.
15599090,0.125,Baixo,Manter relacionamento ativo e acompanhar evolução.
15630363,0.125,Baixo,Manter relacionamento ativo e acompanhar evolução.
15809838,0.125,Baixo,Manter relacionamento ativo e acompanhar evolução.
15576990,0.12,Baixo,Manter relacionamento ativo e acompanhar evolução.
15763704,0.12,Baixo,Manter relacionamento ativo e acompanhar evolução.
15595037,0.12,Baixo,Manter relacionamento ativo e acompanhar evolução.
15799422,0.12,Baixo,Manter relacionamento ativo e acompanhar evolução.
15640491,0.12,Baixo,Manter relacionamento ativo e acompanhar evolução.
15658364,0.12,Baixo,Manter relacionamento ativo e acompanhar evolução.
15747795,0.12,Baixo,Manter relacionamento ativo e acompanhar evolução.
15807709,0.12,Baixo,Manter relacionamento ativo e acompanhar evolução.
15658432,0.12,Baixo,Manter relacionamento ativo e acompanhar evolução.
15665385,0.12,Baixo,Manter relacionamento ativo e acompanhar evolução.
15674343,0.12,Baixo,Manter relacionamento ativo e acompanhar evolução.
15704657,0.12,Baixo,Manter relacionamento ativo e acompanhar evolução.
15813034,0.12,Baixo,Manter relacionamento ativo e acompanhar evolução.
15770711,0.12,Baixo,Manter relacionamento ativo e acompanhar evolução.
15603582,0.12,Baixo,Manter relacionamento ativo e acompanhar evolução.
15593943,0.12,Baixo,Manter relacionamento ativo e acompanhar evolução.
15694188,0.12,Baixo,Manter relacionamento ativo e acompanhar evolução.
15726589,0.12,Baixo,Manter relacionamento ativo e acompanhar evolução.
15774696,0.12,Baixo,Manter relacionamento ativo e acompanhar evolução.
15635125,0.12,Baixo,Manter relacionamento ativo e acompanhar evolução.
15741197,0.12,Baixo,Manter relacionamento ativo e acompanhar evolução.
15582762,0.12,Baixo,Manter relacionamento ativo e acompanhar evolução.
15761720,0.12,Baixo,Manter relacionamento ativo e acompanhar evolução.
15798348,0.12,Baixo,Manter relacionamento ativo e acompanhar evolução.
15644882,0.12,Baixo,Manter relacionamento ativo e acompanhar evolução.
15757912,0.12,Baixo,Manter relacionamento ativo e acompanhar evolução.
15808189,0.12,Baixo,Manter relacionamento ativo e acompanhar evolução.
15591628,0.12,Baixo,Manter relacionamento ativo e acompanhar evolução.
15588450,0.12,Baixo,Manter relacionamento ativo e acompanhar evolução.
15730657,0.12,Baixo,Manter relacionamento ativo e acompanhar evolução.
15790282,0.12,Baixo,Manter relacionamento ativo e acompanhar evolução.
15621818,0.12,Baixo,Manter relacionamento ativo e acompanhar evolução.
15745201,0.12,Baixo,Manter relacionamento ativo e acompanhar evolução.
15641662,0.12,Baixo,Manter relacionamento ativo e acompanhar evolução.
15570895,0.12,Baixo,Manter relacionamento ativo e acompanhar evolução.
15579189,0.12,Baixo,Manter relacionamento ativo e acompanhar evolução.
15760873,0.12,Baixo,Manter relacionamento ativo e acompanhar evolução.
15714227,0.12,Baixo,Manter relacionamento ativo e acompanhar evolução.
15686913,0.12,Baixo,Manter relacionamento ativo e acompanhar evolução.
15689594,0.12,Baixo,Manter relacionamento ativo e acompanhar evolução.
15616365,0.12,Baixo,Manter relacionamento ativo e acompanhar evolução.
15795519,0.12,Baixo,Manter relacionamento ativo e acompanhar evolução.
15795151,0.12,Baixo,Manter relacionamento ativo e acompanhar evolução.
15616811,0.12,Baixo,Manter relacionamento ativo e acompanhar evolução.
15623521,0.12,Baixo,Manter relacionamento ativo e acompanhar evolução.
15625740,0.12,Baixo,Manter relacionamento ativo e acompanhar evolução.
15696388,0.12,Baixo,Manter relacionamento ativo e acompanhar evolução.
15711687,0.12,Baixo,Manter relacionamento ativo e acompanhar evolução.
15772262,0.12,Baixo,Manter relacionamento ativo e acompanhar evolução.
15778219,0.12,Baixo,Manter relacionamento ativo e acompanhar evolução.
15566740,0.12,Baixo,Manter relacionamento ativo e acompanhar evolução.
15686255,0.12,Baixo,Manter relacionamento ativo e acompanhar evolução.
15600478,0.12,Baixo,Manter relacionamento ativo e acompanhar evolução.
15588580,0.12,Baixo,Manter relacionamento ativo e acompanhar evolução.
15751445,0.12,Baixo,Manter relacionamento ativo e acompanhar evolução.
15810203,0.12,Baixo,Manter relacionamento ativo e acompanhar evolução.
15574115,0.12,Baixo,Manter relacionamento ativo e acompanhar evolução.
15713769,0.12,Baixo,Manter relacionamento ativo e acompanhar evolução.
15604782,0.12,Baixo,Manter relacionamento ativo e acompanhar evolução.
15679394,0.12,Baixo,Manter relacionamento ativo e acompanhar evolução.
15653572,0.12,Baixo,Manter relacionamento ativo e acompanhar evolução.
15777452,0.12,Baixo,Manter relacionamento ativo e acompanhar evolução.
15569438,0.12,Baixo,Manter relacionamento ativo e acompanhar evolução.
15774738,0.12,Baixo,Manter relacionamento ativo e acompanhar evolução.
15689152,0.12,Baixo,Manter relacionamento ativo e acompanhar evolução.
15650933,0.12,Baixo,Manter relacionamento ativo e acompanhar evolução.
15623082,0.12,Baixo,Manter relacionamento ativo e acompanhar evolução.
15714689,0.115,Baixo,Manter relacionamento ativo e acompanhar evolução.
15804201,0.115,Baixo,Manter relacionamento ativo e acompanhar evolução.
15658972,0.115,Baixo,Manter relacionamento ativo e acompanhar evolução.
15685243,0.115,Baixo,Manter relacionamento ativo e acompanhar evolução.
15737509,0.115,Baixo,Manter relacionamento ativo e acompanhar evolução.
15731760,0.115,Baixo,Manter relacionamento ativo e acompanhar evolução.
15786454,0.115,Baixo,Manter relacionamento ativo e acompanhar evolução.
15724684,0.115,Baixo,Manter relacionamento ativo e acompanhar evolução.
15713374,0.115,Baixo,Manter relacionamento ativo e acompanhar evolução.
15771540,0.115,Baixo,Manter relacionamento ativo e acompanhar evolução.
15808582,0.115,Baixo,Manter relacionamento ativo e acompanhar evolução.
15725355,0.115,Baixo,Manter relacionamento ativo e acompanhar evolução.
15812878,0.115,Baixo,Manter relacionamento ativo e acompanhar evolução.
15635078,0.115,Baixo,Manter relacionamento ativo e acompanhar evolução.
15595991,0.115,Baixo,Manter relacionamento ativo e acompanhar evolução.
15696859,0.115,Baixo,Manter relacionamento ativo e acompanhar evolução.
15605791,0.115,Baixo,Manter relacionamento ativo e acompanhar evolução.
15576126,0.115,Baixo,Manter relacionamento ativo e acompanhar evolução.
15627203,0.115,Baixo,Manter relacionamento ativo e acompanhar evolução.
15784130,0.115,Baixo,Manter relacionamento ativo e acompanhar evolução.
15787699,0.115,Baixo,Manter relacionamento ativo e acompanhar evolução.
15809830,0.115,Baixo,Manter relacionamento ativo e acompanhar evolução.
15749265,0.115,Baixo,Manter relacionamento ativo e acompanhar evolução.
15685309,0.115,Baixo,Manter relacionamento ativo e acompanhar evolução.
15656710,0.115,Baixo,Manter relacionamento ativo e acompanhar evolução.
15686964,0.115,Baixo,Manter relacionamento ativo e acompanhar evolução.
15750602,0.115,Baixo,Manter relacionamento ativo e acompanhar evolução.
15683363,0.115,Baixo,Manter relacionamento ativo e acompanhar evolução.
15581700,0.115,Baixo,Manter relacionamento ativo e acompanhar evolução.
15679760,0.115,Baixo,Manter relacionamento ativo e acompanhar evolução.
15741275,0.115,Baixo,Manter relacionamento ativo e acompanhar evolução.
15715951,0.115,Baixo,Manter relacionamento ativo e acompanhar evolução.
15722037,0.115,Baixo,Manter relacionamento ativo e acompanhar evolução.
15668775,0.115,Baixo,Manter relacionamento ativo e acompanhar evolução.
15705707,0.115,Baixo,Manter relacionamento ativo e acompanhar evolução.
15709387,0.115,Baixo,Manter relacionamento ativo e acompanhar evolução.
15625881,0.115,Baixo,Manter relacionamento ativo e acompanhar evolução.
15782530,0.115,Baixo,Manter relacionamento ativo e acompanhar evolução.
15658158,0.115,Baixo,Manter relacionamento ativo e acompanhar evolução.
15675320,0.115,Baixo,Manter relacionamento ativo e acompanhar evolução.
15629187,0.115,Baixo,Manter relacionamento ativo e acompanhar evolução.
15636069,0.115,Baixo,Manter relacionamento ativo e acompanhar evolução.
15814331,0.115,Baixo,Manter relacionamento ativo e acompanhar evolução.
15767064,0.115,Baixo,Manter relacionamento ativo e acompanhar evolução.
15718454,0.115,Baixo,Manter relacionamento ativo e acompanhar evolução.
15592028,0.115,Baixo,Manter relacionamento ativo e acompanhar evolução.
15599452,0.115,Baixo,Manter relacionamento ativo e acompanhar evolução.
15575955,0.115,Baixo,Manter relacionamento ativo e acompanhar evolução.
15621653,0.115,Baixo,Manter relacionamento ativo e acompanhar evolução.
15616471,0.115,Baixo,Manter relacionamento ativo e acompanhar evolução.
15635277,0.115,Baixo,Manter relacionamento ativo e acompanhar evolução.
15795290,0.115,Baixo,Manter relacionamento ativo e acompanhar evolução.
15650068,0.115,Baixo,Manter relacionamento ativo e acompanhar evolução.
15605672,0.115,Baixo,Manter relacionamento ativo e acompanhar evolução.
15662397,0.115,Baixo,Manter relacionamento ativo e acompanhar evolução.
15763218,0.115,Baixo,Manter relacionamento ativo e acompanhar evolução.
15764444,0.115,Baixo,Manter relacionamento ativo e acompanhar evolução.
15758769,0.115,Baixo,Manter relacionamento ativo e acompanhar evolução.
15653780,0.115,Baixo,Manter relacionamento ativo e acompanhar evolução.
15663917,0.115,Baixo,Manter relacionamento ativo e acompanhar evolução.
15677387,0.115,Baixo,Manter relacionamento ativo e acompanhar evolução.
15680998,0.115,Baixo,Manter relacionamento ativo e acompanhar evolução.
15764432,0.115,Baixo,Manter relacionamento ativo e acompanhar evolução.
15802220,0.115,Baixo,Manter relacionamento ativo e acompanhar evolução.
15675141,0.115,Baixo,Manter relacionamento ativo e acompanhar evolução.
15566111,0.115,Baixo,Manter relacionamento ativo e acompanhar evolução.
15615820,0.115,Baixo,Manter relacionamento ativo e acompanhar evolução.
15770548,0.11,Baixo,Manter relacionamento ativo e acompanhar evolução.
15731412,0.11,Baixo,Manter relacionamento ativo e acompanhar evolução.
15722072,0.11,Baixo,Manter relacionamento ativo e acompanhar evolução.
15687946,0.11,Baixo,Manter relacionamento ativo e acompanhar evolução.
15780212,0.11,Baixo,Manter relacionamento ativo e acompanhar evolução.
15577695,0.11,Baixo,Manter relacionamento ativo e acompanhar evolução.
15759298,0.11,Baixo,Manter relacionamento ativo e acompanhar evolução.
15750407,0.11,Baixo,Manter relacionamento ativo e acompanhar evolução.
15715117,0.11,Baixo,Manter relacionamento ativo e acompanhar evolução.
15738291,0.11,Baixo,Manter relacionamento ativo e acompanhar evolução.
15791268,0.11,Baixo,Manter relacionamento ativo e acompanhar evolução.
15781534,0.11,Baixo,Manter relacionamento ativo e acompanhar evolução.
15718843,0.11,Baixo,Manter relacionamento ativo e acompanhar evolução.
15638257,0.11,Baixo,Manter relacionamento ativo e acompanhar evolução.
15619494,0.11,Baixo,Manter relacionamento ativo e acompanhar evolução.
15688071,0.11,Baixo,Manter relacionamento ativo e acompanhar evolução.
15709846,0.11,Baixo,Manter relacionamento ativo e acompanhar evolução.
15609083,0.11,Baixo,Manter relacionamento ativo e acompanhar evolução.
15641640,0.11,Baixo,Manter relacionamento ativo e acompanhar evolução.
15578186,0.11,Baixo,Manter relacionamento ativo e acompanhar evolução.
15771477,0.11,Baixo,Manter relacionamento ativo e acompanhar evolução.
15646558,0.11,Baixo,Manter relacionamento ativo e acompanhar evolução.
15571958,0.11,Baixo,Manter relacionamento ativo e acompanhar evolução.
15620735,0.11,Baixo,Manter relacionamento ativo e acompanhar evolução.
15743067,0.11,Baixo,Manter relacionamento ativo e acompanhar evolução.
15737792,0.11,Baixo,Manter relacionamento ativo e acompanhar evolução.
15615753,0.11,Baixo,Manter relacionamento ativo e acompanhar evolução.
15668081,0.11,Baixo,Manter relacionamento ativo e acompanhar evolução.
15779620,0.11,Baixo,Manter relacionamento ativo e acompanhar evolução.
15793671,0.11,Baixo,Manter relacionamento ativo e acompanhar evolução.
15625023,0.11,Baixo,Manter relacionamento ativo e acompanhar evolução.
15619045,0.11,Baixo,Manter relacionamento ativo e acompanhar evolução.
15568742,0.11,Baixo,Manter relacionamento ativo e acompanhar evolução.
15799964,0.11,Baixo,Manter relacionamento ativo e acompanhar evolução.
15745455,0.11,Baixo,Manter relacionamento ativo e acompanhar evolução.
15782100,0.11,Baixo,Manter relacionamento ativo e acompanhar evolução.
15775335,0.11,Baixo,Manter relacionamento ativo e acompanhar evolução.
15648735,0.11,Baixo,Manter relacionamento ativo e acompanhar evolução.
15802106,0.11,Baixo,Manter relacionamento ativo e acompanhar evolução.
15742285,0.11,Baixo,Manter relacionamento ativo e acompanhar evolução.
15607990,0.11,Baixo,Manter relacionamento ativo e acompanhar evolução.
15608845,0.11,Baixo,Manter relacionamento ativo e acompanhar evolução.
15708228,0.11,Baixo,Manter relacionamento ativo e acompanhar evolução.
15687765,0.11,Baixo,Manter relacionamento ativo e acompanhar evolução.
15661745,0.11,Baixo,Manter relacionamento ativo e acompanhar evolução.
15574072,0.11,Baixo,Manter relacionamento ativo e acompanhar evolução.
15610781,0.11,Baixo,Manter relacionamento ativo e acompanhar evolução.
15698572,0.11,Baixo,Manter relacionamento ativo e acompanhar evolução.
15738448,0.11,Baixo,Manter relacionamento ativo e acompanhar evolução.
15741417,0.11,Baixo,Manter relacionamento ativo e acompanhar evolução.
15769169,0.11,Baixo,Manter relacionamento ativo e acompanhar evolução.
15615938,0.11,Baixo,Manter relacionamento ativo e acompanhar evolução.
15600879,0.11,Baixo,Manter relacionamento ativo e acompanhar evolução.
15583850,0.11,Baixo,Manter relacionamento ativo e acompanhar evolução.
15766205,0.11,Baixo,Manter relacionamento ativo e acompanhar evolução.
15810485,0.11,Baixo,Manter relacionamento ativo e acompanhar evolução.
15611699,0.11,Baixo,Manter relacionamento ativo e acompanhar evolução.
15610271,0.11,Baixo,Manter relacionamento ativo e acompanhar evolução.
15780142,0.11,Baixo,Manter relacionamento ativo e acompanhar evolução.
15680767,0.11,Baixo,Manter relacionamento ativo e acompanhar evolução.
15609899,0.11,Baixo,Manter relacionamento ativo e acompanhar evolução.
15761713,0.11,Baixo,Manter relacionamento ativo e acompanhar evolução.
15668818,0.11,Baixo,Manter relacionamento ativo e acompanhar evolução.
15698117,0.11,Baixo,Manter relacionamento ativo e acompanhar evolução.
15721715,0.11,Baixo,Manter relacionamento ativo e acompanhar evolução.
15737542,0.11,Baixo,Manter relacionamento ativo e acompanhar evolução.
15642063,0.11,Baixo,Manter relacionamento ativo e acompanhar evolução.
15739160,0.11,Baixo,Manter relacionamento ativo e acompanhar evolução.
15750299,0.11,Baixo,Manter relacionamento ativo e acompanhar evolução.
15566891,0.11,Baixo,Manter relacionamento ativo e acompanhar evolução.
15767339,0.11,Baixo,Manter relacionamento ativo e acompanhar evolução.
15785339,0.11,Baixo,Manter relacionamento ativo e acompanhar evolução.
15720354,0.11,Baixo,Manter relacionamento ativo e acompanhar evolução.
15773447,0.11,Baixo,Manter relacionamento ativo e acompanhar evolução.
15696355,0.11,Baixo,Manter relacionamento ativo e acompanhar evolução.
15750049,0.11,Baixo,Manter relacionamento ativo e acompanhar evolução.
15763093,0.11,Baixo,Manter relacionamento ativo e acompanhar evolução.
15750181,0.11,Baixo,Manter relacionamento ativo e acompanhar evolução.
15658980,0.11,Baixo,Manter relacionamento ativo e acompanhar evolução.
15677764,0.11,Baixo,Manter relacionamento ativo e acompanhar evolução.
15796015,0.11,Baixo,Manter relacionamento ativo e acompanhar evolução.
15766810,0.11,Baixo,Manter relacionamento ativo e acompanhar evolução.
15681887,0.11,Baixo,Manter relacionamento ativo e acompanhar evolução.
15717426,0.105,Baixo,Manter relacionamento ativo e acompanhar evolução.
15603247,0.105,Baixo,Manter relacionamento ativo e acompanhar evolução.
15626414,0.105,Baixo,Manter relacionamento ativo e acompanhar evolução.
15651737,0.105,Baixo,Manter relacionamento ativo e acompanhar evolução.
15623536,0.105,Baixo,Manter relacionamento ativo e acompanhar evolução.
15590241,0.105,Baixo,Manter relacionamento ativo e acompanhar evolução.
15666823,0.105,Baixo,Manter relacionamento ativo e acompanhar evolução.
15597951,0.105,Baixo,Manter relacionamento ativo e acompanhar evolução.
15596011,0.105,Baixo,Manter relacionamento ativo e acompanhar evolução.
15801699,0.105,Baixo,Manter relacionamento ativo e acompanhar evolução.
15637178,0.105,Baixo,Manter relacionamento ativo e acompanhar evolução.
15786042,0.105,Baixo,Manter relacionamento ativo e acompanhar evolução.
15593715,0.105,Baixo,Manter relacionamento ativo e acompanhar evolução.
15731267,0.105,Baixo,Manter relacionamento ativo e acompanhar evolução.
15800068,0.105,Baixo,Manter relacionamento ativo e acompanhar evolução.
15633274,0.105,Baixo,Manter relacionamento ativo e acompanhar evolução.
15680243,0.105,Baixo,Manter relacionamento ativo e acompanhar evolução.
15761477,0.105,Baixo,Manter relacionamento ativo e acompanhar evolução.
15600103,0.105,Baixo,Manter relacionamento ativo e acompanhar evolução.
15791006,0.105,Baixo,Manter relacionamento ativo e acompanhar evolução.
15677217,0.105,Baixo,Manter relacionamento ativo e acompanhar evolução.
15766609,0.105,Baixo,Manter relacionamento ativo e acompanhar evolução.
15808334,0.105,Baixo,Manter relacionamento ativo e acompanhar evolução.
15790254,0.105,Baixo,Manter relacionamento ativo e acompanhar evolução.
15813283,0.105,Baixo,Manter relacionamento ativo e acompanhar evolução.
15680587,0.105,Baixo,Manter relacionamento ativo e acompanhar evolução.
15714920,0.105,Baixo,Manter relacionamento ativo e acompanhar evolução.
15609562,0.105,Baixo,Manter relacionamento ativo e acompanhar evolução.
15799211,0.105,Baixo,Manter relacionamento ativo e acompanhar evolução.
15672983,0.105,Baixo,Manter relacionamento ativo e acompanhar evolução.
15637650,0.105,Baixo,Manter relacionamento ativo e acompanhar evolução.
15745355,0.105,Baixo,Manter relacionamento ativo e acompanhar evolução.
15729040,0.105,Baixo,Manter relacionamento ativo e acompanhar evolução.
15781989,0.105,Baixo,Manter relacionamento ativo e acompanhar evolução.
15765415,0.105,Baixo,Manter relacionamento ativo e acompanhar evolução.
15770406,0.105,Baixo,Manter relacionamento ativo e acompanhar evolução.
15742971,0.105,Baixo,Manter relacionamento ativo e acompanhar evolução.
15808228,0.105,Baixo,Manter relacionamento ativo e acompanhar evolução.
15795954,0.105,Baixo,Manter relacionamento ativo e acompanhar evolução.
15571081,0.105,Baixo,Manter relacionamento ativo e acompanhar evolução.
15632125,0.105,Baixo,Manter relacionamento ativo e acompanhar evolução.
15691875,0.105,Baixo,Manter relacionamento ativo e acompanhar evolução.
15578546,0.105,Baixo,Manter relacionamento ativo e acompanhar evolução.
15592999,0.105,Baixo,Manter relacionamento ativo e acompanhar evolução.
15672912,0.105,Baixo,Manter relacionamento ativo e acompanhar evolução.
15589380,0.105,Baixo,Manter relacionamento ativo e acompanhar evolução.
15712264,0.105,Baixo,Manter relacionamento ativo e acompanhar evolução.
15755223,0.105,Baixo,Manter relacionamento ativo e acompanhar evolução.
15611189,0.105,Baixo,Manter relacionamento ativo e acompanhar evolução.
15617078,0.105,Baixo,Manter relacionamento ativo e acompanhar evolução.
15803842,0.105,Baixo,Manter relacionamento ativo e acompanhar evolução.
15703205,0.105,Baixo,Manter relacionamento ativo e acompanhar evolução.
15591489,0.105,Baixo,Manter relacionamento ativo e acompanhar evolução.
15592937,0.105,Baixo,Manter relacionamento ativo e acompanhar evolução.
15572158,0.105,Baixo,Manter relacionamento ativo e acompanhar evolução.
15776223,0.105,Baixo,Manter relacionamento ativo e acompanhar evolução.
15795458,0.105,Baixo,Manter relacionamento ativo e acompanhar evolução.
15601550,0.105,Baixo,Manter relacionamento ativo e acompanhar evolução.
15591550,0.105,Baixo,Manter relacionamento ativo e acompanhar evolução.
15568963,0.105,Baixo,Manter relacionamento ativo e acompanhar evolução.
15794849,0.105,Baixo,Manter relacionamento ativo e acompanhar evolução.
15764448,0.105,Baixo,Manter relacionamento ativo e acompanhar evolução.
15761763,0.105,Baixo,Manter relacionamento ativo e acompanhar evolução.
15801256,0.105,Baixo,Manter relacionamento ativo e acompanhar evolução.
15755242,0.105,Baixo,Manter relacionamento ativo e acompanhar evolução.
15613085,0.105,Baixo,Manter relacionamento ativo e acompanhar evolução.
15794560,0.105,Baixo,Manter relacionamento ativo e acompanhar evolução.
15592877,0.105,Baixo,Manter relacionamento ativo e acompanhar evolução.
15815552,0.105,Baixo,Manter relacionamento ativo e acompanhar evolução.
15572291,0.105,Baixo,Manter relacionamento ativo e acompanhar evolução.
15726234,0.105,Baixo,Manter relacionamento ativo e acompanhar evolução.
15752097,0.105,Baixo,Manter relacionamento ativo e acompanhar evolução.
15672216,0.105,Baixo,Manter relacionamento ativo e acompanhar evolução.
15782569,0.105,Baixo,Manter relacionamento ativo e acompanhar evolução.
15661249,0.105,Baixo,Manter relacionamento ativo e acompanhar evolução.
15616709,0.105,Baixo,Manter relacionamento ativo e acompanhar evolução.
15596984,0.105,Baixo,Manter relacionamento ativo e acompanhar evolução.
15698792,0.105,Baixo,Manter relacionamento ativo e acompanhar evolução.
15731890,0.105,Baixo,Manter relacionamento ativo e acompanhar evolução.
15715541,0.105,Baixo,Manter relacionamento ativo e acompanhar evolução.
15658258,0.105,Baixo,Manter relacionamento ativo e acompanhar evolução.
15656330,0.105,Baixo,Manter relacionamento ativo e acompanhar evolução.
15625461,0.105,Baixo,Manter relacionamento ativo e acompanhar evolução.
15653753,0.105,Baixo,Manter relacionamento ativo e acompanhar evolução.
15815626,0.105,Baixo,Manter relacionamento ativo e acompanhar evolução.
15579820,0.105,Baixo,Manter relacionamento ativo e acompanhar evolução.
15569452,0.105,Baixo,Manter relacionamento ativo e acompanhar evolução.
15756333,0.105,Baixo,Manter relacionamento ativo e acompanhar evolução.
15775663,0.105,Baixo,Manter relacionamento ativo e acompanhar evolução.
15568469,0.105,Baixo,Manter relacionamento ativo e acompanhar evolução.
15630419,0.105,Baixo,Manter relacionamento ativo e acompanhar evolução.
15804357,0.105,Baixo,Manter relacionamento ativo e acompanhar evolução.
15599004,0.105,Baixo,Manter relacionamento ativo e acompanhar evolução.
15701605,0.105,Baixo,Manter relacionamento ativo e acompanhar evolução.
15612108,0.105,Baixo,Manter relacionamento ativo e acompanhar evolução.
15645778,0.105,Baixo,Manter relacionamento ativo e acompanhar evolução.
15783958,0.105,Baixo,Manter relacionamento ativo e acompanhar evolução.
15728693,0.105,Baixo,Manter relacionamento ativo e acompanhar evolução.
15645637,0.105,Baixo,Manter relacionamento ativo e acompanhar evolução.
15767129,0.105,Baixo,Manter relacionamento ativo e acompanhar evolução.
15771966,0.105,Baixo,Manter relacionamento ativo e acompanhar evolução.
15763111,0.105,Baixo,Manter relacionamento ativo e acompanhar evolução.
15784323,0.105,Baixo,Manter relacionamento ativo e acompanhar evolução.
15645937,0.105,Baixo,Manter relacionamento ativo e acompanhar evolução.
15601977,0.1,Baixo,Manter relacionamento ativo e acompanhar evolução.
15670039,0.1,Baixo,Manter relacionamento ativo e acompanhar evolução.
15735632,0.1,Baixo,Manter relacionamento ativo e acompanhar evolução.
15605333,0.1,Baixo,Manter relacionamento ativo e acompanhar evolução.
15806360,0.1,Baixo,Manter relacionamento ativo e acompanhar evolução.
15652658,0.1,Baixo,Manter relacionamento ativo e acompanhar evolução.
15647974,0.1,Baixo,Manter relacionamento ativo e acompanhar evolução.
15747358,0.1,Baixo,Manter relacionamento ativo e acompanhar evolução.
15671334,0.1,Baixo,Manter relacionamento ativo e acompanhar evolução.
15626507,0.1,Baixo,Manter relacionamento ativo e acompanhar evolução.
15746564,0.1,Baixo,Manter relacionamento ativo e acompanhar evolução.
15636548,0.1,Baixo,Manter relacionamento ativo e acompanhar evolução.
15745030,0.1,Baixo,Manter relacionamento ativo e acompanhar evolução.
15639552,0.1,Baixo,Manter relacionamento ativo e acompanhar evolução.
15643966,0.1,Baixo,Manter relacionamento ativo e acompanhar evolução.
15782735,0.1,Baixo,Manter relacionamento ativo e acompanhar evolução.
15811927,0.1,Baixo,Manter relacionamento ativo e acompanhar evolução.
15585255,0.1,Baixo,Manter relacionamento ativo e acompanhar evolução.
15591711,0.1,Baixo,Manter relacionamento ativo e acompanhar evolução.
15695492,0.1,Baixo,Manter relacionamento ativo e acompanhar evolução.
15801441,0.1,Baixo,Manter relacionamento ativo e acompanhar evolução.
15794868,0.1,Baixo,Manter relacionamento ativo e acompanhar evolução.
15781298,0.1,Baixo,Manter relacionamento ativo e acompanhar evolução.
15712777,0.1,Baixo,Manter relacionamento ativo e acompanhar evolução.
15599301,0.1,Baixo,Manter relacionamento ativo e acompanhar evolução.
15640421,0.1,Baixo,Manter relacionamento ativo e acompanhar evolução.
15815615,0.1,Baixo,Manter relacionamento ativo e acompanhar evolução.
15623730,0.1,Baixo,Manter relacionamento ativo e acompanhar evolução.
15616088,0.1,Baixo,Manter relacionamento ativo e acompanhar evolução.
15625126,0.1,Baixo,Manter relacionamento ativo e acompanhar evolução.
15719352,0.1,Baixo,Manter relacionamento ativo e acompanhar evolução.
15636444,0.1,Baixo,Manter relacionamento ativo e acompanhar evolução.
15761149,0.1,Baixo,Manter relacionamento ativo e acompanhar evolução.
15787322,0.1,Baixo,Manter relacionamento ativo e acompanhar evolução.
15809909,0.1,Baixo,Manter relacionamento ativo e acompanhar evolução.
15659364,0.1,Baixo,Manter relacionamento ativo e acompanhar evolução.
15668747,0.1,Baixo,Manter relacionamento ativo e acompanhar evolução.
15809823,0.1,Baixo,Manter relacionamento ativo e acompanhar evolução.
15683758,0.1,Baixo,Manter relacionamento ativo e acompanhar evolução.
15695819,0.1,Baixo,Manter relacionamento ativo e acompanhar evolução.
15795186,0.1,Baixo,Manter relacionamento ativo e acompanhar evolução.
15567383,0.1,Baixo,Manter relacionamento ativo e acompanhar evolução.
15754537,0.1,Baixo,Manter relacionamento ativo e acompanhar evolução.
15737265,0.1,Baixo,Manter relacionamento ativo e acompanhar evolução.
15728885,0.1,Baixo,Manter relacionamento ativo e acompanhar evolução.
15749050,0.1,Baixo,Manter relacionamento ativo e acompanhar evolução.
15692137,0.1,Baixo,Manter relacionamento ativo e acompanhar evolução.
15573242,0.1,Baixo,Manter relacionamento ativo e acompanhar evolução.
15639576,0.1,Baixo,Manter relacionamento ativo e acompanhar evolução.
15645496,0.1,Baixo,Manter relacionamento ativo e acompanhar evolução.
15619529,0.1,Baixo,Manter relacionamento ativo e acompanhar evolução.
15746995,0.1,Baixo,Manter relacionamento ativo e acompanhar evolução.
15671345,0.1,Baixo,Manter relacionamento ativo e acompanhar evolução.
15757648,0.1,Baixo,Manter relacionamento ativo e acompanhar evolução.
15589666,0.1,Baixo,Manter relacionamento ativo e acompanhar evolução.
15807524,0.1,Baixo,Manter relacionamento ativo e acompanhar evolução.
15613017,0.1,Baixo,Manter relacionamento ativo e acompanhar evolução.
15741078,0.1,Baixo,Manter relacionamento ativo e acompanhar evolução.
15566543,0.1,Baixo,Manter relacionamento ativo e acompanhar evolução.
15658504,0.1,Baixo,Manter relacionamento ativo e acompanhar evolução.
15602811,0.1,Baixo,Manter relacionamento ativo e acompanhar evolução.
15639530,0.1,Baixo,Manter relacionamento ativo e acompanhar evolução.
15676117,0.1,Baixo,Manter relacionamento ativo e acompanhar evolução.
15693526,0.1,Baixo,Manter relacionamento ativo e acompanhar evolução.
15594902,0.1,Baixo,Manter relacionamento ativo e acompanhar evolução.
15640825,0.1,Baixo,Manter relacionamento ativo e acompanhar evolução.
15793324,0.1,Baixo,Manter relacionamento ativo e acompanhar evolução.
15578369,0.1,Baixo,Manter relacionamento ativo e acompanhar evolução.
15716781,0.1,Baixo,Manter relacionamento ativo e acompanhar evolução.
15602994,0.1,Baixo,Manter relacionamento ativo e acompanhar evolução.
15593178,0.1,Baixo,Manter relacionamento ativo e acompanhar evolução.
15774328,0.1,Baixo,Manter relacionamento ativo e acompanhar evolução.
15758136,0.1,Baixo,Manter relacionamento ativo e acompanhar evolução.
15663234,0.1,Baixo,Manter relacionamento ativo e acompanhar evolução.
15707291,0.1,Baixo,Manter relacionamento ativo e acompanhar evolução.
15724443,0.1,Baixo,Manter relacionamento ativo e acompanhar evolução.
15812071,0.1,Baixo,Manter relacionamento ativo e acompanhar evolução.
15625941,0.1,Baixo,Manter relacionamento ativo e acompanhar evolução.
15703117,0.1,Baixo,Manter relacionamento ativo e acompanhar evolução.
15619360,0.1,Baixo,Manter relacionamento ativo e acompanhar evolução.
15769645,0.1,Baixo,Manter relacionamento ativo e acompanhar evolução.
15791851,0.1,Baixo,Manter relacionamento ativo e acompanhar evolução.
15807961,0.1,Baixo,Manter relacionamento ativo e acompanhar evolução.
15600651,0.1,Baixo,Manter relacionamento ativo e acompanhar evolução.
15765014,0.1,Baixo,Manter relacionamento ativo e acompanhar evolução.
15618225,0.1,Baixo,Manter relacionamento ativo e acompanhar evolução.
15581252,0.1,Baixo,Manter relacionamento ativo e acompanhar evolução.
15612931,0.1,Baixo,Manter relacionamento ativo e acompanhar evolução.
15806132,0.1,Baixo,Manter relacionamento ativo e acompanhar evolução.
15717893,0.1,Baixo,Manter relacionamento ativo e acompanhar evolução.
15737489,0.1,Baixo,Manter relacionamento ativo e acompanhar evolução.
15638646,0.1,Baixo,Manter relacionamento ativo e acompanhar evolução.
15775082,0.1,Baixo,Manter relacionamento ativo e acompanhar evolução.
15792329,0.1,Baixo,Manter relacionamento ativo e acompanhar evolução.
15781702,0.1,Baixo,Manter relacionamento ativo e acompanhar evolução.
15685640,0.1,Baixo,Manter relacionamento ativo e acompanhar evolução.
15733964,0.1,Baixo,Manter relacionamento ativo e acompanhar evolução.
15584749,0.1,Baixo,Manter relacionamento ativo e acompanhar evolução.
15728505,0.1,Baixo,Manter relacionamento ativo e acompanhar evolução.
15700964,0.095,Baixo,Manter relacionamento ativo e acompanhar evolução.
15687171,0.095,Baixo,Manter relacionamento ativo e acompanhar evolução.
15738884,0.095,Baixo,Manter relacionamento ativo e acompanhar evolução.
15604020,0.095,Baixo,Manter relacionamento ativo e acompanhar evolução.
15759991,0.095,Baixo,Manter relacionamento ativo e acompanhar evolução.
15709199,0.095,Baixo,Manter relacionamento ativo e acompanhar evolução.
15710257,0.095,Baixo,Manter relacionamento ativo e acompanhar evolução.
15582090,0.095,Baixo,Manter relacionamento ativo e acompanhar evolução.
15594349,0.095,Baixo,Manter relacionamento ativo e acompanhar evolução.
15773338,0.095,Baixo,Manter relacionamento ativo e acompanhar evolução.
15687959,0.095,Baixo,Manter relacionamento ativo e acompanhar evolução.
15585451,0.095,Baixo,Manter relacionamento ativo e acompanhar evolução.
15727361,0.095,Baixo,Manter relacionamento ativo e acompanhar evolução.
15769504,0.095,Baixo,Manter relacionamento ativo e acompanhar evolução.
15766776,0.095,Baixo,Manter relacionamento ativo e acompanhar evolução.
15669064,0.095,Baixo,Manter relacionamento ativo e acompanhar evolução.
15730540,0.095,Baixo,Manter relacionamento ativo e acompanhar evolução.
15721507,0.095,Baixo,Manter relacionamento ativo e acompanhar evolução.
15653222,0.095,Baixo,Manter relacionamento ativo e acompanhar evolução.
15639277,0.095,Baixo,Manter relacionamento ativo e acompanhar evolução.
15811261,0.095,Baixo,Manter relacionamento ativo e acompanhar evolução.
15649239,0.095,Baixo,Manter relacionamento ativo e acompanhar evolução.
15734942,0.095,Baixo,Manter relacionamento ativo e acompanhar evolução.
15690134,0.095,Baixo,Manter relacionamento ativo e acompanhar evolução.
15715208,0.095,Baixo,Manter relacionamento ativo e acompanhar evolução.
15594815,0.095,Baixo,Manter relacionamento ativo e acompanhar evolução.
15799479,0.095,Baixo,Manter relacionamento ativo e acompanhar evolução.
15726088,0.095,Baixo,Manter relacionamento ativo e acompanhar evolução.
15603246,0.095,Baixo,Manter relacionamento ativo e acompanhar evolução.
15590966,0.095,Baixo,Manter relacionamento ativo e acompanhar evolução.
15713949,0.095,Baixo,Manter relacionamento ativo e acompanhar evolução.
15672091,0.095,Baixo,Manter relacionamento ativo e acompanhar evolução.
15802570,0.095,Baixo,Manter relacionamento ativo e acompanhar evolução.
15796838,0.095,Baixo,Manter relacionamento ativo e acompanhar evolução.
15810563,0.095,Baixo,Manter relacionamento ativo e acompanhar evolução.
15702789,0.095,Baixo,Manter relacionamento ativo e acompanhar evolução.
15799924,0.095,Baixo,Manter relacionamento ativo e acompanhar evolução.
15643294,0.095,Baixo,Manter relacionamento ativo e acompanhar evolução.
15672610,0.095,Baixo,Manter relacionamento ativo e acompanhar evolução.
15753370,0.095,Baixo,Manter relacionamento ativo e acompanhar evolução.
15738546,0.095,Baixo,Manter relacionamento ativo e acompanhar evolução.
15687558,0.095,Baixo,Manter relacionamento ativo e acompanhar evolução.
15776229,0.095,Baixo,Manter relacionamento ativo e acompanhar evolução.
15652527,0.095,Baixo,Manter relacionamento ativo e acompanhar evolução.
15792989,0.095,Baixo,Manter relacionamento ativo e acompanhar evolução.
15610801,0.095,Baixo,Manter relacionamento ativo e acompanhar evolução.
15792102,0.095,Baixo,Manter relacionamento ativo e acompanhar evolução.
15707918,0.095,Baixo,Manter relacionamento ativo e acompanhar evolução.
15644896,0.095,Baixo,Manter relacionamento ativo e acompanhar evolução.
15694143,0.095,Baixo,Manter relacionamento ativo e acompanhar evolução.
15736112,0.095,Baixo,Manter relacionamento ativo e acompanhar evolução.
15697691,0.095,Baixo,Manter relacionamento ativo e acompanhar evolução.
15586680,0.095,Baixo,Manter relacionamento ativo e acompanhar evolução.
15706587,0.095,Baixo,Manter relacionamento ativo e acompanhar evolução.
15674637,0.095,Baixo,Manter relacionamento ativo e acompanhar evolução.
15795895,0.095,Baixo,Manter relacionamento ativo e acompanhar evolução.
15760514,0.095,Baixo,Manter relacionamento ativo e acompanhar evolução.
15575445,0.095,Baixo,Manter relacionamento ativo e acompanhar evolução.
15801152,0.095,Baixo,Manter relacionamento ativo e acompanhar evolução.
15613180,0.095,Baixo,Manter relacionamento ativo e acompanhar evolução.
15708046,0.095,Baixo,Manter relacionamento ativo e acompanhar evolução.
15584271,0.095,Baixo,Manter relacionamento ativo e acompanhar evolução.
15580252,0.095,Baixo,Manter relacionamento ativo e acompanhar evolução.
15806880,0.095,Baixo,Manter relacionamento ativo e acompanhar evolução.
15721047,0.095,Baixo,Manter relacionamento ativo e acompanhar evolução.
15683168,0.095,Baixo,Manter relacionamento ativo e acompanhar evolução.
15580462,0.095,Baixo,Manter relacionamento ativo e acompanhar evolução.
15640266,0.095,Baixo,Manter relacionamento ativo e acompanhar evolução.
15708513,0.095,Baixo,Manter relacionamento ativo e acompanhar evolução.
15801062,0.095,Baixo,Manter relacionamento ativo e acompanhar evolução.
15602929,0.095,Baixo,Manter relacionamento ativo e acompanhar evolução.
15661528,0.095,Baixo,Manter relacionamento ativo e acompanhar evolução.
15604515,0.095,Baixo,Manter relacionamento ativo e acompanhar evolução.
15705343,0.095,Baixo,Manter relacionamento ativo e acompanhar evolução.
15697546,0.095,Baixo,Manter relacionamento ativo e acompanhar evolução.
15647453,0.095,Baixo,Manter relacionamento ativo e acompanhar evolução.
15771580,0.095,Baixo,Manter relacionamento ativo e acompanhar evolução.
15790379,0.095,Baixo,Manter relacionamento ativo e acompanhar evolução.
15795370,0.095,Baixo,Manter relacionamento ativo e acompanhar evolução.
15640377,0.095,Baixo,Manter relacionamento ativo e acompanhar evolução.
15589195,0.095,Baixo,Manter relacionamento ativo e acompanhar evolução.
15798310,0.095,Baixo,Manter relacionamento ativo e acompanhar evolução.
15620746,0.095,Baixo,Manter relacionamento ativo e acompanhar evolução.
15686963,0.095,Baixo,Manter relacionamento ativo e acompanhar evolução.
15759684,0.095,Baixo,Manter relacionamento ativo e acompanhar evolução.
15633648,0.095,Baixo,Manter relacionamento ativo e acompanhar evolução.
15745844,0.095,Baixo,Manter relacionamento ativo e acompanhar evolução.
15585192,0.095,Baixo,Manter relacionamento ativo e acompanhar evolução.
15644699,0.095,Baixo,Manter relacionamento ativo e acompanhar evolução.
15691323,0.095,Baixo,Manter relacionamento ativo e acompanhar evolução.
15748327,0.095,Baixo,Manter relacionamento ativo e acompanhar evolução.
15769818,0.095,Baixo,Manter relacionamento ativo e acompanhar evolução.
15620341,0.095,Baixo,Manter relacionamento ativo e acompanhar evolução.
15665110,0.095,Baixo,Manter relacionamento ativo e acompanhar evolução.
15708196,0.095,Baixo,Manter relacionamento ativo e acompanhar evolução.
15808283,0.095,Baixo,Manter relacionamento ativo e acompanhar evolução.
15586135,0.095,Baixo,Manter relacionamento ativo e acompanhar evolução.
15682928,0.095,Baixo,Manter relacionamento ativo e acompanhar evolução.
15641285,0.095,Baixo,Manter relacionamento ativo e acompanhar evolução.
15627365,0.095,Baixo,Manter relacionamento ativo e acompanhar evolução.
15698664,0.095,Baixo,Manter relacionamento ativo e acompanhar evolução.
15743153,0.09,Baixo,Manter relacionamento ativo e acompanhar evolução.
15712068,0.09,Baixo,Manter relacionamento ativo e acompanhar evolução.
15644297,0.09,Baixo,Manter relacionamento ativo e acompanhar evolução.
15788183,0.09,Baixo,Manter relacionamento ativo e acompanhar evolução.
15572777,0.09,Baixo,Manter relacionamento ativo e acompanhar evolução.
15576156,0.09,Baixo,Manter relacionamento ativo e acompanhar evolução.
15614420,0.09,Baixo,Manter relacionamento ativo e acompanhar evolução.
15614962,0.09,Baixo,Manter relacionamento ativo e acompanhar evolução.
15734886,0.09,Baixo,Manter relacionamento ativo e acompanhar evolução.
15649423,0.09,Baixo,Manter relacionamento ativo e acompanhar evolução.
15764284,0.09,Baixo,Manter relacionamento ativo e acompanhar evolução.
15582335,0.09,Baixo,Manter relacionamento ativo e acompanhar evolução.
15689955,0.09,Baixo,Manter relacionamento ativo e acompanhar evolução.
15761733,0.09,Baixo,Manter relacionamento ativo e acompanhar evolução.
15600110,0.09,Baixo,Manter relacionamento ativo e acompanhar evolução.
15773039,0.09,Baixo,Manter relacionamento ativo e acompanhar evolução.
15701809,0.09,Baixo,Manter relacionamento ativo e acompanhar evolução.
15714586,0.09,Baixo,Manter relacionamento ativo e acompanhar evolução.
15615029,0.09,Baixo,Manter relacionamento ativo e acompanhar evolução.
15617518,0.09,Baixo,Manter relacionamento ativo e acompanhar evolução.
15669805,0.09,Baixo,Manter relacionamento ativo e acompanhar evolução.
15583394,0.09,Baixo,Manter relacionamento ativo e acompanhar evolução.
15729832,0.09,Baixo,Manter relacionamento ativo e acompanhar evolução.
15762937,0.09,Baixo,Manter relacionamento ativo e acompanhar evolução.
15627848,0.09,Baixo,Manter relacionamento ativo e acompanhar evolução.
15798341,0.09,Baixo,Manter relacionamento ativo e acompanhar evolução.
15621021,0.09,Baixo,Manter relacionamento ativo e acompanhar evolução.
15596649,0.09,Baixo,Manter relacionamento ativo e acompanhar evolução.
15581871,0.09,Baixo,Manter relacionamento ativo e acompanhar evolução.
15636982,0.09,Baixo,Manter relacionamento ativo e acompanhar evolução.
15631222,0.09,Baixo,Manter relacionamento ativo e acompanhar evolução.
15645896,0.09,Baixo,Manter relacionamento ativo e acompanhar evolução.
15695792,0.09,Baixo,Manter relacionamento ativo e acompanhar evolução.
15600734,0.09,Baixo,Manter relacionamento ativo e acompanhar evolução.
15568595,0.09,Baixo,Manter relacionamento ativo e acompanhar evolução.
15631685,0.09,Baixo,Manter relacionamento ativo e acompanhar evolução.
15759751,0.09,Baixo,Manter relacionamento ativo e acompanhar evolução.
15734999,0.09,Baixo,Manter relacionamento ativo e acompanhar evolução.
15595713,0.09,Baixo,Manter relacionamento ativo e acompanhar evolução.
15602043,0.09,Baixo,Manter relacionamento ativo e acompanhar evolução.
15741416,0.09,Baixo,Manter relacionamento ativo e acompanhar evolução.
15600911,0.09,Baixo,Manter relacionamento ativo e acompanhar evolução.
15705544,0.09,Baixo,Manter relacionamento ativo e acompanhar evolução.
15626012,0.09,Baixo,Manter relacionamento ativo e acompanhar evolução.
15720508,0.09,Baixo,Manter relacionamento ativo e acompanhar evolução.
15643056,0.09,Baixo,Manter relacionamento ativo e acompanhar evolução.
15575146,0.09,Baixo,Manter relacionamento ativo e acompanhar evolução.
15774336,0.09,Baixo,Manter relacionamento ativo e acompanhar evolução.
15790763,0.09,Baixo,Manter relacionamento ativo e acompanhar evolução.
15795540,0.09,Baixo,Manter relacionamento ativo e acompanhar evolução.
15750099,0.09,Baixo,Manter relacionamento ativo e acompanhar evolução.
15597739,0.09,Baixo,Manter relacionamento ativo e acompanhar evolução.
15796480,0.09,Baixo,Manter relacionamento ativo e acompanhar evolução.
15744109,0.09,Baixo,Manter relacionamento ativo e acompanhar evolução.
15779103,0.09,Baixo,Manter relacionamento ativo e acompanhar evolução.
15708917,0.09,Baixo,Manter relacionamento ativo e acompanhar evolução.
15742668,0.09,Baixo,Manter relacionamento ativo e acompanhar evolução.
15738751,0.09,Baixo,Manter relacionamento ativo e acompanhar evolução.
15596414,0.09,Baixo,Manter relacionamento ativo e acompanhar evolução.
15663489,0.09,Baixo,Manter relacionamento ativo e acompanhar evolução.
15743893,0.09,Baixo,Manter relacionamento ativo e acompanhar evolução.
15722845,0.09,Baixo,Manter relacionamento ativo e acompanhar evolução.
15626322,0.09,Baixo,Manter relacionamento ativo e acompanhar evolução.
15792868,0.09,Baixo,Manter relacionamento ativo e acompanhar evolução.
15769948,0.09,Baixo,Manter relacionamento ativo e acompanhar evolução.
15665177,0.09,Baixo,Manter relacionamento ativo e acompanhar evolução.
15723872,0.09,Baixo,Manter relacionamento ativo e acompanhar evolução.
15728224,0.09,Baixo,Manter relacionamento ativo e acompanhar evolução.
15659677,0.09,Baixo,Manter relacionamento ativo e acompanhar evolução.
15668971,0.09,Baixo,Manter relacionamento ativo e acompanhar evolução.
15690332,0.09,Baixo,Manter relacionamento ativo e acompanhar evolução.
15812279,0.09,Baixo,Manter relacionamento ativo e acompanhar evolução.
15668594,0.09,Baixo,Manter relacionamento ativo e acompanhar evolução.
15785899,0.09,Baixo,Manter relacionamento ativo e acompanhar evolução.
15754267,0.09,Baixo,Manter relacionamento ativo e acompanhar evolução.
15749381,0.09,Baixo,Manter relacionamento ativo e acompanhar evolução.
15781574,0.09,Baixo,Manter relacionamento ativo e acompanhar evolução.
15777923,0.09,Baixo,Manter relacionamento ativo e acompanhar evolução.
15723320,0.09,Baixo,Manter relacionamento ativo e acompanhar evolução.
15667476,0.09,Baixo,Manter relacionamento ativo e acompanhar evolução.
15651020,0.09,Baixo,Manter relacionamento ativo e acompanhar evolução.
15643752,0.09,Baixo,Manter relacionamento ativo e acompanhar evolução.
15651585,0.09,Baixo,Manter relacionamento ativo e acompanhar evolução.
15665438,0.09,Baixo,Manter relacionamento ativo e acompanhar evolução.
15655339,0.09,Baixo,Manter relacionamento ativo e acompanhar evolução.
15566156,0.09,Baixo,Manter relacionamento ativo e acompanhar evolução.
15650018,0.09,Baixo,Manter relacionamento ativo e acompanhar evolução.
15604073,0.09,Baixo,Manter relacionamento ativo e acompanhar evolução.
15576077,0.09,Baixo,Manter relacionamento ativo e acompanhar evolução.
15766289,0.09,Baixo,Manter relacionamento ativo e acompanhar evolução.
15728167,0.09,Baixo,Manter relacionamento ativo e acompanhar evolução.
15674000,0.09,Baixo,Manter relacionamento ativo e acompanhar evolução.
15721835,0.09,Baixo,Manter relacionamento ativo e acompanhar evolução.
15671630,0.09,Baixo,Manter relacionamento ativo e acompanhar evolução.
15730590,0.09,Baixo,Manter relacionamento ativo e acompanhar evolução.
15770101,0.09,Baixo,Manter relacionamento ativo e acompanhar evolução.
15570857,0.09,Baixo,Manter relacionamento ativo e acompanhar evolução.
15665238,0.09,Baixo,Manter relacionamento ativo e acompanhar evolução.
15568106,0.09,Baixo,Manter relacionamento ativo e acompanhar evolução.
15657868,0.09,Baixo,Manter relacionamento ativo e acompanhar evolução.
15753161,0.09,Baixo,Manter relacionamento ativo e acompanhar evolução.
15686812,0.09,Baixo,Manter relacionamento ativo e acompanhar evolução.
15763148,0.09,Baixo,Manter relacionamento ativo e acompanhar evolução.
15600708,0.09,Baixo,Manter relacionamento ativo e acompanhar evolução.
15803365,0.09,Baixo,Manter relacionamento ativo e acompanhar evolução.
15654222,0.09,Baixo,Manter relacionamento ativo e acompanhar evolução.
15777892,0.09,Baixo,Manter relacionamento ativo e acompanhar evolução.
15688074,0.09,Baixo,Manter relacionamento ativo e acompanhar evolução.
15735346,0.09,Baixo,Manter relacionamento ativo e acompanhar evolução.
15592531,0.09,Baixo,Manter relacionamento ativo e acompanhar evolução.
15618401,0.09,Baixo,Manter relacionamento ativo e acompanhar evolução.
15686780,0.09,Baixo,Manter relacionamento ativo e acompanhar evolução.
15730810,0.085,Baixo,Manter relacionamento ativo e acompanhar evolução.
15672640,0.085,Baixo,Manter relacionamento ativo e acompanhar evolução.
15569266,0.085,Baixo,Manter relacionamento ativo e acompanhar evolução.
15678057,0.085,Baixo,Manter relacionamento ativo e acompanhar evolução.
15568326,0.085,Baixo,Manter relacionamento ativo e acompanhar evolução.
15790448,0.085,Baixo,Manter relacionamento ativo e acompanhar evolução.
15790067,0.085,Baixo,Manter relacionamento ativo e acompanhar evolução.
15705663,0.085,Baixo,Manter relacionamento ativo e acompanhar evolução.
15616451,0.085,Baixo,Manter relacionamento ativo e acompanhar evolução.
15663312,0.085,Baixo,Manter relacionamento ativo e acompanhar evolução.
15711901,0.085,Baixo,Manter relacionamento ativo e acompanhar evolução.
15725664,0.085,Baixo,Manter relacionamento ativo e acompanhar evolução.
15685226,0.085,Baixo,Manter relacionamento ativo e acompanhar evolução.
15681274,0.085,Baixo,Manter relacionamento ativo e acompanhar evolução.
15802088,0.085,Baixo,Manter relacionamento ativo e acompanhar evolução.
15712536,0.085,Baixo,Manter relacionamento ativo e acompanhar evolução.
15615254,0.085,Baixo,Manter relacionamento ativo e acompanhar evolução.
15685706,0.085,Baixo,Manter relacionamento ativo e acompanhar evolução.
15614635,0.085,Baixo,Manter relacionamento ativo e acompanhar evolução.
15602084,0.085,Baixo,Manter relacionamento ativo e acompanhar evolução.
15673747,0.085,Baixo,Manter relacionamento ativo e acompanhar evolução.
15642937,0.085,Baixo,Manter relacionamento ativo e acompanhar evolução.
15571281,0.085,Baixo,Manter relacionamento ativo e acompanhar evolução.
15616028,0.085,Baixo,Manter relacionamento ativo e acompanhar evolução.
15756196,0.085,Baixo,Manter relacionamento ativo e acompanhar evolução.
15711287,0.085,Baixo,Manter relacionamento ativo e acompanhar evolução.
15773804,0.085,Baixo,Manter relacionamento ativo e acompanhar evolução.
15596647,0.085,Baixo,Manter relacionamento ativo e acompanhar evolução.
15710012,0.085,Baixo,Manter relacionamento ativo e acompanhar evolução.
15664227,0.085,Baixo,Manter relacionamento ativo e acompanhar evolução.
15594720,0.085,Baixo,Manter relacionamento ativo e acompanhar evolução.
15570051,0.085,Baixo,Manter relacionamento ativo e acompanhar evolução.
15717056,0.085,Baixo,Manter relacionamento ativo e acompanhar evolução.
15624866,0.085,Baixo,Manter relacionamento ativo e acompanhar evolução.
15808960,0.085,Baixo,Manter relacionamento ativo e acompanhar evolução.
15658449,0.085,Baixo,Manter relacionamento ativo e acompanhar evolução.
15658360,0.085,Baixo,Manter relacionamento ativo e acompanhar evolução.
15776733,0.085,Baixo,Manter relacionamento ativo e acompanhar evolução.
15653773,0.085,Baixo,Manter relacionamento ativo e acompanhar evolução.
15646276,0.085,Baixo,Manter relacionamento ativo e acompanhar evolução.
15779915,0.085,Baixo,Manter relacionamento ativo e acompanhar evolução.
15722599,0.085,Baixo,Manter relacionamento ativo e acompanhar evolução.
15569430,0.085,Baixo,Manter relacionamento ativo e acompanhar evolução.
15709222,0.085,Baixo,Manter relacionamento ativo e acompanhar evolução.
15615140,0.085,Baixo,Manter relacionamento ativo e acompanhar evolução.
15685279,0.085,Baixo,Manter relacionamento ativo e acompanhar evolução.
15649297,0.085,Baixo,Manter relacionamento ativo e acompanhar evolução.
15632275,0.085,Baixo,Manter relacionamento ativo e acompanhar evolução.
15602354,0.085,Baixo,Manter relacionamento ativo e acompanhar evolução.
15590349,0.085,Baixo,Manter relacionamento ativo e acompanhar evolução.
15672574,0.085,Baixo,Manter relacionamento ativo e acompanhar evolução.
15619857,0.085,Baixo,Manter relacionamento ativo e acompanhar evolução.
15734626,0.085,Baixo,Manter relacionamento ativo e acompanhar evolução.
15777586,0.085,Baixo,Manter relacionamento ativo e acompanhar evolução.
15648876,0.085,Baixo,Manter relacionamento ativo e acompanhar evolução.
15702416,0.085,Baixo,Manter relacionamento ativo e acompanhar evolução.
15813132,0.085,Baixo,Manter relacionamento ativo e acompanhar evolução.
15719309,0.085,Baixo,Manter relacionamento ativo e acompanhar evolução.
15651868,0.085,Baixo,Manter relacionamento ativo e acompanhar evolução.
15645569,0.085,Baixo,Manter relacionamento ativo e acompanhar evolução.
15689953,0.085,Baixo,Manter relacionamento ativo e acompanhar evolução.
15746737,0.085,Baixo,Manter relacionamento ativo e acompanhar evolução.
15595135,0.085,Baixo,Manter relacionamento ativo e acompanhar evolução.
15768120,0.085,Baixo,Manter relacionamento ativo e acompanhar evolução.
15801915,0.085,Baixo,Manter relacionamento ativo e acompanhar evolução.
15598044,0.085,Baixo,Manter relacionamento ativo e acompanhar evolução.
15673223,0.085,Baixo,Manter relacionamento ativo e acompanhar evolução.
15669491,0.085,Baixo,Manter relacionamento ativo e acompanhar evolução.
15689268,0.085,Baixo,Manter relacionamento ativo e acompanhar evolução.
15810834,0.085,Baixo,Manter relacionamento ativo e acompanhar evolução.
15733014,0.085,Baixo,Manter relacionamento ativo e acompanhar evolução.
15579345,0.085,Baixo,Manter relacionamento ativo e acompanhar evolução.
15652999,0.085,Baixo,Manter relacionamento ativo e acompanhar evolução.
15677610,0.085,Baixo,Manter relacionamento ativo e acompanhar evolução.
15672798,0.085,Baixo,Manter relacionamento ativo e acompanhar evolução.
15680112,0.085,Baixo,Manter relacionamento ativo e acompanhar evolução.
15813422,0.085,Baixo,Manter relacionamento ativo e acompanhar evolução.
15789379,0.085,Baixo,Manter relacionamento ativo e acompanhar evolução.
15738497,0.085,Baixo,Manter relacionamento ativo e acompanhar evolução.
15664523,0.085,Baixo,Manter relacionamento ativo e acompanhar evolução.
15729970,0.085,Baixo,Manter relacionamento ativo e acompanhar evolução.
15587451,0.085,Baixo,Manter relacionamento ativo e acompanhar evolução.
15636731,0.085,Baixo,Manter relacionamento ativo e acompanhar evolução.
15700749,0.085,Baixo,Manter relacionamento ativo e acompanhar evolução.
15710424,0.085,Baixo,Manter relacionamento ativo e acompanhar evolução.
15587562,0.085,Baixo,Manter relacionamento ativo e acompanhar evolução.
15736717,0.085,Baixo,Manter relacionamento ativo e acompanhar evolução.
15633586,0.085,Baixo,Manter relacionamento ativo e acompanhar evolução.
15667424,0.085,Baixo,Manter relacionamento ativo e acompanhar evolução.
15641595,0.085,Baixo,Manter relacionamento ativo e acompanhar evolução.
15573280,0.085,Baixo,Manter relacionamento ativo e acompanhar evolução.
15744914,0.085,Baixo,Manter relacionamento ativo e acompanhar evolução.
15575409,0.085,Baixo,Manter relacionamento ativo e acompanhar evolução.
15812720,0.085,Baixo,Manter relacionamento ativo e acompanhar evolução.
15637788,0.085,Baixo,Manter relacionamento ativo e acompanhar evolução.
15732307,0.085,Baixo,Manter relacionamento ativo e acompanhar evolução.
15770345,0.085,Baixo,Manter relacionamento ativo e acompanhar evolução.
15767626,0.085,Baixo,Manter relacionamento ativo e acompanhar evolução.
15805312,0.085,Baixo,Manter relacionamento ativo e acompanhar evolução.
15786617,0.085,Baixo,Manter relacionamento ativo e acompanhar evolução.
15603082,0.085,Baixo,Manter relacionamento ativo e acompanhar evolução.
15579781,0.085,Baixo,Manter relacionamento ativo e acompanhar evolução.
15800524,0.085,Baixo,Manter relacionamento ativo e acompanhar evolução.
15795933,0.085,Baixo,Manter relacionamento ativo e acompanhar evolução.
15612139,0.085,Baixo,Manter relacionamento ativo e acompanhar evolução.
15679294,0.085,Baixo,Manter relacionamento ativo e acompanhar evolução.
15790809,0.085,Baixo,Manter relacionamento ativo e acompanhar evolução.
15796370,0.085,Baixo,Manter relacionamento ativo e acompanhar evolução.
15687607,0.085,Baixo,Manter relacionamento ativo e acompanhar evolução.
15579891,0.085,Baixo,Manter relacionamento ativo e acompanhar evolução.
15665088,0.085,Baixo,Manter relacionamento ativo e acompanhar evolução.
15694510,0.085,Baixo,Manter relacionamento ativo e acompanhar evolução.
15569654,0.085,Baixo,Manter relacionamento ativo e acompanhar evolução.
15760861,0.085,Baixo,Manter relacionamento ativo e acompanhar evolução.
15685872,0.085,Baixo,Manter relacionamento ativo e acompanhar evolução.
15788539,0.085,Baixo,Manter relacionamento ativo e acompanhar evolução.
15780770,0.085,Baixo,Manter relacionamento ativo e acompanhar evolução.
15805909,0.085,Baixo,Manter relacionamento ativo e acompanhar evolução.
15683892,0.085,Baixo,Manter relacionamento ativo e acompanhar evolução.
15605341,0.085,Baixo,Manter relacionamento ativo e acompanhar evolução.
15759140,0.085,Baixo,Manter relacionamento ativo e acompanhar evolução.
15577170,0.085,Baixo,Manter relacionamento ativo e acompanhar evolução.
15696506,0.085,Baixo,Manter relacionamento ativo e acompanhar evolução.
15712930,0.085,Baixo,Manter relacionamento ativo e acompanhar evolução.
15779627,0.085,Baixo,Manter relacionamento ativo e acompanhar evolução.
15647301,0.085,Baixo,Manter relacionamento ativo e acompanhar evolução.
15600724,0.085,Baixo,Manter relacionamento ativo e acompanhar evolução.
15610147,0.085,Baixo,Manter relacionamento ativo e acompanhar evolução.
15621466,0.085,Baixo,Manter relacionamento ativo e acompanhar evolução.
15667321,0.085,Baixo,Manter relacionamento ativo e acompanhar evolução.
15774098,0.085,Baixo,Manter relacionamento ativo e acompanhar evolução.
15685500,0.085,Baixo,Manter relacionamento ativo e acompanhar evolução.
15688760,0.085,Baixo,Manter relacionamento ativo e acompanhar evolução.
15566380,0.085,Baixo,Manter relacionamento ativo e acompanhar evolução.
15631639,0.08,Baixo,Manter relacionamento ativo e acompanhar evolução.
15803654,0.08,Baixo,Manter relacionamento ativo e acompanhar evolução.
15737748,0.08,Baixo,Manter relacionamento ativo e acompanhar evolução.
15744983,0.08,Baixo,Manter relacionamento ativo e acompanhar evolução.
15776921,0.08,Baixo,Manter relacionamento ativo e acompanhar evolução.
15750248,0.08,Baixo,Manter relacionamento ativo e acompanhar evolução.
15709232,0.08,Baixo,Manter relacionamento ativo e acompanhar evolução.
15809279,0.08,Baixo,Manter relacionamento ativo e acompanhar evolução.
15638231,0.08,Baixo,Manter relacionamento ativo e acompanhar evolução.
15707007,0.08,Baixo,Manter relacionamento ativo e acompanhar evolução.
15782591,0.08,Baixo,Manter relacionamento ativo e acompanhar evolução.
15583764,0.08,Baixo,Manter relacionamento ativo e acompanhar evolução.
15722701,0.08,Baixo,Manter relacionamento ativo e acompanhar evolução.
15724563,0.08,Baixo,Manter relacionamento ativo e acompanhar evolução.
15778345,0.08,Baixo,Manter relacionamento ativo e acompanhar evolução.
15795527,0.08,Baixo,Manter relacionamento ativo e acompanhar evolução.
15730059,0.08,Baixo,Manter relacionamento ativo e acompanhar evolução.
15601688,0.08,Baixo,Manter relacionamento ativo e acompanhar evolução.
15804075,0.08,Baixo,Manter relacionamento ativo e acompanhar evolução.
15662494,0.08,Baixo,Manter relacionamento ativo e acompanhar evolução.
15616555,0.08,Baixo,Manter relacionamento ativo e acompanhar evolução.
15746076,0.08,Baixo,Manter relacionamento ativo e acompanhar evolução.
15671766,0.08,Baixo,Manter relacionamento ativo e acompanhar evolução.
15728829,0.08,Baixo,Manter relacionamento ativo e acompanhar evolução.
15790678,0.08,Baixo,Manter relacionamento ativo e acompanhar evolução.
15719624,0.08,Baixo,Manter relacionamento ativo e acompanhar evolução.
15809999,0.08,Baixo,Manter relacionamento ativo e acompanhar evolução.
15761132,0.08,Baixo,Manter relacionamento ativo e acompanhar evolução.
15766906,0.08,Baixo,Manter relacionamento ativo e acompanhar evolução.
15768295,0.08,Baixo,Manter relacionamento ativo e acompanhar evolução.
15632263,0.08,Baixo,Manter relacionamento ativo e acompanhar evolução.
15684934,0.08,Baixo,Manter relacionamento ativo e acompanhar evolução.
15583849,0.08,Baixo,Manter relacionamento ativo e acompanhar evolução.
15673084,0.08,Baixo,Manter relacionamento ativo e acompanhar evolução.
15792726,0.08,Baixo,Manter relacionamento ativo e acompanhar evolução.
15759966,0.08,Baixo,Manter relacionamento ativo e acompanhar evolução.
15594270,0.08,Baixo,Manter relacionamento ativo e acompanhar evolução.
15648225,0.08,Baixo,Manter relacionamento ativo e acompanhar evolução.
15624677,0.08,Baixo,Manter relacionamento ativo e acompanhar evolução.
15785831,0.08,Baixo,Manter relacionamento ativo e acompanhar evolução.
15593295,0.08,Baixo,Manter relacionamento ativo e acompanhar evolução.
15804610,0.08,Baixo,Manter relacionamento ativo e acompanhar evolução.
15580872,0.08,Baixo,Manter relacionamento ativo e acompanhar evolução.
15623471,0.08,Baixo,Manter relacionamento ativo e acompanhar evolução.
15759480,0.08,Baixo,Manter relacionamento ativo e acompanhar evolução.
15769915,0.08,Baixo,Manter relacionamento ativo e acompanhar evolução.
15567832,0.08,Baixo,Manter relacionamento ativo e acompanhar evolução.
15626985,0.08,Baixo,Manter relacionamento ativo e acompanhar evolução.
15789201,0.08,Baixo,Manter relacionamento ativo e acompanhar evolução.
15734674,0.08,Baixo,Manter relacionamento ativo e acompanhar evolução.
15603550,0.08,Baixo,Manter relacionamento ativo e acompanhar evolução.
15726354,0.08,Baixo,Manter relacionamento ativo e acompanhar evolução.
15587394,0.08,Baixo,Manter relacionamento ativo e acompanhar evolução.
15778696,0.08,Baixo,Manter relacionamento ativo e acompanhar evolução.
15724181,0.08,Baixo,Manter relacionamento ativo e acompanhar evolução.
15750014,0.08,Baixo,Manter relacionamento ativo e acompanhar evolução.
15724876,0.08,Baixo,Manter relacionamento ativo e acompanhar evolução.
15812365,0.08,Baixo,Manter relacionamento ativo e acompanhar evolução.
15799998,0.08,Baixo,Manter relacionamento ativo e acompanhar evolução.
15656901,0.08,Baixo,Manter relacionamento ativo e acompanhar evolução.
15701352,0.08,Baixo,Manter relacionamento ativo e acompanhar evolução.
15722212,0.08,Baixo,Manter relacionamento ativo e acompanhar evolução.
15739847,0.08,Baixo,Manter relacionamento ativo e acompanhar evolução.
15751057,0.08,Baixo,Manter relacionamento ativo e acompanhar evolução.
15778190,0.08,Baixo,Manter relacionamento ativo e acompanhar evolução.
15666633,0.08,Baixo,Manter relacionamento ativo e acompanhar evolução.
15701741,0.08,Baixo,Manter relacionamento ativo e acompanhar evolução.
15808223,0.08,Baixo,Manter relacionamento ativo e acompanhar evolução.
15752375,0.08,Baixo,Manter relacionamento ativo e acompanhar evolução.
15652981,0.08,Baixo,Manter relacionamento ativo e acompanhar evolução.
15667093,0.08,Baixo,Manter relacionamento ativo e acompanhar evolução.
15647099,0.08,Baixo,Manter relacionamento ativo e acompanhar evolução.
15616630,0.08,Baixo,Manter relacionamento ativo e acompanhar evolução.
15575410,0.08,Baixo,Manter relacionamento ativo e acompanhar evolução.
15798824,0.08,Baixo,Manter relacionamento ativo e acompanhar evolução.
15611191,0.08,Baixo,Manter relacionamento ativo e acompanhar evolução.
15774133,0.08,Baixo,Manter relacionamento ativo e acompanhar evolução.
15730705,0.08,Baixo,Manter relacionamento ativo e acompanhar evolução.
15616431,0.08,Baixo,Manter relacionamento ativo e acompanhar evolução.
15565701,0.08,Baixo,Manter relacionamento ativo e acompanhar evolução.
15640922,0.08,Baixo,Manter relacionamento ativo e acompanhar evolução.
15625311,0.08,Baixo,Manter relacionamento ativo e acompanhar evolução.
15566467,0.08,Baixo,Manter relacionamento ativo e acompanhar evolução.
15582246,0.08,Baixo,Manter relacionamento ativo e acompanhar evolução.
15771873,0.08,Baixo,Manter relacionamento ativo e acompanhar evolução.
15667751,0.08,Baixo,Manter relacionamento ativo e acompanhar evolução.
15605926,0.08,Baixo,Manter relacionamento ativo e acompanhar evolução.
15628112,0.08,Baixo,Manter relacionamento ativo e acompanhar evolução.
15728474,0.08,Baixo,Manter relacionamento ativo e acompanhar evolução.
15705001,0.08,Baixo,Manter relacionamento ativo e acompanhar evolução.
15700255,0.08,Baixo,Manter relacionamento ativo e acompanhar evolução.
15756871,0.08,Baixo,Manter relacionamento ativo e acompanhar evolução.
15611786,0.08,Baixo,Manter relacionamento ativo e acompanhar evolução.
15624793,0.08,Baixo,Manter relacionamento ativo e acompanhar evolução.
15769005,0.08,Baixo,Manter relacionamento ativo e acompanhar evolução.
15695225,0.08,Baixo,Manter relacionamento ativo e acompanhar evolução.
15684722,0.08,Baixo,Manter relacionamento ativo e acompanhar evolução.
15599074,0.08,Baixo,Manter relacionamento ativo e acompanhar evolução.
15662578,0.08,Baixo,Manter relacionamento ativo e acompanhar evolução.
15770576,0.08,Baixo,Manter relacionamento ativo e acompanhar evolução.
15713912,0.08,Baixo,Manter relacionamento ativo e acompanhar evolução.
15741195,0.08,Baixo,Manter relacionamento ativo e acompanhar evolução.
15732791,0.08,Baixo,Manter relacionamento ativo e acompanhar evolução.
15810075,0.08,Baixo,Manter relacionamento ativo e acompanhar evolução.
15594576,0.08,Baixo,Manter relacionamento ativo e acompanhar evolução.
15755868,0.08,Baixo,Manter relacionamento ativo e acompanhar evolução.
15581551,0.08,Baixo,Manter relacionamento ativo e acompanhar evolução.
15800961,0.08,Baixo,Manter relacionamento ativo e acompanhar evolução.
15772996,0.08,Baixo,Manter relacionamento ativo e acompanhar evolução.
15767432,0.08,Baixo,Manter relacionamento ativo e acompanhar evolução.
15792453,0.08,Baixo,Manter relacionamento ativo e acompanhar evolução.
15575214,0.08,Baixo,Manter relacionamento ativo e acompanhar evolução.
15655961,0.08,Baixo,Manter relacionamento ativo e acompanhar evolução.
15759274,0.08,Baixo,Manter relacionamento ativo e acompanhar evolução.
15632472,0.08,Baixo,Manter relacionamento ativo e acompanhar evolução.
15595440,0.08,Baixo,Manter relacionamento ativo e acompanhar evolução.
15588537,0.08,Baixo,Manter relacionamento ativo e acompanhar evolução.
15583857,0.08,Baixo,Manter relacionamento ativo e acompanhar evolução.
15636423,0.08,Baixo,Manter relacionamento ativo e acompanhar evolução.
15610903,0.08,Baixo,Manter relacionamento ativo e acompanhar evolução.
15671917,0.08,Baixo,Manter relacionamento ativo e acompanhar evolução.
15778884,0.08,Baixo,Manter relacionamento ativo e acompanhar evolução.
15700424,0.075,Baixo,Manter relacionamento ativo e acompanhar evolução.
15782993,0.075,Baixo,Manter relacionamento ativo e acompanhar evolução.
15814664,0.075,Baixo,Manter relacionamento ativo e acompanhar evolução.
15628813,0.075,Baixo,Manter relacionamento ativo e acompanhar evolução.
15701555,0.075,Baixo,Manter relacionamento ativo e acompanhar evolução.
15765297,0.075,Baixo,Manter relacionamento ativo e acompanhar evolução.
15613923,0.075,Baixo,Manter relacionamento ativo e acompanhar evolução.
15785385,0.075,Baixo,Manter relacionamento ativo e acompanhar evolução.
15693468,0.075,Baixo,Manter relacionamento ativo e acompanhar evolução.
15748595,0.075,Baixo,Manter relacionamento ativo e acompanhar evolução.
15723851,0.075,Baixo,Manter relacionamento ativo e acompanhar evolução.
15662067,0.075,Baixo,Manter relacionamento ativo e acompanhar evolução.
15602456,0.075,Baixo,Manter relacionamento ativo e acompanhar evolução.
15694644,0.075,Baixo,Manter relacionamento ativo e acompanhar evolução.
15799720,0.075,Baixo,Manter relacionamento ativo e acompanhar evolução.
15591357,0.075,Baixo,Manter relacionamento ativo e acompanhar evolução.
15749177,0.075,Baixo,Manter relacionamento ativo e acompanhar evolução.
15757661,0.075,Baixo,Manter relacionamento ativo e acompanhar evolução.
15789753,0.075,Baixo,Manter relacionamento ativo e acompanhar evolução.
15667417,0.075,Baixo,Manter relacionamento ativo e acompanhar evolução.
15673578,0.075,Baixo,Manter relacionamento ativo e acompanhar evolução.
15783629,0.075,Baixo,Manter relacionamento ativo e acompanhar evolução.
15777067,0.075,Baixo,Manter relacionamento ativo e acompanhar evolução.
15762605,0.075,Baixo,Manter relacionamento ativo e acompanhar evolução.
15756538,0.075,Baixo,Manter relacionamento ativo e acompanhar evolução.
15783865,0.075,Baixo,Manter relacionamento ativo e acompanhar evolução.
15613880,0.075,Baixo,Manter relacionamento ativo e acompanhar evolução.
15579262,0.075,Baixo,Manter relacionamento ativo e acompanhar evolução.
15705113,0.075,Baixo,Manter relacionamento ativo e acompanhar evolução.
15624397,0.075,Baixo,Manter relacionamento ativo e acompanhar evolução.
15704844,0.075,Baixo,Manter relacionamento ativo e acompanhar evolução.
15758510,0.075,Baixo,Manter relacionamento ativo e acompanhar evolução.
15614716,0.075,Baixo,Manter relacionamento ativo e acompanhar evolução.
15593636,0.075,Baixo,Manter relacionamento ativo e acompanhar evolução.
15659949,0.075,Baixo,Manter relacionamento ativo e acompanhar evolução.
15779659,0.075,Baixo,Manter relacionamento ativo e acompanhar evolução.
15709459,0.075,Baixo,Manter relacionamento ativo e acompanhar evolução.
15581286,0.075,Baixo,Manter relacionamento ativo e acompanhar evolução.
15635500,0.075,Baixo,Manter relacionamento ativo e acompanhar evolução.
15777772,0.075,Baixo,Manter relacionamento ativo e acompanhar evolução.
15652048,0.075,Baixo,Manter relacionamento ativo e acompanhar evolução.
15756148,0.075,Baixo,Manter relacionamento ativo e acompanhar evolução.
15579387,0.075,Baixo,Manter relacionamento ativo e acompanhar evolução.
15618410,0.075,Baixo,Manter relacionamento ativo e acompanhar evolução.
15781589,0.075,Baixo,Manter relacionamento ativo e acompanhar evolução.
15766908,0.075,Baixo,Manter relacionamento ativo e acompanhar evolução.
15613673,0.075,Baixo,Manter relacionamento ativo e acompanhar evolução.
15727311,0.075,Baixo,Manter relacionamento ativo e acompanhar evolução.
15620832,0.075,Baixo,Manter relacionamento ativo e acompanhar evolução.
15731543,0.075,Baixo,Manter relacionamento ativo e acompanhar evolução.
15652808,0.075,Baixo,Manter relacionamento ativo e acompanhar evolução.
15787772,0.075,Baixo,Manter relacionamento ativo e acompanhar evolução.
15747724,0.075,Baixo,Manter relacionamento ativo e acompanhar evolução.
15758531,0.075,Baixo,Manter relacionamento ativo e acompanhar evolução.
15757140,0.075,Baixo,Manter relacionamento ativo e acompanhar evolução.
15583736,0.075,Baixo,Manter relacionamento ativo e acompanhar evolução.
15686461,0.075,Baixo,Manter relacionamento ativo e acompanhar evolução.
15654959,0.075,Baixo,Manter relacionamento ativo e acompanhar evolução.
15716324,0.075,Baixo,Manter relacionamento ativo e acompanhar evolução.
15702430,0.075,Baixo,Manter relacionamento ativo e acompanhar evolução.
15706199,0.075,Baixo,Manter relacionamento ativo e acompanhar evolução.
15706269,0.075,Baixo,Manter relacionamento ativo e acompanhar evolução.
15583725,0.075,Baixo,Manter relacionamento ativo e acompanhar evolução.
15744979,0.075,Baixo,Manter relacionamento ativo e acompanhar evolução.
15673619,0.075,Baixo,Manter relacionamento ativo e acompanhar evolução.
15633531,0.075,Baixo,Manter relacionamento ativo e acompanhar evolução.
15705765,0.075,Baixo,Manter relacionamento ativo e acompanhar evolução.
15641582,0.075,Baixo,Manter relacionamento ativo e acompanhar evolução.
15626383,0.075,Baixo,Manter relacionamento ativo e acompanhar evolução.
15795571,0.075,Baixo,Manter relacionamento ativo e acompanhar evolução.
15747458,0.075,Baixo,Manter relacionamento ativo e acompanhar evolução.
15622083,0.075,Baixo,Manter relacionamento ativo e acompanhar evolução.
15685346,0.075,Baixo,Manter relacionamento ativo e acompanhar evolução.
15662152,0.075,Baixo,Manter relacionamento ativo e acompanhar evolução.
15600510,0.075,Baixo,Manter relacionamento ativo e acompanhar evolução.
15791040,0.075,Baixo,Manter relacionamento ativo e acompanhar evolução.
15811026,0.075,Baixo,Manter relacionamento ativo e acompanhar evolução.
15679961,0.075,Baixo,Manter relacionamento ativo e acompanhar evolução.
15804919,0.075,Baixo,Manter relacionamento ativo e acompanhar evolução.
15743192,0.075,Baixo,Manter relacionamento ativo e acompanhar evolução.
15809515,0.075,Baixo,Manter relacionamento ativo e acompanhar evolução.
15801431,0.075,Baixo,Manter relacionamento ativo e acompanhar evolução.
15642336,0.075,Baixo,Manter relacionamento ativo e acompanhar evolução.
15708236,0.075,Baixo,Manter relacionamento ativo e acompanhar evolução.
15765520,0.075,Baixo,Manter relacionamento ativo e acompanhar evolução.
15585835,0.075,Baixo,Manter relacionamento ativo e acompanhar evolução.
15601589,0.075,Baixo,Manter relacionamento ativo e acompanhar evolução.
15653762,0.075,Baixo,Manter relacionamento ativo e acompanhar evolução.
15627517,0.075,Baixo,Manter relacionamento ativo e acompanhar evolução.
15708904,0.075,Baixo,Manter relacionamento ativo e acompanhar evolução.
15671243,0.075,Baixo,Manter relacionamento ativo e acompanhar evolução.
15806922,0.075,Baixo,Manter relacionamento ativo e acompanhar evolução.
15786993,0.075,Baixo,Manter relacionamento ativo e acompanhar evolução.
15650086,0.075,Baixo,Manter relacionamento ativo e acompanhar evolução.
15612627,0.075,Baixo,Manter relacionamento ativo e acompanhar evolução.
15665087,0.075,Baixo,Manter relacionamento ativo e acompanhar evolução.
15709737,0.075,Baixo,Manter relacionamento ativo e acompanhar evolução.
15801817,0.075,Baixo,Manter relacionamento ativo e acompanhar evolução.
15756299,0.075,Baixo,Manter relacionamento ativo e acompanhar evolução.
15596808,0.075,Baixo,Manter relacionamento ativo e acompanhar evolução.
15801788,0.075,Baixo,Manter relacionamento ativo e acompanhar evolução.
15799815,0.075,Baixo,Manter relacionamento ativo e acompanhar evolução.
15600813,0.075,Baixo,Manter relacionamento ativo e acompanhar evolução.
15702499,0.075,Baixo,Manter relacionamento ativo e acompanhar evolução.
15612633,0.075,Baixo,Manter relacionamento ativo e acompanhar evolução.
15772933,0.075,Baixo,Manter relacionamento ativo e acompanhar evolução.
15654531,0.075,Baixo,Manter relacionamento ativo e acompanhar evolução.
15612187,0.075,Baixo,Manter relacionamento ativo e acompanhar evolução.
15780677,0.075,Baixo,Manter relacionamento ativo e acompanhar evolução.
15701164,0.075,Baixo,Manter relacionamento ativo e acompanhar evolução.
15628824,0.075,Baixo,Manter relacionamento ativo e acompanhar evolução.
15611905,0.075,Baixo,Manter relacionamento ativo e acompanhar evolução.
15643378,0.075,Baixo,Manter relacionamento ativo e acompanhar evolução.
15658693,0.075,Baixo,Manter relacionamento ativo e acompanhar evolução.
15598892,0.075,Baixo,Manter relacionamento ativo e acompanhar evolução.
15800773,0.075,Baixo,Manter relacionamento ativo e acompanhar evolução.
15813503,0.075,Baixo,Manter relacionamento ativo e acompanhar evolução.
15584338,0.075,Baixo,Manter relacionamento ativo e acompanhar evolução.
15752622,0.075,Baixo,Manter relacionamento ativo e acompanhar evolução.
15597394,0.075,Baixo,Manter relacionamento ativo e acompanhar evolução.
15702968,0.075,Baixo,Manter relacionamento ativo e acompanhar evolução.
15788946,0.075,Baixo,Manter relacionamento ativo e acompanhar evolução.
15735263,0.075,Baixo,Manter relacionamento ativo e acompanhar evolução.
15750803,0.075,Baixo,Manter relacionamento ativo e acompanhar evolução.
15589431,0.075,Baixo,Manter relacionamento ativo e acompanhar evolução.
15653037,0.075,Baixo,Manter relacionamento ativo e acompanhar evolução.
15684103,0.075,Baixo,Manter relacionamento ativo e acompanhar evolução.
15735203,0.075,Baixo,Manter relacionamento ativo e acompanhar evolução.
15684010,0.075,Baixo,Manter relacionamento ativo e acompanhar evolução.
15729975,0.075,Baixo,Manter relacionamento ativo e acompanhar evolução.
15611551,0.075,Baixo,Manter relacionamento ativo e acompanhar evolução.
15720649,0.075,Baixo,Manter relacionamento ativo e acompanhar evolução.
15631681,0.075,Baixo,Manter relacionamento ativo e acompanhar evolução.
15747807,0.075,Baixo,Manter relacionamento ativo e acompanhar evolução.
15721307,0.075,Baixo,Manter relacionamento ativo e acompanhar evolução.
15617252,0.075,Baixo,Manter relacionamento ativo e acompanhar evolução.
15751208,0.075,Baixo,Manter relacionamento ativo e acompanhar evolução.
15639133,0.075,Baixo,Manter relacionamento ativo e acompanhar evolução.
15705620,0.075,Baixo,Manter relacionamento ativo e acompanhar evolução.
15715769,0.075,Baixo,Manter relacionamento ativo e acompanhar evolução.
15566563,0.075,Baixo,Manter relacionamento ativo e acompanhar evolução.
15729956,0.075,Baixo,Manter relacionamento ativo e acompanhar evolução.
15619953,0.075,Baixo,Manter relacionamento ativo e acompanhar evolução.
15645839,0.075,Baixo,Manter relacionamento ativo e acompanhar evolução.
15631457,0.075,Baixo,Manter relacionamento ativo e acompanhar evolução.
15628155,0.075,Baixo,Manter relacionamento ativo e acompanhar evolução.
15586557,0.07,Baixo,Manter relacionamento ativo e acompanhar evolução.
15815295,0.07,Baixo,Manter relacionamento ativo e acompanhar evolução.
15737169,0.07,Baixo,Manter relacionamento ativo e acompanhar evolução.
15691170,0.07,Baixo,Manter relacionamento ativo e acompanhar evolução.
15683993,0.07,Baixo,Manter relacionamento ativo e acompanhar evolução.
15573926,0.07,Baixo,Manter relacionamento ativo e acompanhar evolução.
15571873,0.07,Baixo,Manter relacionamento ativo e acompanhar evolução.
15630244,0.07,Baixo,Manter relacionamento ativo e acompanhar evolução.
15616929,0.07,Baixo,Manter relacionamento ativo e acompanhar evolução.
15674110,0.07,Baixo,Manter relacionamento ativo e acompanhar evolução.
15629545,0.07,Baixo,Manter relacionamento ativo e acompanhar evolução.
15661591,0.07,Baixo,Manter relacionamento ativo e acompanhar evolução.
15777046,0.07,Baixo,Manter relacionamento ativo e acompanhar evolução.
15693337,0.07,Baixo,Manter relacionamento ativo e acompanhar evolução.
15628697,0.07,Baixo,Manter relacionamento ativo e acompanhar evolução.
15681924,0.07,Baixo,Manter relacionamento ativo e acompanhar evolução.
15633729,0.07,Baixo,Manter relacionamento ativo e acompanhar evolução.
15724466,0.07,Baixo,Manter relacionamento ativo e acompanhar evolução.
15595162,0.07,Baixo,Manter relacionamento ativo e acompanhar evolução.
15735784,0.07,Baixo,Manter relacionamento ativo e acompanhar evolução.
15787155,0.07,Baixo,Manter relacionamento ativo e acompanhar evolução.
15711218,0.07,Baixo,Manter relacionamento ativo e acompanhar evolução.
15694395,0.07,Baixo,Manter relacionamento ativo e acompanhar evolução.
15728709,0.07,Baixo,Manter relacionamento ativo e acompanhar evolução.
15647546,0.07,Baixo,Manter relacionamento ativo e acompanhar evolução.
15666181,0.07,Baixo,Manter relacionamento ativo e acompanhar evolução.
15761241,0.07,Baixo,Manter relacionamento ativo e acompanhar evolução.
15752502,0.07,Baixo,Manter relacionamento ativo e acompanhar evolução.
15652835,0.07,Baixo,Manter relacionamento ativo e acompanhar evolução.
15699335,0.07,Baixo,Manter relacionamento ativo e acompanhar evolução.
15783338,0.07,Baixo,Manter relacionamento ativo e acompanhar evolução.
15617206,0.07,Baixo,Manter relacionamento ativo e acompanhar evolução.
15782089,0.07,Baixo,Manter relacionamento ativo e acompanhar evolução.
15737732,0.07,Baixo,Manter relacionamento ativo e acompanhar evolução.
15579994,0.07,Baixo,Manter relacionamento ativo e acompanhar evolução.
15805112,0.07,Baixo,Manter relacionamento ativo e acompanhar evolução.
15570629,0.07,Baixo,Manter relacionamento ativo e acompanhar evolução.
15570681,0.07,Baixo,Manter relacionamento ativo e acompanhar evolução.
15690731,0.07,Baixo,Manter relacionamento ativo e acompanhar evolução.
15740602,0.07,Baixo,Manter relacionamento ativo e acompanhar evolução.
15707078,0.07,Baixo,Manter relacionamento ativo e acompanhar evolução.
15777893,0.07,Baixo,Manter relacionamento ativo e acompanhar evolução.
15582154,0.07,Baixo,Manter relacionamento ativo e acompanhar evolução.
15657228,0.07,Baixo,Manter relacionamento ativo e acompanhar evolução.
15769974,0.07,Baixo,Manter relacionamento ativo e acompanhar evolução.
15571995,0.07,Baixo,Manter relacionamento ativo e acompanhar evolução.
15806486,0.07,Baixo,Manter relacionamento ativo e acompanhar evolução.
15582492,0.07,Baixo,Manter relacionamento ativo e acompanhar evolução.
15584545,0.07,Baixo,Manter relacionamento ativo e acompanhar evolução.
15592578,0.07,Baixo,Manter relacionamento ativo e acompanhar evolução.
15594928,0.07,Baixo,Manter relacionamento ativo e acompanhar evolução.
15589643,0.07,Baixo,Manter relacionamento ativo e acompanhar evolução.
15582591,0.07,Baixo,Manter relacionamento ativo e acompanhar evolução.
15628272,0.07,Baixo,Manter relacionamento ativo e acompanhar evolução.
15693200,0.07,Baixo,Manter relacionamento ativo e acompanhar evolução.
15593331,0.07,Baixo,Manter relacionamento ativo e acompanhar evolução.
15784361,0.07,Baixo,Manter relacionamento ativo e acompanhar evolução.
15806796,0.07,Baixo,Manter relacionamento ativo e acompanhar evolução.
15677512,0.07,Baixo,Manter relacionamento ativo e acompanhar evolução.
15707505,0.07,Baixo,Manter relacionamento ativo e acompanhar evolução.
15690898,0.07,Baixo,Manter relacionamento ativo e acompanhar evolução.
15720203,0.07,Baixo,Manter relacionamento ativo e acompanhar evolução.
15788775,0.07,Baixo,Manter relacionamento ativo e acompanhar evolução.
15710978,0.07,Baixo,Manter relacionamento ativo e acompanhar evolução.
15794101,0.07,Baixo,Manter relacionamento ativo e acompanhar evolução.
15770091,0.07,Baixo,Manter relacionamento ativo e acompanhar evolução.
15657163,0.07,Baixo,Manter relacionamento ativo e acompanhar evolução.
15718572,0.07,Baixo,Manter relacionamento ativo e acompanhar evolução.
15775104,0.07,Baixo,Manter relacionamento ativo e acompanhar evolução.
15780056,0.07,Baixo,Manter relacionamento ativo e acompanhar evolução.
15703763,0.07,Baixo,Manter relacionamento ativo e acompanhar evolução.
15743818,0.07,Baixo,Manter relacionamento ativo e acompanhar evolução.
15720110,0.07,Baixo,Manter relacionamento ativo e acompanhar evolução.
15579526,0.07,Baixo,Manter relacionamento ativo e acompanhar evolução.
15773789,0.07,Baixo,Manter relacionamento ativo e acompanhar evolução.
15756150,0.07,Baixo,Manter relacionamento ativo e acompanhar evolução.
15742848,0.07,Baixo,Manter relacionamento ativo e acompanhar evolução.
15662758,0.07,Baixo,Manter relacionamento ativo e acompanhar evolução.
15638621,0.07,Baixo,Manter relacionamento ativo e acompanhar evolução.
15803378,0.07,Baixo,Manter relacionamento ativo e acompanhar evolução.
15733904,0.07,Baixo,Manter relacionamento ativo e acompanhar evolução.
15811327,0.07,Baixo,Manter relacionamento ativo e acompanhar evolução.
15697789,0.07,Baixo,Manter relacionamento ativo e acompanhar evolução.
15631267,0.07,Baixo,Manter relacionamento ativo e acompanhar evolução.
15782899,0.07,Baixo,Manter relacionamento ativo e acompanhar evolução.
15691111,0.07,Baixo,Manter relacionamento ativo e acompanhar evolução.
15657139,0.07,Baixo,Manter relacionamento ativo e acompanhar evolução.
15805671,0.07,Baixo,Manter relacionamento ativo e acompanhar evolução.
15587596,0.07,Baixo,Manter relacionamento ativo e acompanhar evolução.
15605264,0.07,Baixo,Manter relacionamento ativo e acompanhar evolução.
15692631,0.07,Baixo,Manter relacionamento ativo e acompanhar evolução.
15576745,0.07,Baixo,Manter relacionamento ativo e acompanhar evolução.
15798398,0.07,Baixo,Manter relacionamento ativo e acompanhar evolução.
15725997,0.07,Baixo,Manter relacionamento ativo e acompanhar evolução.
15800793,0.07,Baixo,Manter relacionamento ativo e acompanhar evolução.
15812356,0.07,Baixo,Manter relacionamento ativo e acompanhar evolução.
15705899,0.07,Baixo,Manter relacionamento ativo e acompanhar evolução.
15773260,0.07,Baixo,Manter relacionamento ativo e acompanhar evolução.
15588560,0.07,Baixo,Manter relacionamento ativo e acompanhar evolução.
15685997,0.07,Baixo,Manter relacionamento ativo e acompanhar evolução.
15800688,0.07,Baixo,Manter relacionamento ativo e acompanhar evolução.
15788022,0.07,Baixo,Manter relacionamento ativo e acompanhar evolução.
15637110,0.07,Baixo,Manter relacionamento ativo e acompanhar evolução.
15707479,0.07,Baixo,Manter relacionamento ativo e acompanhar evolução.
15669219,0.07,Baixo,Manter relacionamento ativo e acompanhar evolução.
15589019,0.07,Baixo,Manter relacionamento ativo e acompanhar evolução.
15719827,0.07,Baixo,Manter relacionamento ativo e acompanhar evolução.
15695301,0.07,Baixo,Manter relacionamento ativo e acompanhar evolução.
15792720,0.07,Baixo,Manter relacionamento ativo e acompanhar evolução.
15615219,0.07,Baixo,Manter relacionamento ativo e acompanhar evolução.
15792180,0.07,Baixo,Manter relacionamento ativo e acompanhar evolução.
15766185,0.07,Baixo,Manter relacionamento ativo e acompanhar evolução.
15733138,0.07,Baixo,Manter relacionamento ativo e acompanhar evolução.
15792818,0.07,Baixo,Manter relacionamento ativo e acompanhar evolução.
15642022,0.07,Baixo,Manter relacionamento ativo e acompanhar evolução.
15614215,0.07,Baixo,Manter relacionamento ativo e acompanhar evolução.
15636634,0.07,Baixo,Manter relacionamento ativo e acompanhar evolução.
15669342,0.07,Baixo,Manter relacionamento ativo e acompanhar evolução.
15623489,0.07,Baixo,Manter relacionamento ativo e acompanhar evolução.
15629846,0.07,Baixo,Manter relacionamento ativo e acompanhar evolução.
15657603,0.07,Baixo,Manter relacionamento ativo e acompanhar evolução.
15724127,0.07,Baixo,Manter relacionamento ativo e acompanhar evolução.
15680643,0.07,Baixo,Manter relacionamento ativo e acompanhar evolução.
15813645,0.07,Baixo,Manter relacionamento ativo e acompanhar evolução.
15584114,0.07,Baixo,Manter relacionamento ativo e acompanhar evolução.
15607098,0.07,Baixo,Manter relacionamento ativo e acompanhar evolução.
15697270,0.07,Baixo,Manter relacionamento ativo e acompanhar evolução.
15650545,0.07,Baixo,Manter relacionamento ativo e acompanhar evolução.
15598485,0.07,Baixo,Manter relacionamento ativo e acompanhar evolução.
15735339,0.07,Baixo,Manter relacionamento ativo e acompanhar evolução.
15773520,0.07,Baixo,Manter relacionamento ativo e acompanhar evolução.
15810800,0.07,Baixo,Manter relacionamento ativo e acompanhar evolução.
15716347,0.07,Baixo,Manter relacionamento ativo e acompanhar evolução.
15726747,0.07,Baixo,Manter relacionamento ativo e acompanhar evolução.
15722350,0.07,Baixo,Manter relacionamento ativo e acompanhar evolução.
15800268,0.07,Baixo,Manter relacionamento ativo e acompanhar evolução.
15665168,0.07,Baixo,Manter relacionamento ativo e acompanhar evolução.
15782758,0.07,Baixo,Manter relacionamento ativo e acompanhar evolução.
15619116,0.07,Baixo,Manter relacionamento ativo e acompanhar evolução.
15788676,0.07,Baixo,Manter relacionamento ativo e acompanhar evolução.
15747591,0.07,Baixo,Manter relacionamento ativo e acompanhar evolução.
15757981,0.07,Baixo,Manter relacionamento ativo e acompanhar evolução.
15680597,0.07,Baixo,Manter relacionamento ativo e acompanhar evolução.
15714939,0.07,Baixo,Manter relacionamento ativo e acompanhar evolução.
15757015,0.07,Baixo,Manter relacionamento ativo e acompanhar evolução.
15683375,0.07,Baixo,Manter relacionamento ativo e acompanhar evolução.
15625151,0.07,Baixo,Manter relacionamento ativo e acompanhar evolução.
15662976,0.07,Baixo,Manter relacionamento ativo e acompanhar evolução.
15666032,0.07,Baixo,Manter relacionamento ativo e acompanhar evolução.
15591969,0.07,Baixo,Manter relacionamento ativo e acompanhar evolução.
15732628,0.065,Baixo,Manter relacionamento ativo e acompanhar evolução.
15677087,0.065,Baixo,Manter relacionamento ativo e acompanhar evolução.
15725639,0.065,Baixo,Manter relacionamento ativo e acompanhar evolução.
15634143,0.065,Baixo,Manter relacionamento ativo e acompanhar evolução.
15593454,0.065,Baixo,Manter relacionamento ativo e acompanhar evolução.
15790782,0.065,Baixo,Manter relacionamento ativo e acompanhar evolução.
15671322,0.065,Baixo,Manter relacionamento ativo e acompanhar evolução.
15710206,0.065,Baixo,Manter relacionamento ativo e acompanhar evolução.
15765857,0.065,Baixo,Manter relacionamento ativo e acompanhar evolução.
15636589,0.065,Baixo,Manter relacionamento ativo e acompanhar evolução.
15694366,0.065,Baixo,Manter relacionamento ativo e acompanhar evolução.
15644119,0.065,Baixo,Manter relacionamento ativo e acompanhar evolução.
15759381,0.065,Baixo,Manter relacionamento ativo e acompanhar evolução.
15781451,0.065,Baixo,Manter relacionamento ativo e acompanhar evolução.
15717065,0.065,Baixo,Manter relacionamento ativo e acompanhar evolução.
15586174,0.065,Baixo,Manter relacionamento ativo e acompanhar evolução.
15652914,0.065,Baixo,Manter relacionamento ativo e acompanhar evolução.
15656426,0.065,Baixo,Manter relacionamento ativo e acompanhar evolução.
15723105,0.065,Baixo,Manter relacionamento ativo e acompanhar evolução.
15635939,0.065,Baixo,Manter relacionamento ativo e acompanhar evolução.
15637169,0.065,Baixo,Manter relacionamento ativo e acompanhar evolução.
15700383,0.065,Baixo,Manter relacionamento ativo e acompanhar evolução.
15668629,0.065,Baixo,Manter relacionamento ativo e acompanhar evolução.
15622774,0.065,Baixo,Manter relacionamento ativo e acompanhar evolução.
15796569,0.065,Baixo,Manter relacionamento ativo e acompanhar evolução.
15661412,0.065,Baixo,Manter relacionamento ativo e acompanhar evolução.
15756277,0.065,Baixo,Manter relacionamento ativo e acompanhar evolução.
15678886,0.065,Baixo,Manter relacionamento ativo e acompanhar evolução.
15655464,0.065,Baixo,Manter relacionamento ativo e acompanhar evolução.
15676715,0.065,Baixo,Manter relacionamento ativo e acompanhar evolução.
15806327,0.065,Baixo,Manter relacionamento ativo e acompanhar evolução.
15704629,0.065,Baixo,Manter relacionamento ativo e acompanhar evolução.
15672945,0.065,Baixo,Manter relacionamento ativo e acompanhar evolução.
15747974,0.065,Baixo,Manter relacionamento ativo e acompanhar evolução.
15578435,0.065,Baixo,Manter relacionamento ativo e acompanhar evolução.
15753955,0.065,Baixo,Manter relacionamento ativo e acompanhar evolução.
15737275,0.065,Baixo,Manter relacionamento ativo e acompanhar evolução.
15716082,0.065,Baixo,Manter relacionamento ativo e acompanhar evolução.
15763460,0.065,Baixo,Manter relacionamento ativo e acompanhar evolução.
15800440,0.065,Baixo,Manter relacionamento ativo e acompanhar evolução.
15681562,0.065,Baixo,Manter relacionamento ativo e acompanhar evolução.
15657449,0.065,Baixo,Manter relacionamento ativo e acompanhar evolução.
15805884,0.065,Baixo,Manter relacionamento ativo e acompanhar evolução.
15762455,0.065,Baixo,Manter relacionamento ativo e acompanhar evolução.
15589869,0.065,Baixo,Manter relacionamento ativo e acompanhar evolução.
15664498,0.065,Baixo,Manter relacionamento ativo e acompanhar evolução.
15568429,0.065,Baixo,Manter relacionamento ativo e acompanhar evolução.
15590434,0.065,Baixo,Manter relacionamento ativo e acompanhar evolução.
15776128,0.065,Baixo,Manter relacionamento ativo e acompanhar evolução.
15666975,0.065,Baixo,Manter relacionamento ativo e acompanhar evolução.
15694253,0.065,Baixo,Manter relacionamento ativo e acompanhar evolução.
15641850,0.065,Baixo,Manter relacionamento ativo e acompanhar evolução.
15701908,0.065,Baixo,Manter relacionamento ativo e acompanhar evolução.
15607748,0.065,Baixo,Manter relacionamento ativo e acompanhar evolução.
15597591,0.065,Baixo,Manter relacionamento ativo e acompanhar evolução.
15596811,0.065,Baixo,Manter relacionamento ativo e acompanhar evolução.
15654489,0.065,Baixo,Manter relacionamento ativo e acompanhar evolução.
15790324,0.065,Baixo,Manter relacionamento ativo e acompanhar evolução.
15769051,0.065,Baixo,Manter relacionamento ativo e acompanhar evolução.
15788126,0.065,Baixo,Manter relacionamento ativo e acompanhar evolução.
15679651,0.065,Baixo,Manter relacionamento ativo e acompanhar evolução.
15750839,0.065,Baixo,Manter relacionamento ativo e acompanhar evolução.
15597909,0.065,Baixo,Manter relacionamento ativo e acompanhar evolução.
15710456,0.065,Baixo,Manter relacionamento ativo e acompanhar evolução.
15584462,0.065,Baixo,Manter relacionamento ativo e acompanhar evolução.
15567839,0.065,Baixo,Manter relacionamento ativo e acompanhar evolução.
15774262,0.065,Baixo,Manter relacionamento ativo e acompanhar evolução.
15679801,0.065,Baixo,Manter relacionamento ativo e acompanhar evolução.
15652782,0.065,Baixo,Manter relacionamento ativo e acompanhar evolução.
15715744,0.065,Baixo,Manter relacionamento ativo e acompanhar evolução.
15636407,0.065,Baixo,Manter relacionamento ativo e acompanhar evolução.
15577751,0.065,Baixo,Manter relacionamento ativo e acompanhar evolução.
15798084,0.065,Baixo,Manter relacionamento ativo e acompanhar evolução.
15749328,0.065,Baixo,Manter relacionamento ativo e acompanhar evolução.
15646374,0.065,Baixo,Manter relacionamento ativo e acompanhar evolução.
15675963,0.065,Baixo,Manter relacionamento ativo e acompanhar evolução.
15661330,0.065,Baixo,Manter relacionamento ativo e acompanhar evolução.
15744041,0.065,Baixo,Manter relacionamento ativo e acompanhar evolução.
15756241,0.065,Baixo,Manter relacionamento ativo e acompanhar evolução.
15812184,0.065,Baixo,Manter relacionamento ativo e acompanhar evolução.
15811177,0.065,Baixo,Manter relacionamento ativo e acompanhar evolução.
15710553,0.065,Baixo,Manter relacionamento ativo e acompanhar evolução.
15690153,0.065,Baixo,Manter relacionamento ativo e acompanhar evolução.
15750808,0.065,Baixo,Manter relacionamento ativo e acompanhar evolução.
15798834,0.065,Baixo,Manter relacionamento ativo e acompanhar evolução.
15730353,0.065,Baixo,Manter relacionamento ativo e acompanhar evolução.
15672132,0.065,Baixo,Manter relacionamento ativo e acompanhar evolução.
15665402,0.065,Baixo,Manter relacionamento ativo e acompanhar evolução.
15771636,0.065,Baixo,Manter relacionamento ativo e acompanhar evolução.
15774507,0.065,Baixo,Manter relacionamento ativo e acompanhar evolução.
15621834,0.065,Baixo,Manter relacionamento ativo e acompanhar evolução.
15658486,0.065,Baixo,Manter relacionamento ativo e acompanhar evolução.
15726695,0.065,Baixo,Manter relacionamento ativo e acompanhar evolução.
15578006,0.065,Baixo,Manter relacionamento ativo e acompanhar evolução.
15672826,0.065,Baixo,Manter relacionamento ativo e acompanhar evolução.
15614520,0.065,Baixo,Manter relacionamento ativo e acompanhar evolução.
15709478,0.065,Baixo,Manter relacionamento ativo e acompanhar evolução.
15780386,0.065,Baixo,Manter relacionamento ativo e acompanhar evolução.
15731511,0.065,Baixo,Manter relacionamento ativo e acompanhar evolução.
15734850,0.065,Baixo,Manter relacionamento ativo e acompanhar evolução.
15689176,0.065,Baixo,Manter relacionamento ativo e acompanhar evolução.
15770041,0.065,Baixo,Manter relacionamento ativo e acompanhar evolução.
15623927,0.065,Baixo,Manter relacionamento ativo e acompanhar evolução.
15763579,0.065,Baixo,Manter relacionamento ativo e acompanhar evolução.
15797760,0.065,Baixo,Manter relacionamento ativo e acompanhar evolução.
15678460,0.065,Baixo,Manter relacionamento ativo e acompanhar evolução.
15603741,0.065,Baixo,Manter relacionamento ativo e acompanhar evolução.
15808849,0.065,Baixo,Manter relacionamento ativo e acompanhar evolução.
15577831,0.065,Baixo,Manter relacionamento ativo e acompanhar evolução.
15717225,0.065,Baixo,Manter relacionamento ativo e acompanhar evolução.
15653315,0.065,Baixo,Manter relacionamento ativo e acompanhar evolução.
15643824,0.065,Baixo,Manter relacionamento ativo e acompanhar evolução.
15591433,0.065,Baixo,Manter relacionamento ativo e acompanhar evolução.
15604536,0.065,Baixo,Manter relacionamento ativo e acompanhar evolução.
15803032,0.065,Baixo,Manter relacionamento ativo e acompanhar evolução.
15656005,0.065,Baixo,Manter relacionamento ativo e acompanhar evolução.
15665963,0.065,Baixo,Manter relacionamento ativo e acompanhar evolução.
15567923,0.065,Baixo,Manter relacionamento ativo e acompanhar evolução.
15585961,0.065,Baixo,Manter relacionamento ativo e acompanhar evolução.
15575619,0.065,Baixo,Manter relacionamento ativo e acompanhar evolução.
15664506,0.065,Baixo,Manter relacionamento ativo e acompanhar evolução.
15595917,0.065,Baixo,Manter relacionamento ativo e acompanhar evolução.
15593241,0.065,Baixo,Manter relacionamento ativo e acompanhar evolução.
15745107,0.065,Baixo,Manter relacionamento ativo e acompanhar evolução.
15762745,0.065,Baixo,Manter relacionamento ativo e acompanhar evolução.
15750765,0.065,Baixo,Manter relacionamento ativo e acompanhar evolução.
15772573,0.065,Baixo,Manter relacionamento ativo e acompanhar evolução.
15614929,0.065,Baixo,Manter relacionamento ativo e acompanhar evolução.
15700654,0.065,Baixo,Manter relacionamento ativo e acompanhar evolução.
15797595,0.065,Baixo,Manter relacionamento ativo e acompanhar evolução.
15778157,0.065,Baixo,Manter relacionamento ativo e acompanhar evolução.
15571284,0.065,Baixo,Manter relacionamento ativo e acompanhar evolução.
15672242,0.065,Baixo,Manter relacionamento ativo e acompanhar evolução.
15737408,0.065,Baixo,Manter relacionamento ativo e acompanhar evolução.
15704597,0.065,Baixo,Manter relacionamento ativo e acompanhar evolução.
15794549,0.065,Baixo,Manter relacionamento ativo e acompanhar evolução.
15626044,0.065,Baixo,Manter relacionamento ativo e acompanhar evolução.
15792107,0.065,Baixo,Manter relacionamento ativo e acompanhar evolução.
15610912,0.065,Baixo,Manter relacionamento ativo e acompanhar evolução.
15785975,0.065,Baixo,Manter relacionamento ativo e acompanhar evolução.
15576124,0.065,Baixo,Manter relacionamento ativo e acompanhar evolução.
15775572,0.065,Baixo,Manter relacionamento ativo e acompanhar evolução.
15603170,0.065,Baixo,Manter relacionamento ativo e acompanhar evolução.
15809309,0.065,Baixo,Manter relacionamento ativo e acompanhar evolução.
15679693,0.065,Baixo,Manter relacionamento ativo e acompanhar evolução.
15690589,0.065,Baixo,Manter relacionamento ativo e acompanhar evolução.
15690939,0.065,Baixo,Manter relacionamento ativo e acompanhar evolução.
15761886,0.065,Baixo,Manter relacionamento ativo e acompanhar evolução.
15653253,0.065,Baixo,Manter relacionamento ativo e acompanhar evolução.
15766458,0.065,Baixo,Manter relacionamento ativo e acompanhar evolução.
15610090,0.065,Baixo,Manter relacionamento ativo e acompanhar evolução.
15664083,0.065,Baixo,Manter relacionamento ativo e acompanhar evolução.
15607746,0.065,Baixo,Manter relacionamento ativo e acompanhar evolução.
15773869,0.065,Baixo,Manter relacionamento ativo e acompanhar evolução.
15588019,0.065,Baixo,Manter relacionamento ativo e acompanhar evolução.
15790683,0.065,Baixo,Manter relacionamento ativo e acompanhar evolução.
15594556,0.065,Baixo,Manter relacionamento ativo e acompanhar evolução.
15806964,0.065,Baixo,Manter relacionamento ativo e acompanhar evolução.
15634896,0.065,Baixo,Manter relacionamento ativo e acompanhar evolução.
15625916,0.065,Baixo,Manter relacionamento ativo e acompanhar evolução.
15803801,0.065,Baixo,Manter relacionamento ativo e acompanhar evolução.
15624993,0.065,Baixo,Manter relacionamento ativo e acompanhar evolução.
15677538,0.065,Baixo,Manter relacionamento ativo e acompanhar evolução.
15605665,0.065,Baixo,Manter relacionamento ativo e acompanhar evolução.
15787051,0.065,Baixo,Manter relacionamento ativo e acompanhar evolução.
15789371,0.065,Baixo,Manter relacionamento ativo e acompanhar evolução.
15629448,0.065,Baixo,Manter relacionamento ativo e acompanhar evolução.
15770543,0.065,Baixo,Manter relacionamento ativo e acompanhar evolução.
15605918,0.065,Baixo,Manter relacionamento ativo e acompanhar evolução.
15792916,0.065,Baixo,Manter relacionamento ativo e acompanhar evolução.
15571002,0.065,Baixo,Manter relacionamento ativo e acompanhar evolução.
15711254,0.065,Baixo,Manter relacionamento ativo e acompanhar evolução.
15663826,0.065,Baixo,Manter relacionamento ativo e acompanhar evolução.
15598046,0.065,Baixo,Manter relacionamento ativo e acompanhar evolução.
15779586,0.065,Baixo,Manter relacionamento ativo e acompanhar evolução.
15796413,0.065,Baixo,Manter relacionamento ativo e acompanhar evolução.
15641733,0.065,Baixo,Manter relacionamento ativo e acompanhar evolução.
15603436,0.065,Baixo,Manter relacionamento ativo e acompanhar evolução.
15681068,0.065,Baixo,Manter relacionamento ativo e acompanhar evolução.
15730460,0.065,Baixo,Manter relacionamento ativo e acompanhar evolução.
15726087,0.065,Baixo,Manter relacionamento ativo e acompanhar evolução.
15578878,0.065,Baixo,Manter relacionamento ativo e acompanhar evolução.
15665834,0.065,Baixo,Manter relacionamento ativo e acompanhar evolução.
15694717,0.065,Baixo,Manter relacionamento ativo e acompanhar evolução.
15675650,0.065,Baixo,Manter relacionamento ativo e acompanhar evolução.
15586959,0.065,Baixo,Manter relacionamento ativo e acompanhar evolução.
15625047,0.065,Baixo,Manter relacionamento ativo e acompanhar evolução.
15710726,0.065,Baixo,Manter relacionamento ativo e acompanhar evolução.
15628893,0.065,Baixo,Manter relacionamento ativo e acompanhar evolução.
15754526,0.06,Baixo,Manter relacionamento ativo e acompanhar evolução.
15787168,0.06,Baixo,Manter relacionamento ativo e acompanhar evolução.
15576360,0.06,Baixo,Manter relacionamento ativo e acompanhar evolução.
15631436,0.06,Baixo,Manter relacionamento ativo e acompanhar evolução.
15656707,0.06,Baixo,Manter relacionamento ativo e acompanhar evolução.
15800736,0.06,Baixo,Manter relacionamento ativo e acompanhar evolução.
15618816,0.06,Baixo,Manter relacionamento ativo e acompanhar evolução.
15655389,0.06,Baixo,Manter relacionamento ativo e acompanhar evolução.
15586522,0.06,Baixo,Manter relacionamento ativo e acompanhar evolução.
15759038,0.06,Baixo,Manter relacionamento ativo e acompanhar evolução.
15579892,0.06,Baixo,Manter relacionamento ativo e acompanhar evolução.
15758939,0.06,Baixo,Manter relacionamento ativo e acompanhar evolução.
15742204,0.06,Baixo,Manter relacionamento ativo e acompanhar evolução.
15803415,0.06,Baixo,Manter relacionamento ativo e acompanhar evolução.
15679743,0.06,Baixo,Manter relacionamento ativo e acompanhar evolução.
15671387,0.06,Baixo,Manter relacionamento ativo e acompanhar evolução.
15647975,0.06,Baixo,Manter relacionamento ativo e acompanhar evolução.
15642468,0.06,Baixo,Manter relacionamento ativo e acompanhar evolução.
15716334,0.06,Baixo,Manter relacionamento ativo e acompanhar evolução.
15612193,0.06,Baixo,Manter relacionamento ativo e acompanhar evolução.
15664639,0.06,Baixo,Manter relacionamento ativo e acompanhar evolução.
15702149,0.06,Baixo,Manter relacionamento ativo e acompanhar evolução.
15640866,0.06,Baixo,Manter relacionamento ativo e acompanhar evolução.
15598493,0.06,Baixo,Manter relacionamento ativo e acompanhar evolução.
15599289,0.06,Baixo,Manter relacionamento ativo e acompanhar evolução.
15614893,0.06,Baixo,Manter relacionamento ativo e acompanhar evolução.
15741719,0.06,Baixo,Manter relacionamento ativo e acompanhar evolução.
15708289,0.06,Baixo,Manter relacionamento ativo e acompanhar evolução.
15579583,0.06,Baixo,Manter relacionamento ativo e acompanhar evolução.
15815259,0.06,Baixo,Manter relacionamento ativo e acompanhar evolução.
15640106,0.06,Baixo,Manter relacionamento ativo e acompanhar evolução.
15579208,0.06,Baixo,Manter relacionamento ativo e acompanhar evolução.
15736656,0.06,Baixo,Manter relacionamento ativo e acompanhar evolução.
15734628,0.06,Baixo,Manter relacionamento ativo e acompanhar evolução.
15651460,0.06,Baixo,Manter relacionamento ativo e acompanhar evolução.
15607986,0.06,Baixo,Manter relacionamento ativo e acompanhar evolução.
15769548,0.06,Baixo,Manter relacionamento ativo e acompanhar evolução.
15649450,0.06,Baixo,Manter relacionamento ativo e acompanhar evolução.
15615177,0.06,Baixo,Manter relacionamento ativo e acompanhar evolução.
15650670,0.06,Baixo,Manter relacionamento ativo e acompanhar evolução.
15776211,0.06,Baixo,Manter relacionamento ativo e acompanhar evolução.
15588456,0.06,Baixo,Manter relacionamento ativo e acompanhar evolução.
15581282,0.06,Baixo,Manter relacionamento ativo e acompanhar evolução.
15712303,0.06,Baixo,Manter relacionamento ativo e acompanhar evolução.
15571843,0.06,Baixo,Manter relacionamento ativo e acompanhar evolução.
15709861,0.06,Baixo,Manter relacionamento ativo e acompanhar evolução.
15609823,0.06,Baixo,Manter relacionamento ativo e acompanhar evolução.
15694237,0.06,Baixo,Manter relacionamento ativo e acompanhar evolução.
15768340,0.06,Baixo,Manter relacionamento ativo e acompanhar evolução.
15787619,0.06,Baixo,Manter relacionamento ativo e acompanhar evolução.
15632344,0.06,Baixo,Manter relacionamento ativo e acompanhar evolução.
15634772,0.06,Baixo,Manter relacionamento ativo e acompanhar evolução.
15619130,0.06,Baixo,Manter relacionamento ativo e acompanhar evolução.
15654230,0.06,Baixo,Manter relacionamento ativo e acompanhar evolução.
15622321,0.06,Baixo,Manter relacionamento ativo e acompanhar evolução.
15637678,0.06,Baixo,Manter relacionamento ativo e acompanhar evolução.
15802381,0.06,Baixo,Manter relacionamento ativo e acompanhar evolução.
15800811,0.06,Baixo,Manter relacionamento ativo e acompanhar evolução.
15812982,0.06,Baixo,Manter relacionamento ativo e acompanhar evolução.
15700864,0.06,Baixo,Manter relacionamento ativo e acompanhar evolução.
15630580,0.06,Baixo,Manter relacionamento ativo e acompanhar evolução.
15719090,0.06,Baixo,Manter relacionamento ativo e acompanhar evolução.
15745375,0.06,Baixo,Manter relacionamento ativo e acompanhar evolução.
15690733,0.06,Baixo,Manter relacionamento ativo e acompanhar evolução.
15801395,0.06,Baixo,Manter relacionamento ativo e acompanhar evolução.
15664311,0.06,Baixo,Manter relacionamento ativo e acompanhar evolução.
15778915,0.06,Baixo,Manter relacionamento ativo e acompanhar evolução.
15611315,0.06,Baixo,Manter relacionamento ativo e acompanhar evolução.
15689633,0.06,Baixo,Manter relacionamento ativo e acompanhar evolução.
15695499,0.06,Baixo,Manter relacionamento ativo e acompanhar evolução.
15671987,0.06,Baixo,Manter relacionamento ativo e acompanhar evolução.
15705174,0.06,Baixo,Manter relacionamento ativo e acompanhar evolução.
15789339,0.06,Baixo,Manter relacionamento ativo e acompanhar evolução.
15742824,0.06,Baixo,Manter relacionamento ativo e acompanhar evolução.
15679587,0.06,Baixo,Manter relacionamento ativo e acompanhar evolução.
15651103,0.06,Baixo,Manter relacionamento ativo e acompanhar evolução.
15664681,0.06,Baixo,Manter relacionamento ativo e acompanhar evolução.
15750121,0.06,Baixo,Manter relacionamento ativo e acompanhar evolução.
15684512,0.06,Baixo,Manter relacionamento ativo e acompanhar evolução.
15810898,0.06,Baixo,Manter relacionamento ativo e acompanhar evolução.
15768201,0.06,Baixo,Manter relacionamento ativo e acompanhar evolução.
15799128,0.06,Baixo,Manter relacionamento ativo e acompanhar evolução.
15607786,0.06,Baixo,Manter relacionamento ativo e acompanhar evolução.
15788683,0.06,Baixo,Manter relacionamento ativo e acompanhar evolução.
15715796,0.06,Baixo,Manter relacionamento ativo e acompanhar evolução.
15603665,0.06,Baixo,Manter relacionamento ativo e acompanhar evolução.
15684696,0.06,Baixo,Manter relacionamento ativo e acompanhar evolução.
15715297,0.06,Baixo,Manter relacionamento ativo e acompanhar evolução.
15738954,0.06,Baixo,Manter relacionamento ativo e acompanhar evolução.
15576641,0.06,Baixo,Manter relacionamento ativo e acompanhar evolução.
15715160,0.06,Baixo,Manter relacionamento ativo e acompanhar evolução.
15762682,0.06,Baixo,Manter relacionamento ativo e acompanhar evolução.
15601873,0.06,Baixo,Manter relacionamento ativo e acompanhar evolução.
15566843,0.06,Baixo,Manter relacionamento ativo e acompanhar evolução.
15775809,0.06,Baixo,Manter relacionamento ativo e acompanhar evolução.
15618695,0.06,Baixo,Manter relacionamento ativo e acompanhar evolução.
15761986,0.06,Baixo,Manter relacionamento ativo e acompanhar evolução.
15587581,0.06,Baixo,Manter relacionamento ativo e acompanhar evolução.
15604576,0.06,Baixo,Manter relacionamento ativo e acompanhar evolução.
15666163,0.06,Baixo,Manter relacionamento ativo e acompanhar evolução.
15776467,0.06,Baixo,Manter relacionamento ativo e acompanhar evolução.
15748696,0.06,Baixo,Manter relacionamento ativo e acompanhar evolução.
15589949,0.06,Baixo,Manter relacionamento ativo e acompanhar evolução.
15571816,0.06,Baixo,Manter relacionamento ativo e acompanhar evolução.
15677305,0.06,Baixo,Manter relacionamento ativo e acompanhar evolução.
15814116,0.06,Baixo,Manter relacionamento ativo e acompanhar evolução.
15656009,0.06,Baixo,Manter relacionamento ativo e acompanhar evolução.
15662203,0.06,Baixo,Manter relacionamento ativo e acompanhar evolução.
15749345,0.06,Baixo,Manter relacionamento ativo e acompanhar evolução.
15650351,0.06,Baixo,Manter relacionamento ativo e acompanhar evolução.
15575510,0.06,Baixo,Manter relacionamento ativo e acompanhar evolução.
15690540,0.06,Baixo,Manter relacionamento ativo e acompanhar evolução.
15711571,0.06,Baixo,Manter relacionamento ativo e acompanhar evolução.
15753362,0.06,Baixo,Manter relacionamento ativo e acompanhar evolução.
15628950,0.06,Baixo,Manter relacionamento ativo e acompanhar evolução.
15776850,0.06,Baixo,Manter relacionamento ativo e acompanhar evolução.
15725036,0.06,Baixo,Manter relacionamento ativo e acompanhar evolução.
15596397,0.06,Baixo,Manter relacionamento ativo e acompanhar evolução.
15592846,0.06,Baixo,Manter relacionamento ativo e acompanhar evolução.
15659366,0.06,Baixo,Manter relacionamento ativo e acompanhar evolução.
15795511,0.06,Baixo,Manter relacionamento ativo e acompanhar evolução.
15681990,0.06,Baixo,Manter relacionamento ativo e acompanhar evolução.
15643439,0.06,Baixo,Manter relacionamento ativo e acompanhar evolução.
15739131,0.06,Baixo,Manter relacionamento ativo e acompanhar evolução.
15632256,0.06,Baixo,Manter relacionamento ativo e acompanhar evolução.
15659486,0.06,Baixo,Manter relacionamento ativo e acompanhar evolução.
15751926,0.06,Baixo,Manter relacionamento ativo e acompanhar evolução.
15757310,0.06,Baixo,Manter relacionamento ativo e acompanhar evolução.
15653547,0.06,Baixo,Manter relacionamento ativo e acompanhar evolução.
15673074,0.06,Baixo,Manter relacionamento ativo e acompanhar evolução.
15740175,0.06,Baixo,Manter relacionamento ativo e acompanhar evolução.
15711521,0.06,Baixo,Manter relacionamento ativo e acompanhar evolução.
15701962,0.06,Baixo,Manter relacionamento ativo e acompanhar evolução.
15752578,0.06,Baixo,Manter relacionamento ativo e acompanhar evolução.
15813163,0.06,Baixo,Manter relacionamento ativo e acompanhar evolução.
15748752,0.06,Baixo,Manter relacionamento ativo e acompanhar evolução.
15574352,0.06,Baixo,Manter relacionamento ativo e acompanhar evolução.
15806447,0.06,Baixo,Manter relacionamento ativo e acompanhar evolução.
15633227,0.06,Baixo,Manter relacionamento ativo e acompanhar evolução.
15725024,0.06,Baixo,Manter relacionamento ativo e acompanhar evolução.
15750466,0.06,Baixo,Manter relacionamento ativo e acompanhar evolução.
15782641,0.06,Baixo,Manter relacionamento ativo e acompanhar evolução.
15680234,0.06,Baixo,Manter relacionamento ativo e acompanhar evolução.
15648178,0.06,Baixo,Manter relacionamento ativo e acompanhar evolução.
15724453,0.06,Baixo,Manter relacionamento ativo e acompanhar evolução.
15638730,0.06,Baixo,Manter relacionamento ativo e acompanhar evolução.
15727605,0.06,Baixo,Manter relacionamento ativo e acompanhar evolução.
15662488,0.06,Baixo,Manter relacionamento ativo e acompanhar evolução.
15687738,0.06,Baixo,Manter relacionamento ativo e acompanhar evolução.
15721921,0.06,Baixo,Manter relacionamento ativo e acompanhar evolução.
15573971,0.06,Baixo,Manter relacionamento ativo e acompanhar evolução.
15647295,0.06,Baixo,Manter relacionamento ativo e acompanhar evolução.
15743193,0.06,Baixo,Manter relacionamento ativo e acompanhar evolução.
15758035,0.06,Baixo,Manter relacionamento ativo e acompanhar evolução.
15703292,0.06,Baixo,Manter relacionamento ativo e acompanhar evolução.
15773639,0.06,Baixo,Manter relacionamento ativo e acompanhar evolução.
15773591,0.06,Baixo,Manter relacionamento ativo e acompanhar evolução.
15780835,0.06,Baixo,Manter relacionamento ativo e acompanhar evolução.
15598536,0.06,Baixo,Manter relacionamento ativo e acompanhar evolução.
15645095,0.06,Baixo,Manter relacionamento ativo e acompanhar evolução.
15658987,0.06,Baixo,Manter relacionamento ativo e acompanhar evolução.
15654654,0.06,Baixo,Manter relacionamento ativo e acompanhar evolução.
15812518,0.06,Baixo,Manter relacionamento ativo e acompanhar evolução.
15734085,0.06,Baixo,Manter relacionamento ativo e acompanhar evolução.
15726487,0.06,Baixo,Manter relacionamento ativo e acompanhar evolução.
15765732,0.06,Baixo,Manter relacionamento ativo e acompanhar evolução.
15691627,0.06,Baixo,Manter relacionamento ativo e acompanhar evolução.
15576676,0.06,Baixo,Manter relacionamento ativo e acompanhar evolução.
15811415,0.06,Baixo,Manter relacionamento ativo e acompanhar evolução.
15615477,0.06,Baixo,Manter relacionamento ativo e acompanhar evolução.
15688498,0.06,Baixo,Manter relacionamento ativo e acompanhar evolução.
15693926,0.06,Baixo,Manter relacionamento ativo e acompanhar evolução.
15742613,0.06,Baixo,Manter relacionamento ativo e acompanhar evolução.
15732621,0.06,Baixo,Manter relacionamento ativo e acompanhar evolução.
15688868,0.06,Baixo,Manter relacionamento ativo e acompanhar evolução.
15795586,0.06,Baixo,Manter relacionamento ativo e acompanhar evolução.
15809265,0.06,Baixo,Manter relacionamento ativo e acompanhar evolução.
15649211,0.06,Baixo,Manter relacionamento ativo e acompanhar evolução.
15599591,0.06,Baixo,Manter relacionamento ativo e acompanhar evolução.
15597610,0.06,Baixo,Manter relacionamento ativo e acompanhar evolução.
15800412,0.06,Baixo,Manter relacionamento ativo e acompanhar evolução.
15674932,0.06,Baixo,Manter relacionamento ativo e acompanhar evolução.
15649112,0.06,Baixo,Manter relacionamento ativo e acompanhar evolução.
15654096,0.06,Baixo,Manter relacionamento ativo e acompanhar evolução.
15581115,0.06,Baixo,Manter relacionamento ativo e acompanhar evolução.
15765846,0.06,Baixo,Manter relacionamento ativo e acompanhar evolução.
15772148,0.06,Baixo,Manter relacionamento ativo e acompanhar evolução.
15673929,0.06,Baixo,Manter relacionamento ativo e acompanhar evolução.
15657830,0.06,Baixo,Manter relacionamento ativo e acompanhar evolução.
15650391,0.06,Baixo,Manter relacionamento ativo e acompanhar evolução.
15714874,0.06,Baixo,Manter relacionamento ativo e acompanhar evolução.
15662532,0.06,Baixo,Manter relacionamento ativo e acompanhar evolução.
15730150,0.06,Baixo,Manter relacionamento ativo e acompanhar evolução.
15718769,0.06,Baixo,Manter relacionamento ativo e acompanhar evolução.
15585282,0.06,Baixo,Manter relacionamento ativo e acompanhar evolução.
15658532,0.06,Baixo,Manter relacionamento ativo e acompanhar evolução.
15726289,0.06,Baixo,Manter relacionamento ativo e acompanhar evolução.
15649992,0.06,Baixo,Manter relacionamento ativo e acompanhar evolução.
15649078,0.06,Baixo,Manter relacionamento ativo e acompanhar evolução.
15649414,0.06,Baixo,Manter relacionamento ativo e acompanhar evolução.
15777784,0.06,Baixo,Manter relacionamento ativo e acompanhar evolução.
15727499,0.06,Baixo,Manter relacionamento ativo e acompanhar evolução.
15727350,0.06,Baixo,Manter relacionamento ativo e acompanhar evolução.
15810660,0.06,Baixo,Manter relacionamento ativo e acompanhar evolução.
15815125,0.06,Baixo,Manter relacionamento ativo e acompanhar evolução.
15736816,0.06,Baixo,Manter relacionamento ativo e acompanhar evolução.
15641877,0.06,Baixo,Manter relacionamento ativo e acompanhar evolução.
15626628,0.055,Baixo,Manter relacionamento ativo e acompanhar evolução.
15742854,0.055,Baixo,Manter relacionamento ativo e acompanhar evolução.
15685150,0.055,Baixo,Manter relacionamento ativo e acompanhar evolução.
15739850,0.055,Baixo,Manter relacionamento ativo e acompanhar evolução.
15637315,0.055,Baixo,Manter relacionamento ativo e acompanhar evolução.
15596136,0.055,Baixo,Manter relacionamento ativo e acompanhar evolução.
15590213,0.055,Baixo,Manter relacionamento ativo e acompanhar evolução.
15802466,0.055,Baixo,Manter relacionamento ativo e acompanhar evolução.
15722409,0.055,Baixo,Manter relacionamento ativo e acompanhar evolução.
15656613,0.055,Baixo,Manter relacionamento ativo e acompanhar evolução.
15624781,0.055,Baixo,Manter relacionamento ativo e acompanhar evolução.
15658100,0.055,Baixo,Manter relacionamento ativo e acompanhar evolução.
15583026,0.055,Baixo,Manter relacionamento ativo e acompanhar evolução.
15598162,0.055,Baixo,Manter relacionamento ativo e acompanhar evolução.
15659305,0.055,Baixo,Manter relacionamento ativo e acompanhar evolução.
15611794,0.055,Baixo,Manter relacionamento ativo e acompanhar evolução.
15692577,0.055,Baixo,Manter relacionamento ativo e acompanhar evolução.
15595067,0.055,Baixo,Manter relacionamento ativo e acompanhar evolução.
15753566,0.055,Baixo,Manter relacionamento ativo e acompanhar evolução.
15623647,0.055,Baixo,Manter relacionamento ativo e acompanhar evolução.
15810878,0.055,Baixo,Manter relacionamento ativo e acompanhar evolução.
15717231,0.055,Baixo,Manter relacionamento ativo e acompanhar evolução.
15625675,0.055,Baixo,Manter relacionamento ativo e acompanhar evolução.
15783752,0.055,Baixo,Manter relacionamento ativo e acompanhar evolução.
15634501,0.055,Baixo,Manter relacionamento ativo e acompanhar evolução.
15765806,0.055,Baixo,Manter relacionamento ativo e acompanhar evolução.
15571756,0.055,Baixo,Manter relacionamento ativo e acompanhar evolução.
15740072,0.055,Baixo,Manter relacionamento ativo e acompanhar evolução.
15769356,0.055,Baixo,Manter relacionamento ativo e acompanhar evolução.
15810716,0.055,Baixo,Manter relacionamento ativo e acompanhar evolução.
15686870,0.055,Baixo,Manter relacionamento ativo e acompanhar evolução.
15759913,0.055,Baixo,Manter relacionamento ativo e acompanhar evolução.
15667588,0.055,Baixo,Manter relacionamento ativo e acompanhar evolução.
15741403,0.055,Baixo,Manter relacionamento ativo e acompanhar evolução.
15770405,0.055,Baixo,Manter relacionamento ativo e acompanhar evolução.
15611759,0.055,Baixo,Manter relacionamento ativo e acompanhar evolução.
15596710,0.055,Baixo,Manter relacionamento ativo e acompanhar evolução.
15618182,0.055,Baixo,Manter relacionamento ativo e acompanhar evolução.
15781495,0.055,Baixo,Manter relacionamento ativo e acompanhar evolução.
15614302,0.055,Baixo,Manter relacionamento ativo e acompanhar evolução.
15754301,0.055,Baixo,Manter relacionamento ativo e acompanhar evolução.
15732175,0.055,Baixo,Manter relacionamento ativo e acompanhar evolução.
15716728,0.055,Baixo,Manter relacionamento ativo e acompanhar evolução.
15596074,0.055,Baixo,Manter relacionamento ativo e acompanhar evolução.
15809722,0.055,Baixo,Manter relacionamento ativo e acompanhar evolução.
15652883,0.055,Baixo,Manter relacionamento ativo e acompanhar evolução.
15621435,0.055,Baixo,Manter relacionamento ativo e acompanhar evolução.
15640769,0.055,Baixo,Manter relacionamento ativo e acompanhar evolução.
15589420,0.055,Baixo,Manter relacionamento ativo e acompanhar evolução.
15733429,0.055,Baixo,Manter relacionamento ativo e acompanhar evolução.
15771702,0.055,Baixo,Manter relacionamento ativo e acompanhar evolução.
15761158,0.055,Baixo,Manter relacionamento ativo e acompanhar evolução.
15626882,0.055,Baixo,Manter relacionamento ativo e acompanhar evolução.
15706593,0.055,Baixo,Manter relacionamento ativo e acompanhar evolução.
15579074,0.055,Baixo,Manter relacionamento ativo e acompanhar evolução.
15633419,0.055,Baixo,Manter relacionamento ativo e acompanhar evolução.
15799534,0.055,Baixo,Manter relacionamento ativo e acompanhar evolução.
15798439,0.055,Baixo,Manter relacionamento ativo e acompanhar evolução.
15589437,0.055,Baixo,Manter relacionamento ativo e acompanhar evolução.
15733476,0.055,Baixo,Manter relacionamento ativo e acompanhar evolução.
15616168,0.055,Baixo,Manter relacionamento ativo e acompanhar evolução.
15614818,0.055,Baixo,Manter relacionamento ativo e acompanhar evolução.
15770968,0.055,Baixo,Manter relacionamento ativo e acompanhar evolução.
15646262,0.055,Baixo,Manter relacionamento ativo e acompanhar evolução.
15699225,0.055,Baixo,Manter relacionamento ativo e acompanhar evolução.
15791131,0.055,Baixo,Manter relacionamento ativo e acompanhar evolução.
15674840,0.055,Baixo,Manter relacionamento ativo e acompanhar evolução.
15611644,0.055,Baixo,Manter relacionamento ativo e acompanhar evolução.
15723818,0.055,Baixo,Manter relacionamento ativo e acompanhar evolução.
15578908,0.055,Baixo,Manter relacionamento ativo e acompanhar evolução.
15680666,0.055,Baixo,Manter relacionamento ativo e acompanhar evolução.
15637366,0.055,Baixo,Manter relacionamento ativo e acompanhar evolução.
15639049,0.055,Baixo,Manter relacionamento ativo e acompanhar evolução.
15761374,0.055,Baixo,Manter relacionamento ativo e acompanhar evolução.
15609458,0.055,Baixo,Manter relacionamento ativo e acompanhar evolução.
15665327,0.055,Baixo,Manter relacionamento ativo e acompanhar evolução.
15767793,0.055,Baixo,Manter relacionamento ativo e acompanhar evolução.
15573112,0.055,Baixo,Manter relacionamento ativo e acompanhar evolução.
15665416,0.055,Baixo,Manter relacionamento ativo e acompanhar evolução.
15651075,0.055,Baixo,Manter relacionamento ativo e acompanhar evolução.
15628170,0.055,Baixo,Manter relacionamento ativo e acompanhar evolução.
15706394,0.055,Baixo,Manter relacionamento ativo e acompanhar evolução.
15668385,0.055,Baixo,Manter relacionamento ativo e acompanhar evolução.
15724296,0.055,Baixo,Manter relacionamento ativo e acompanhar evolução.
15672905,0.055,Baixo,Manter relacionamento ativo e acompanhar evolução.
15814465,0.055,Baixo,Manter relacionamento ativo e acompanhar evolução.
15724282,0.055,Baixo,Manter relacionamento ativo e acompanhar evolução.
15615457,0.055,Baixo,Manter relacionamento ativo e acompanhar evolução.
15788920,0.055,Baixo,Manter relacionamento ativo e acompanhar evolução.
15623828,0.055,Baixo,Manter relacionamento ativo e acompanhar evolução.
15658956,0.055,Baixo,Manter relacionamento ativo e acompanhar evolução.
15632210,0.055,Baixo,Manter relacionamento ativo e acompanhar evolução.
15652289,0.055,Baixo,Manter relacionamento ativo e acompanhar evolução.
15675842,0.055,Baixo,Manter relacionamento ativo e acompanhar evolução.
15795640,0.055,Baixo,Manter relacionamento ativo e acompanhar evolução.
15629128,0.055,Baixo,Manter relacionamento ativo e acompanhar evolução.
15576723,0.055,Baixo,Manter relacionamento ativo e acompanhar evolução.
15610337,0.055,Baixo,Manter relacionamento ativo e acompanhar evolução.
15585280,0.055,Baixo,Manter relacionamento ativo e acompanhar evolução.
15693683,0.055,Baixo,Manter relacionamento ativo e acompanhar evolução.
15729083,0.055,Baixo,Manter relacionamento ativo e acompanhar evolução.
15685920,0.055,Baixo,Manter relacionamento ativo e acompanhar evolução.
15698872,0.055,Baixo,Manter relacionamento ativo e acompanhar evolução.
15782608,0.055,Baixo,Manter relacionamento ativo e acompanhar evolução.
15774285,0.055,Baixo,Manter relacionamento ativo e acompanhar evolução.
15568562,0.055,Baixo,Manter relacionamento ativo e acompanhar evolução.
15586039,0.055,Baixo,Manter relacionamento ativo e acompanhar evolução.
15807593,0.055,Baixo,Manter relacionamento ativo e acompanhar evolução.
15771054,0.055,Baixo,Manter relacionamento ativo e acompanhar evolução.
15782418,0.055,Baixo,Manter relacionamento ativo e acompanhar evolução.
15727819,0.055,Baixo,Manter relacionamento ativo e acompanhar evolução.
15790564,0.055,Baixo,Manter relacionamento ativo e acompanhar evolução.
15654346,0.055,Baixo,Manter relacionamento ativo e acompanhar evolução.
15734058,0.055,Baixo,Manter relacionamento ativo e acompanhar evolução.
15814032,0.055,Baixo,Manter relacionamento ativo e acompanhar evolução.
15756305,0.055,Baixo,Manter relacionamento ativo e acompanhar evolução.
15604119,0.055,Baixo,Manter relacionamento ativo e acompanhar evolução.
15739357,0.055,Baixo,Manter relacionamento ativo e acompanhar evolução.
15682541,0.055,Baixo,Manter relacionamento ativo e acompanhar evolução.
15676433,0.055,Baixo,Manter relacionamento ativo e acompanhar evolução.
15623220,0.055,Baixo,Manter relacionamento ativo e acompanhar evolução.
15658485,0.055,Baixo,Manter relacionamento ativo e acompanhar evolução.
15735439,0.055,Baixo,Manter relacionamento ativo e acompanhar evolução.
15679733,0.055,Baixo,Manter relacionamento ativo e acompanhar evolução.
15789714,0.055,Baixo,Manter relacionamento ativo e acompanhar evolução.
15765952,0.055,Baixo,Manter relacionamento ativo e acompanhar evolução.
15607988,0.055,Baixo,Manter relacionamento ativo e acompanhar evolução.
15766765,0.055,Baixo,Manter relacionamento ativo e acompanhar evolução.
15696361,0.055,Baixo,Manter relacionamento ativo e acompanhar evolução.
15701081,0.055,Baixo,Manter relacionamento ativo e acompanhar evolução.
15813741,0.055,Baixo,Manter relacionamento ativo e acompanhar evolução.
15623525,0.055,Baixo,Manter relacionamento ativo e acompanhar evolução.
15726178,0.055,Baixo,Manter relacionamento ativo e acompanhar evolução.
15702788,0.055,Baixo,Manter relacionamento ativo e acompanhar evolução.
15581525,0.055,Baixo,Manter relacionamento ativo e acompanhar evolução.
15633141,0.055,Baixo,Manter relacionamento ativo e acompanhar evolução.
15630709,0.055,Baixo,Manter relacionamento ativo e acompanhar evolução.
15785920,0.055,Baixo,Manter relacionamento ativo e acompanhar evolução.
15736287,0.055,Baixo,Manter relacionamento ativo e acompanhar evolução.
15625035,0.055,Baixo,Manter relacionamento ativo e acompanhar evolução.
15761102,0.055,Baixo,Manter relacionamento ativo e acompanhar evolução.
15688563,0.055,Baixo,Manter relacionamento ativo e acompanhar evolução.
15733872,0.055,Baixo,Manter relacionamento ativo e acompanhar evolução.
15650432,0.055,Baixo,Manter relacionamento ativo e acompanhar evolução.
15572728,0.055,Baixo,Manter relacionamento ativo e acompanhar evolução.
15761706,0.055,Baixo,Manter relacionamento ativo e acompanhar evolução.
15784010,0.055,Baixo,Manter relacionamento ativo e acompanhar evolução.
15669290,0.055,Baixo,Manter relacionamento ativo e acompanhar evolução.
15670587,0.055,Baixo,Manter relacionamento ativo e acompanhar evolução.
15775203,0.055,Baixo,Manter relacionamento ativo e acompanhar evolução.
15724334,0.055,Baixo,Manter relacionamento ativo e acompanhar evolução.
15677395,0.055,Baixo,Manter relacionamento ativo e acompanhar evolução.
15794356,0.055,Baixo,Manter relacionamento ativo e acompanhar evolução.
15681316,0.055,Baixo,Manter relacionamento ativo e acompanhar evolução.
15598266,0.055,Baixo,Manter relacionamento ativo e acompanhar evolução.
15617136,0.055,Baixo,Manter relacionamento ativo e acompanhar evolução.
15694518,0.055,Baixo,Manter relacionamento ativo e acompanhar evolução.
15752984,0.055,Baixo,Manter relacionamento ativo e acompanhar evolução.
15770121,0.055,Baixo,Manter relacionamento ativo e acompanhar evolução.
15728043,0.055,Baixo,Manter relacionamento ativo e acompanhar evolução.
15585222,0.055,Baixo,Manter relacionamento ativo e acompanhar evolução.
15742358,0.055,Baixo,Manter relacionamento ativo e acompanhar evolução.
15604345,0.055,Baixo,Manter relacionamento ativo e acompanhar evolução.
15716431,0.055,Baixo,Manter relacionamento ativo e acompanhar evolução.
15598695,0.055,Baixo,Manter relacionamento ativo e acompanhar evolução.
15697249,0.055,Baixo,Manter relacionamento ativo e acompanhar evolução.
15770984,0.055,Baixo,Manter relacionamento ativo e acompanhar evolução.
15672692,0.055,Baixo,Manter relacionamento ativo e acompanhar evolução.
15783691,0.055,Baixo,Manter relacionamento ativo e acompanhar evolução.
15673539,0.055,Baixo,Manter relacionamento ativo e acompanhar evolução.
15691840,0.055,Baixo,Manter relacionamento ativo e acompanhar evolução.
15587573,0.055,Baixo,Manter relacionamento ativo e acompanhar evolução.
15808930,0.055,Baixo,Manter relacionamento ativo e acompanhar evolução.
15754012,0.055,Baixo,Manter relacionamento ativo e acompanhar evolução.
15733616,0.055,Baixo,Manter relacionamento ativo e acompanhar evolução.
15757541,0.055,Baixo,Manter relacionamento ativo e acompanhar evolução.
15599084,0.055,Baixo,Manter relacionamento ativo e acompanhar evolução.
15689612,0.055,Baixo,Manter relacionamento ativo e acompanhar evolução.
15713604,0.055,Baixo,Manter relacionamento ativo e acompanhar evolução.
15745621,0.055,Baixo,Manter relacionamento ativo e acompanhar evolução.
15742210,0.055,Baixo,Manter relacionamento ativo e acompanhar evolução.
15802857,0.055,Baixo,Manter relacionamento ativo e acompanhar evolução.
15699532,0.055,Baixo,Manter relacionamento ativo e acompanhar evolução.
15778489,0.055,Baixo,Manter relacionamento ativo e acompanhar evolução.
15770719,0.055,Baixo,Manter relacionamento ativo e acompanhar evolução.
15576044,0.055,Baixo,Manter relacionamento ativo e acompanhar evolução.
15610755,0.055,Baixo,Manter relacionamento ativo e acompanhar evolução.
15799384,0.055,Baixo,Manter relacionamento ativo e acompanhar evolução.
15625929,0.055,Baixo,Manter relacionamento ativo e acompanhar evolução.
15651389,0.055,Baixo,Manter relacionamento ativo e acompanhar evolução.
15697183,0.055,Baixo,Manter relacionamento ativo e acompanhar evolução.
15707199,0.055,Baixo,Manter relacionamento ativo e acompanhar evolução.
15725776,0.055,Baixo,Manter relacionamento ativo e acompanhar evolução.
15688085,0.055,Baixo,Manter relacionamento ativo e acompanhar evolução.
15644572,0.055,Baixo,Manter relacionamento ativo e acompanhar evolução.
15798964,0.055,Baixo,Manter relacionamento ativo e acompanhar evolução.
15796496,0.05,Baixo,Manter relacionamento ativo e acompanhar evolução.
15665378,0.05,Baixo,Manter relacionamento ativo e acompanhar evolução.
15783501,0.05,Baixo,Manter relacionamento ativo e acompanhar evolução.
15732235,0.05,Baixo,Manter relacionamento ativo e acompanhar evolução.
15633378,0.05,Baixo,Manter relacionamento ativo e acompanhar evolução.
15571752,0.05,Baixo,Manter relacionamento ativo e acompanhar evolução.
15632079,0.05,Baixo,Manter relacionamento ativo e acompanhar evolução.
15700813,0.05,Baixo,Manter relacionamento ativo e acompanhar evolução.
15588461,0.05,Baixo,Manter relacionamento ativo e acompanhar evolução.
15677112,0.05,Baixo,Manter relacionamento ativo e acompanhar evolução.
15769272,0.05,Baixo,Manter relacionamento ativo e acompanhar evolução.
15747960,0.05,Baixo,Manter relacionamento ativo e acompanhar evolução.
15718588,0.05,Baixo,Manter relacionamento ativo e acompanhar evolução.
15608109,0.05,Baixo,Manter relacionamento ativo e acompanhar evolução.
15733581,0.05,Baixo,Manter relacionamento ativo e acompanhar evolução.
15597033,0.05,Baixo,Manter relacionamento ativo e acompanhar evolução.
15666173,0.05,Baixo,Manter relacionamento ativo e acompanhar evolução.
15702138,0.05,Baixo,Manter relacionamento ativo e acompanhar evolução.
15706552,0.05,Baixo,Manter relacionamento ativo e acompanhar evolução.
15572461,0.05,Baixo,Manter relacionamento ativo e acompanhar evolução.
15602851,0.05,Baixo,Manter relacionamento ativo e acompanhar evolução.
15695097,0.05,Baixo,Manter relacionamento ativo e acompanhar evolução.
15706021,0.05,Baixo,Manter relacionamento ativo e acompanhar evolução.
15636520,0.05,Baixo,Manter relacionamento ativo e acompanhar evolução.
15580213,0.05,Baixo,Manter relacionamento ativo e acompanhar evolução.
15749540,0.05,Baixo,Manter relacionamento ativo e acompanhar evolução.
15662641,0.05,Baixo,Manter relacionamento ativo e acompanhar evolução.
15588235,0.05,Baixo,Manter relacionamento ativo e acompanhar evolução.
15605036,0.05,Baixo,Manter relacionamento ativo e acompanhar evolução.
15720123,0.05,Baixo,Manter relacionamento ativo e acompanhar evolução.
15761043,0.05,Baixo,Manter relacionamento ativo e acompanhar evolução.
15805565,0.05,Baixo,Manter relacionamento ativo e acompanhar evolução.
15621974,0.05,Baixo,Manter relacionamento ativo e acompanhar evolução.
15813660,0.05,Baixo,Manter relacionamento ativo e acompanhar evolução.
15734312,0.05,Baixo,Manter relacionamento ativo e acompanhar evolução.
15753861,0.05,Baixo,Manter relacionamento ativo e acompanhar evolução.
15745417,0.05,Baixo,Manter relacionamento ativo e acompanhar evolução.
15808905,0.05,Baixo,Manter relacionamento ativo e acompanhar evolução.
15781777,0.05,Baixo,Manter relacionamento ativo e acompanhar evolução.
15733229,0.05,Baixo,Manter relacionamento ativo e acompanhar evolução.
15677249,0.05,Baixo,Manter relacionamento ativo e acompanhar evolução.
15660571,0.05,Baixo,Manter relacionamento ativo e acompanhar evolução.
15639665,0.05,Baixo,Manter relacionamento ativo e acompanhar evolução.
15772941,0.05,Baixo,Manter relacionamento ativo e acompanhar evolução.
15729362,0.05,Baixo,Manter relacionamento ativo e acompanhar evolução.
15678427,0.05,Baixo,Manter relacionamento ativo e acompanhar evolução.
15619935,0.05,Baixo,Manter relacionamento ativo e acompanhar evolução.
15724648,0.05,Baixo,Manter relacionamento ativo e acompanhar evolução.
15622507,0.05,Baixo,Manter relacionamento ativo e acompanhar evolução.
15604355,0.05,Baixo,Manter relacionamento ativo e acompanhar evolução.
15570414,0.05,Baixo,Manter relacionamento ativo e acompanhar evolução.
15686164,0.05,Baixo,Manter relacionamento ativo e acompanhar evolução.
15790355,0.05,Baixo,Manter relacionamento ativo e acompanhar evolução.
15676513,0.05,Baixo,Manter relacionamento ativo e acompanhar evolução.
15808971,0.05,Baixo,Manter relacionamento ativo e acompanhar evolução.
15683677,0.05,Baixo,Manter relacionamento ativo e acompanhar evolução.
15711635,0.05,Baixo,Manter relacionamento ativo e acompanhar evolução.
15781903,0.05,Baixo,Manter relacionamento ativo e acompanhar evolução.
15638269,0.05,Baixo,Manter relacionamento ativo e acompanhar evolução.
15589589,0.05,Baixo,Manter relacionamento ativo e acompanhar evolução.
15639415,0.05,Baixo,Manter relacionamento ativo e acompanhar evolução.
15576945,0.05,Baixo,Manter relacionamento ativo e acompanhar evolução.
15644132,0.05,Baixo,Manter relacionamento ativo e acompanhar evolução.
15763171,0.05,Baixo,Manter relacionamento ativo e acompanhar evolução.
15721181,0.05,Baixo,Manter relacionamento ativo e acompanhar evolução.
15720910,0.05,Baixo,Manter relacionamento ativo e acompanhar evolução.
15670859,0.05,Baixo,Manter relacionamento ativo e acompanhar evolução.
15601274,0.05,Baixo,Manter relacionamento ativo e acompanhar evolução.
15583067,0.05,Baixo,Manter relacionamento ativo e acompanhar evolução.
15790412,0.05,Baixo,Manter relacionamento ativo e acompanhar evolução.
15752193,0.05,Baixo,Manter relacionamento ativo e acompanhar evolução.
15592300,0.05,Baixo,Manter relacionamento ativo e acompanhar evolução.
15697042,0.05,Baixo,Manter relacionamento ativo e acompanhar evolução.
15763874,0.05,Baixo,Manter relacionamento ativo e acompanhar evolução.
15710527,0.05,Baixo,Manter relacionamento ativo e acompanhar evolução.
15813504,0.05,Baixo,Manter relacionamento ativo e acompanhar evolução.
15787204,0.05,Baixo,Manter relacionamento ativo e acompanhar evolução.
15654878,0.05,Baixo,Manter relacionamento ativo e acompanhar evolução.
15636562,0.05,Baixo,Manter relacionamento ativo e acompanhar evolução.
15670755,0.05,Baixo,Manter relacionamento ativo e acompanhar evolução.
15776824,0.05,Baixo,Manter relacionamento ativo e acompanhar evolução.
15807305,0.05,Baixo,Manter relacionamento ativo e acompanhar evolução.
15579109,0.05,Baixo,Manter relacionamento ativo e acompanhar evolução.
15598838,0.05,Baixo,Manter relacionamento ativo e acompanhar evolução.
15709523,0.05,Baixo,Manter relacionamento ativo e acompanhar evolução.
15794159,0.05,Baixo,Manter relacionamento ativo e acompanhar evolução.
15603481,0.05,Baixo,Manter relacionamento ativo e acompanhar evolução.
15797822,0.05,Baixo,Manter relacionamento ativo e acompanhar evolução.
15672637,0.05,Baixo,Manter relacionamento ativo e acompanhar evolução.
15654292,0.05,Baixo,Manter relacionamento ativo e acompanhar evolução.
15734005,0.05,Baixo,Manter relacionamento ativo e acompanhar evolução.
15681928,0.05,Baixo,Manter relacionamento ativo e acompanhar evolução.
15755209,0.05,Baixo,Manter relacionamento ativo e acompanhar evolução.
15586310,0.05,Baixo,Manter relacionamento ativo e acompanhar evolução.
15751524,0.05,Baixo,Manter relacionamento ativo e acompanhar evolução.
15809263,0.05,Baixo,Manter relacionamento ativo e acompanhar evolução.
15685096,0.05,Baixo,Manter relacionamento ativo e acompanhar evolução.
15688337,0.05,Baixo,Manter relacionamento ativo e acompanhar evolução.
15613216,0.05,Baixo,Manter relacionamento ativo e acompanhar evolução.
15721303,0.05,Baixo,Manter relacionamento ativo e acompanhar evolução.
15612043,0.05,Baixo,Manter relacionamento ativo e acompanhar evolução.
15744717,0.05,Baixo,Manter relacionamento ativo e acompanhar evolução.
15614878,0.05,Baixo,Manter relacionamento ativo e acompanhar evolução.
15701096,0.05,Baixo,Manter relacionamento ativo e acompanhar evolução.
15623972,0.05,Baixo,Manter relacionamento ativo e acompanhar evolução.
15753874,0.05,Baixo,Manter relacionamento ativo e acompanhar evolução.
15706116,0.05,Baixo,Manter relacionamento ativo e acompanhar evolução.
15634141,0.05,Baixo,Manter relacionamento ativo e acompanhar evolução.
15702293,0.05,Baixo,Manter relacionamento ativo e acompanhar evolução.
15762708,0.05,Baixo,Manter relacionamento ativo e acompanhar evolução.
15656176,0.05,Baixo,Manter relacionamento ativo e acompanhar evolução.
15750056,0.05,Baixo,Manter relacionamento ativo e acompanhar evolução.
15719017,0.05,Baixo,Manter relacionamento ativo e acompanhar evolução.
15714789,0.05,Baixo,Manter relacionamento ativo e acompanhar evolução.
15670029,0.05,Baixo,Manter relacionamento ativo e acompanhar evolução.
15665766,0.05,Baixo,Manter relacionamento ativo e acompanhar evolução.
15750970,0.05,Baixo,Manter relacionamento ativo e acompanhar evolução.
15689061,0.05,Baixo,Manter relacionamento ativo e acompanhar evolução.
15589210,0.05,Baixo,Manter relacionamento ativo e acompanhar evolução.
15591509,0.05,Baixo,Manter relacionamento ativo e acompanhar evolução.
15611579,0.05,Baixo,Manter relacionamento ativo e acompanhar evolução.
15767722,0.05,Baixo,Manter relacionamento ativo e acompanhar evolução.
15782802,0.05,Baixo,Manter relacionamento ativo e acompanhar evolução.
15699005,0.05,Baixo,Manter relacionamento ativo e acompanhar evolução.
15695585,0.05,Baixo,Manter relacionamento ativo e acompanhar evolução.
15692761,0.05,Baixo,Manter relacionamento ativo e acompanhar evolução.
15570908,0.05,Baixo,Manter relacionamento ativo e acompanhar evolução.
15793881,0.05,Baixo,Manter relacionamento ativo e acompanhar evolução.
15769125,0.05,Baixo,Manter relacionamento ativo e acompanhar evolução.
15572114,0.05,Baixo,Manter relacionamento ativo e acompanhar evolução.
15575679,0.05,Baixo,Manter relacionamento ativo e acompanhar evolução.
15659031,0.05,Baixo,Manter relacionamento ativo e acompanhar evolução.
15566894,0.05,Baixo,Manter relacionamento ativo e acompanhar evolução.
15682839,0.05,Baixo,Manter relacionamento ativo e acompanhar evolução.
15815043,0.05,Baixo,Manter relacionamento ativo e acompanhar evolução.
15686538,0.05,Baixo,Manter relacionamento ativo e acompanhar evolução.
15716420,0.05,Baixo,Manter relacionamento ativo e acompanhar evolução.
15730488,0.05,Baixo,Manter relacionamento ativo e acompanhar evolução.
15770174,0.05,Baixo,Manter relacionamento ativo e acompanhar evolução.
15784097,0.05,Baixo,Manter relacionamento ativo e acompanhar evolução.
15658668,0.05,Baixo,Manter relacionamento ativo e acompanhar evolução.
15715597,0.05,Baixo,Manter relacionamento ativo e acompanhar evolução.
15648989,0.05,Baixo,Manter relacionamento ativo e acompanhar evolução.
15615322,0.05,Baixo,Manter relacionamento ativo e acompanhar evolução.
15716501,0.05,Baixo,Manter relacionamento ativo e acompanhar evolução.
15733768,0.05,Baixo,Manter relacionamento ativo e acompanhar evolução.
15711602,0.05,Baixo,Manter relacionamento ativo e acompanhar evolução.
15691011,0.05,Baixo,Manter relacionamento ativo e acompanhar evolução.
15669262,0.05,Baixo,Manter relacionamento ativo e acompanhar evolução.
15601351,0.05,Baixo,Manter relacionamento ativo e acompanhar evolução.
15569678,0.05,Baixo,Manter relacionamento ativo e acompanhar evolução.
15758362,0.05,Baixo,Manter relacionamento ativo e acompanhar evolução.
15705515,0.05,Baixo,Manter relacionamento ativo e acompanhar evolução.
15746664,0.05,Baixo,Manter relacionamento ativo e acompanhar evolução.
15579616,0.05,Baixo,Manter relacionamento ativo e acompanhar evolução.
15694349,0.05,Baixo,Manter relacionamento ativo e acompanhar evolução.
15740458,0.05,Baixo,Manter relacionamento ativo e acompanhar evolução.
15771211,0.05,Baixo,Manter relacionamento ativo e acompanhar evolução.
15659002,0.05,Baixo,Manter relacionamento ativo e acompanhar evolução.
15792660,0.05,Baixo,Manter relacionamento ativo e acompanhar evolução.
15685653,0.05,Baixo,Manter relacionamento ativo e acompanhar evolução.
15701318,0.05,Baixo,Manter relacionamento ativo e acompanhar evolução.
15793343,0.05,Baixo,Manter relacionamento ativo e acompanhar evolução.
15661007,0.05,Baixo,Manter relacionamento ativo e acompanhar evolução.
15584091,0.05,Baixo,Manter relacionamento ativo e acompanhar evolução.
15619087,0.05,Baixo,Manter relacionamento ativo e acompanhar evolução.
15800116,0.05,Baixo,Manter relacionamento ativo e acompanhar evolução.
15679148,0.05,Baixo,Manter relacionamento ativo e acompanhar evolução.
15585379,0.05,Baixo,Manter relacionamento ativo e acompanhar evolução.
15583576,0.05,Baixo,Manter relacionamento ativo e acompanhar evolução.
15699839,0.05,Baixo,Manter relacionamento ativo e acompanhar evolução.
15594594,0.05,Baixo,Manter relacionamento ativo e acompanhar evolução.
15722583,0.05,Baixo,Manter relacionamento ativo e acompanhar evolução.
15778934,0.05,Baixo,Manter relacionamento ativo e acompanhar evolução.
15768574,0.05,Baixo,Manter relacionamento ativo e acompanhar evolução.
15737627,0.05,Baixo,Manter relacionamento ativo e acompanhar evolução.
15675422,0.05,Baixo,Manter relacionamento ativo e acompanhar evolução.
15656333,0.05,Baixo,Manter relacionamento ativo e acompanhar evolução.
15726557,0.05,Baixo,Manter relacionamento ativo e acompanhar evolução.
15607178,0.05,Baixo,Manter relacionamento ativo e acompanhar evolução.
15700511,0.05,Baixo,Manter relacionamento ativo e acompanhar evolução.
15666096,0.05,Baixo,Manter relacionamento ativo e acompanhar evolução.
15566735,0.05,Baixo,Manter relacionamento ativo e acompanhar evolução.
15632575,0.05,Baixo,Manter relacionamento ativo e acompanhar evolução.
15699634,0.05,Baixo,Manter relacionamento ativo e acompanhar evolução.
15647782,0.05,Baixo,Manter relacionamento ativo e acompanhar evolução.
15676526,0.05,Baixo,Manter relacionamento ativo e acompanhar evolução.
15583597,0.05,Baixo,Manter relacionamento ativo e acompanhar evolução.
15797627,0.05,Baixo,Manter relacionamento ativo e acompanhar evolução.
15614687,0.05,Baixo,Manter relacionamento ativo e acompanhar evolução.
15632551,0.05,Baixo,Manter relacionamento ativo e acompanhar evolução.
15681180,0.05,Baixo,Manter relacionamento ativo e acompanhar evolução.
15664752,0.05,Baixo,Manter relacionamento ativo e acompanhar evolução.
15806511,0.05,Baixo,Manter relacionamento ativo e acompanhar evolução.
15747980,0.05,Baixo,Manter relacionamento ativo e acompanhar evolução.
15655171,0.05,Baixo,Manter relacionamento ativo e acompanhar evolução.
15772601,0.05,Baixo,Manter relacionamento ativo e acompanhar evolução.
15719898,0.05,Baixo,Manter relacionamento ativo e acompanhar evolução.
15626684,0.05,Baixo,Manter relacionamento ativo e acompanhar evolução.
15752953,0.05,Baixo,Manter relacionamento ativo e acompanhar evolução.
15633612,0.05,Baixo,Manter relacionamento ativo e acompanhar evolução.
15705281,0.05,Baixo,Manter relacionamento ativo e acompanhar evolução.
15711489,0.05,Baixo,Manter relacionamento ativo e acompanhar evolução.
15584899,0.05,Baixo,Manter relacionamento ativo e acompanhar evolução.
15611848,0.05,Baixo,Manter relacionamento ativo e acompanhar evolução.
15789055,0.05,Baixo,Manter relacionamento ativo e acompanhar evolução.
15660878,0.05,Baixo,Manter relacionamento ativo e acompanhar evolução.
15759184,0.05,Baixo,Manter relacionamento ativo e acompanhar evolução.
15809847,0.05,Baixo,Manter relacionamento ativo e acompanhar evolução.
15570485,0.05,Baixo,Manter relacionamento ativo e acompanhar evolução.
15602979,0.05,Baixo,Manter relacionamento ativo e acompanhar evolução.
15674928,0.05,Baixo,Manter relacionamento ativo e acompanhar evolução.
15741875,0.05,Baixo,Manter relacionamento ativo e acompanhar evolução.
15814035,0.05,Baixo,Manter relacionamento ativo e acompanhar evolução.
15604044,0.05,Baixo,Manter relacionamento ativo e acompanhar evolução.
15815560,0.05,Baixo,Manter relacionamento ativo e acompanhar evolução.
15806941,0.05,Baixo,Manter relacionamento ativo e acompanhar evolução.
15750258,0.05,Baixo,Manter relacionamento ativo e acompanhar evolução.
15722532,0.05,Baixo,Manter relacionamento ativo e acompanhar evolução.
15705512,0.05,Baixo,Manter relacionamento ativo e acompanhar evolução.
15627162,0.05,Baixo,Manter relacionamento ativo e acompanhar evolução.
15662626,0.05,Baixo,Manter relacionamento ativo e acompanhar evolução.
15761525,0.05,Baixo,Manter relacionamento ativo e acompanhar evolução.
15593622,0.05,Baixo,Manter relacionamento ativo e acompanhar evolução.
15613319,0.05,Baixo,Manter relacionamento ativo e acompanhar evolução.
15786389,0.05,Baixo,Manter relacionamento ativo e acompanhar evolução.
15748691,0.05,Baixo,Manter relacionamento ativo e acompanhar evolução.
15689952,0.05,Baixo,Manter relacionamento ativo e acompanhar evolução.
15641298,0.05,Baixo,Manter relacionamento ativo e acompanhar evolução.
15590320,0.05,Baixo,Manter relacionamento ativo e acompanhar evolução.
15616270,0.05,Baixo,Manter relacionamento ativo e acompanhar evolução.
15788634,0.05,Baixo,Manter relacionamento ativo e acompanhar evolução.
15639788,0.05,Baixo,Manter relacionamento ativo e acompanhar evolução.
15796612,0.05,Baixo,Manter relacionamento ativo e acompanhar evolução.
15767757,0.05,Baixo,Manter relacionamento ativo e acompanhar evolução.
15617648,0.05,Baixo,Manter relacionamento ativo e acompanhar evolução.
15636541,0.05,Baixo,Manter relacionamento ativo e acompanhar evolução.
15807335,0.05,Baixo,Manter relacionamento ativo e acompanhar evolução.
15675450,0.05,Baixo,Manter relacionamento ativo e acompanhar evolução.
15738980,0.05,Baixo,Manter relacionamento ativo e acompanhar evolução.
15806967,0.05,Baixo,Manter relacionamento ativo e acompanhar evolução.
15642515,0.05,Baixo,Manter relacionamento ativo e acompanhar evolução.
15588986,0.05,Baixo,Manter relacionamento ativo e acompanhar evolução.
15783025,0.05,Baixo,Manter relacionamento ativo e acompanhar evolução.
15693543,0.05,Baixo,Manter relacionamento ativo e acompanhar evolução.
15596863,0.05,Baixo,Manter relacionamento ativo e acompanhar evolução.
15719276,0.045,Baixo,Manter relacionamento ativo e acompanhar evolução.
15734634,0.045,Baixo,Manter relacionamento ativo e acompanhar evolução.
15588839,0.045,Baixo,Manter relacionamento ativo e acompanhar evolução.
15615991,0.045,Baixo,Manter relacionamento ativo e acompanhar evolução.
15693233,0.045,Baixo,Manter relacionamento ativo e acompanhar evolução.
15793896,0.045,Baixo,Manter relacionamento ativo e acompanhar evolução.
15637857,0.045,Baixo,Manter relacionamento ativo e acompanhar evolução.
15711540,0.045,Baixo,Manter relacionamento ativo e acompanhar evolução.
15773071,0.045,Baixo,Manter relacionamento ativo e acompanhar evolução.
15642202,0.045,Baixo,Manter relacionamento ativo e acompanhar evolução.
15722535,0.045,Baixo,Manter relacionamento ativo e acompanhar evolução.
15626141,0.045,Baixo,Manter relacionamento ativo e acompanhar evolução.
15566295,0.045,Baixo,Manter relacionamento ativo e acompanhar evolução.
15719793,0.045,Baixo,Manter relacionamento ativo e acompanhar evolução.
15690209,0.045,Baixo,Manter relacionamento ativo e acompanhar evolução.
15668894,0.045,Baixo,Manter relacionamento ativo e acompanhar evolução.
15594915,0.045,Baixo,Manter relacionamento ativo e acompanhar evolução.
15794916,0.045,Baixo,Manter relacionamento ativo e acompanhar evolução.
15579647,0.045,Baixo,Manter relacionamento ativo e acompanhar evolução.
15580629,0.045,Baixo,Manter relacionamento ativo e acompanhar evolução.
15670427,0.045,Baixo,Manter relacionamento ativo e acompanhar evolução.
15731755,0.045,Baixo,Manter relacionamento ativo e acompanhar evolução.
15635459,0.045,Baixo,Manter relacionamento ativo e acompanhar evolução.
15714750,0.045,Baixo,Manter relacionamento ativo e acompanhar evolução.
15721779,0.045,Baixo,Manter relacionamento ativo e acompanhar evolução.
15610156,0.045,Baixo,Manter relacionamento ativo e acompanhar evolução.
15596575,0.045,Baixo,Manter relacionamento ativo e acompanhar evolução.
15791674,0.045,Baixo,Manter relacionamento ativo e acompanhar evolução.
15690130,0.045,Baixo,Manter relacionamento ativo e acompanhar evolução.
15618155,0.045,Baixo,Manter relacionamento ativo e acompanhar evolução.
15573319,0.045,Baixo,Manter relacionamento ativo e acompanhar evolução.
15724719,0.045,Baixo,Manter relacionamento ativo e acompanhar evolução.
15791925,0.045,Baixo,Manter relacionamento ativo e acompanhar evolução.
15593973,0.045,Baixo,Manter relacionamento ativo e acompanhar evolução.
15733974,0.045,Baixo,Manter relacionamento ativo e acompanhar evolução.
15718673,0.045,Baixo,Manter relacionamento ativo e acompanhar evolução.
15677184,0.045,Baixo,Manter relacionamento ativo e acompanhar evolução.
15688612,0.045,Baixo,Manter relacionamento ativo e acompanhar evolução.
15812197,0.045,Baixo,Manter relacionamento ativo e acompanhar evolução.
15572631,0.045,Baixo,Manter relacionamento ativo e acompanhar evolução.
15573309,0.045,Baixo,Manter relacionamento ativo e acompanhar evolução.
15787014,0.045,Baixo,Manter relacionamento ativo e acompanhar evolução.
15656319,0.045,Baixo,Manter relacionamento ativo e acompanhar evolução.
15705739,0.045,Baixo,Manter relacionamento ativo e acompanhar evolução.
15733842,0.045,Baixo,Manter relacionamento ativo e acompanhar evolução.
15703682,0.045,Baixo,Manter relacionamento ativo e acompanhar evolução.
15658614,0.045,Baixo,Manter relacionamento ativo e acompanhar evolução.
15764314,0.045,Baixo,Manter relacionamento ativo e acompanhar evolução.
15780561,0.045,Baixo,Manter relacionamento ativo e acompanhar evolução.
15576352,0.045,Baixo,Manter relacionamento ativo e acompanhar evolução.
15753719,0.045,Baixo,Manter relacionamento ativo e acompanhar evolução.
15704014,0.045,Baixo,Manter relacionamento ativo e acompanhar evolução.
15588219,0.045,Baixo,Manter relacionamento ativo e acompanhar evolução.
15688619,0.045,Baixo,Manter relacionamento ativo e acompanhar evolução.
15775235,0.045,Baixo,Manter relacionamento ativo e acompanhar evolução.
15813862,0.045,Baixo,Manter relacionamento ativo e acompanhar evolução.
15584785,0.045,Baixo,Manter relacionamento ativo e acompanhar evolução.
15809901,0.045,Baixo,Manter relacionamento ativo e acompanhar evolução.
15716328,0.045,Baixo,Manter relacionamento ativo e acompanhar evolução.
15654341,0.045,Baixo,Manter relacionamento ativo e acompanhar evolução.
15759284,0.045,Baixo,Manter relacionamento ativo e acompanhar evolução.
15689614,0.045,Baixo,Manter relacionamento ativo e acompanhar evolução.
15773487,0.045,Baixo,Manter relacionamento ativo e acompanhar evolução.
15745716,0.045,Baixo,Manter relacionamento ativo e acompanhar evolução.
15634949,0.045,Baixo,Manter relacionamento ativo e acompanhar evolução.
15568120,0.045,Baixo,Manter relacionamento ativo e acompanhar evolução.
15654625,0.045,Baixo,Manter relacionamento ativo e acompanhar evolução.
15794479,0.045,Baixo,Manter relacionamento ativo e acompanhar evolução.
15779059,0.045,Baixo,Manter relacionamento ativo e acompanhar evolução.
15704746,0.045,Baixo,Manter relacionamento ativo e acompanhar evolução.
15730397,0.045,Baixo,Manter relacionamento ativo e acompanhar evolução.
15648479,0.045,Baixo,Manter relacionamento ativo e acompanhar evolução.
15660646,0.045,Baixo,Manter relacionamento ativo e acompanhar evolução.
15769586,0.045,Baixo,Manter relacionamento ativo e acompanhar evolução.
15764654,0.045,Baixo,Manter relacionamento ativo e acompanhar evolução.
15769451,0.045,Baixo,Manter relacionamento ativo e acompanhar evolução.
15740846,0.045,Baixo,Manter relacionamento ativo e acompanhar evolução.
15643426,0.045,Baixo,Manter relacionamento ativo e acompanhar evolução.
15807340,0.045,Baixo,Manter relacionamento ativo e acompanhar evolução.
15585427,0.045,Baixo,Manter relacionamento ativo e acompanhar evolução.
15756743,0.045,Baixo,Manter relacionamento ativo e acompanhar evolução.
15572626,0.045,Baixo,Manter relacionamento ativo e acompanhar evolução.
15617657,0.045,Baixo,Manter relacionamento ativo e acompanhar evolução.
15581811,0.045,Baixo,Manter relacionamento ativo e acompanhar evolução.
15643042,0.045,Baixo,Manter relacionamento ativo e acompanhar evolução.
15672598,0.045,Baixo,Manter relacionamento ativo e acompanhar evolução.
15694641,0.045,Baixo,Manter relacionamento ativo e acompanhar evolução.
15811589,0.045,Baixo,Manter relacionamento ativo e acompanhar evolução.
15652955,0.045,Baixo,Manter relacionamento ativo e acompanhar evolução.
15763859,0.045,Baixo,Manter relacionamento ativo e acompanhar evolução.
15595937,0.045,Baixo,Manter relacionamento ativo e acompanhar evolução.
15671014,0.045,Baixo,Manter relacionamento ativo e acompanhar evolução.
15732903,0.045,Baixo,Manter relacionamento ativo e acompanhar evolução.
15779390,0.045,Baixo,Manter relacionamento ativo e acompanhar evolução.
15746451,0.045,Baixo,Manter relacionamento ativo e acompanhar evolução.
15777315,0.045,Baixo,Manter relacionamento ativo e acompanhar evolução.
15630413,0.045,Baixo,Manter relacionamento ativo e acompanhar evolução.
15708362,0.045,Baixo,Manter relacionamento ativo e acompanhar evolução.
15626474,0.045,Baixo,Manter relacionamento ativo e acompanhar evolução.
15578374,0.045,Baixo,Manter relacionamento ativo e acompanhar evolução.
15658813,0.045,Baixo,Manter relacionamento ativo e acompanhar evolução.
15722533,0.045,Baixo,Manter relacionamento ativo e acompanhar evolução.
15716276,0.045,Baixo,Manter relacionamento ativo e acompanhar evolução.
15769783,0.045,Baixo,Manter relacionamento ativo e acompanhar evolução.
15756125,0.045,Baixo,Manter relacionamento ativo e acompanhar evolução.
15734765,0.045,Baixo,Manter relacionamento ativo e acompanhar evolução.
15635177,0.045,Baixo,Manter relacionamento ativo e acompanhar evolução.
15693732,0.045,Baixo,Manter relacionamento ativo e acompanhar evolução.
15798024,0.045,Baixo,Manter relacionamento ativo e acompanhar evolução.
15699963,0.045,Baixo,Manter relacionamento ativo e acompanhar evolução.
15716605,0.045,Baixo,Manter relacionamento ativo e acompanhar evolução.
15638329,0.045,Baixo,Manter relacionamento ativo e acompanhar evolução.
15654074,0.045,Baixo,Manter relacionamento ativo e acompanhar evolução.
15748947,0.045,Baixo,Manter relacionamento ativo e acompanhar evolução.
15625641,0.045,Baixo,Manter relacionamento ativo e acompanhar evolução.
15748116,0.045,Baixo,Manter relacionamento ativo e acompanhar evolução.
15613713,0.045,Baixo,Manter relacionamento ativo e acompanhar evolução.
15806332,0.045,Baixo,Manter relacionamento ativo e acompanhar evolução.
15696588,0.045,Baixo,Manter relacionamento ativo e acompanhar evolução.
15801277,0.045,Baixo,Manter relacionamento ativo e acompanhar evolução.
15672330,0.045,Baixo,Manter relacionamento ativo e acompanhar evolução.
15639368,0.045,Baixo,Manter relacionamento ativo e acompanhar evolução.
15711457,0.045,Baixo,Manter relacionamento ativo e acompanhar evolução.
15697127,0.045,Baixo,Manter relacionamento ativo e acompanhar evolução.
15701042,0.045,Baixo,Manter relacionamento ativo e acompanhar evolução.
15608226,0.045,Baixo,Manter relacionamento ativo e acompanhar evolução.
15688264,0.045,Baixo,Manter relacionamento ativo e acompanhar evolução.
15771856,0.045,Baixo,Manter relacionamento ativo e acompanhar evolução.
15778142,0.045,Baixo,Manter relacionamento ativo e acompanhar evolução.
15574206,0.045,Baixo,Manter relacionamento ativo e acompanhar evolução.
15758252,0.045,Baixo,Manter relacionamento ativo e acompanhar evolução.
15684348,0.045,Baixo,Manter relacionamento ativo e acompanhar evolução.
15666197,0.045,Baixo,Manter relacionamento ativo e acompanhar evolução.
15611635,0.045,Baixo,Manter relacionamento ativo e acompanhar evolução.
15724444,0.045,Baixo,Manter relacionamento ativo e acompanhar evolução.
15767891,0.045,Baixo,Manter relacionamento ativo e acompanhar evolução.
15702145,0.045,Baixo,Manter relacionamento ativo e acompanhar evolução.
15576615,0.045,Baixo,Manter relacionamento ativo e acompanhar evolução.
15813144,0.045,Baixo,Manter relacionamento ativo e acompanhar evolução.
15584812,0.045,Baixo,Manter relacionamento ativo e acompanhar evolução.
15721251,0.045,Baixo,Manter relacionamento ativo e acompanhar evolução.
15694404,0.045,Baixo,Manter relacionamento ativo e acompanhar evolução.
15715532,0.045,Baixo,Manter relacionamento ativo e acompanhar evolução.
15748936,0.045,Baixo,Manter relacionamento ativo e acompanhar evolução.
15595036,0.045,Baixo,Manter relacionamento ativo e acompanhar evolução.
15589428,0.045,Baixo,Manter relacionamento ativo e acompanhar evolução.
15684011,0.045,Baixo,Manter relacionamento ativo e acompanhar evolução.
15712938,0.045,Baixo,Manter relacionamento ativo e acompanhar evolução.
15787830,0.045,Baixo,Manter relacionamento ativo e acompanhar evolução.
15599869,0.045,Baixo,Manter relacionamento ativo e acompanhar evolução.
15671610,0.045,Baixo,Manter relacionamento ativo e acompanhar evolução.
15685357,0.045,Baixo,Manter relacionamento ativo e acompanhar evolução.
15616525,0.045,Baixo,Manter relacionamento ativo e acompanhar evolução.
15589805,0.045,Baixo,Manter relacionamento ativo e acompanhar evolução.
15596522,0.045,Baixo,Manter relacionamento ativo e acompanhar evolução.
15632345,0.045,Baixo,Manter relacionamento ativo e acompanhar evolução.
15598070,0.045,Baixo,Manter relacionamento ativo e acompanhar evolução.
15594762,0.045,Baixo,Manter relacionamento ativo e acompanhar evolução.
15751137,0.045,Baixo,Manter relacionamento ativo e acompanhar evolução.
15638871,0.045,Baixo,Manter relacionamento ativo e acompanhar evolução.
15606158,0.045,Baixo,Manter relacionamento ativo e acompanhar evolução.
15730345,0.045,Baixo,Manter relacionamento ativo e acompanhar evolução.
15624424,0.045,Baixo,Manter relacionamento ativo e acompanhar evolução.
15582149,0.045,Baixo,Manter relacionamento ativo e acompanhar evolução.
15695679,0.045,Baixo,Manter relacionamento ativo e acompanhar evolução.
15568025,0.045,Baixo,Manter relacionamento ativo e acompanhar evolução.
15783659,0.045,Baixo,Manter relacionamento ativo e acompanhar evolução.
15628034,0.045,Baixo,Manter relacionamento ativo e acompanhar evolução.
15754494,0.045,Baixo,Manter relacionamento ativo e acompanhar evolução.
15793046,0.045,Baixo,Manter relacionamento ativo e acompanhar evolução.
15644103,0.045,Baixo,Manter relacionamento ativo e acompanhar evolução.
15705298,0.045,Baixo,Manter relacionamento ativo e acompanhar evolução.
15801767,0.045,Baixo,Manter relacionamento ativo e acompanhar evolução.
15589296,0.045,Baixo,Manter relacionamento ativo e acompanhar evolução.
15720706,0.045,Baixo,Manter relacionamento ativo e acompanhar evolução.
15682021,0.045,Baixo,Manter relacionamento ativo e acompanhar evolução.
15779985,0.045,Baixo,Manter relacionamento ativo e acompanhar evolução.
15577598,0.045,Baixo,Manter relacionamento ativo e acompanhar evolução.
15584229,0.045,Baixo,Manter relacionamento ativo e acompanhar evolução.
15800805,0.045,Baixo,Manter relacionamento ativo e acompanhar evolução.
15584897,0.045,Baixo,Manter relacionamento ativo e acompanhar evolução.
15676156,0.045,Baixo,Manter relacionamento ativo e acompanhar evolução.
15736228,0.045,Baixo,Manter relacionamento ativo e acompanhar evolução.
15646521,0.045,Baixo,Manter relacionamento ativo e acompanhar evolução.
15749482,0.045,Baixo,Manter relacionamento ativo e acompanhar evolução.
15571550,0.045,Baixo,Manter relacionamento ativo e acompanhar evolução.
15760988,0.045,Baixo,Manter relacionamento ativo e acompanhar evolução.
15659149,0.045,Baixo,Manter relacionamento ativo e acompanhar evolução.
15756301,0.045,Baixo,Manter relacionamento ativo e acompanhar evolução.
15620123,0.045,Baixo,Manter relacionamento ativo e acompanhar evolução.
15609669,0.045,Baixo,Manter relacionamento ativo e acompanhar evolução.
15663249,0.045,Baixo,Manter relacionamento ativo e acompanhar evolução.
15803479,0.045,Baixo,Manter relacionamento ativo e acompanhar evolução.
15591766,0.045,Baixo,Manter relacionamento ativo e acompanhar evolução.
15650244,0.045,Baixo,Manter relacionamento ativo e acompanhar evolução.
15683276,0.045,Baixo,Manter relacionamento ativo e acompanhar evolução.
15611580,0.045,Baixo,Manter relacionamento ativo e acompanhar evolução.
15654408,0.045,Baixo,Manter relacionamento ativo e acompanhar evolução.
15636872,0.045,Baixo,Manter relacionamento ativo e acompanhar evolução.
15696047,0.045,Baixo,Manter relacionamento ativo e acompanhar evolução.
15663885,0.045,Baixo,Manter relacionamento ativo e acompanhar evolução.
15574868,0.045,Baixo,Manter relacionamento ativo e acompanhar evolução.
15684865,0.045,Baixo,Manter relacionamento ativo e acompanhar evolução.
15756167,0.045,Baixo,Manter relacionamento ativo e acompanhar evolução.
15651802,0.045,Baixo,Manter relacionamento ativo e acompanhar evolução.
15729668,0.045,Baixo,Manter relacionamento ativo e acompanhar evolução.
15665524,0.045,Baixo,Manter relacionamento ativo e acompanhar evolução.
15782659,0.045,Baixo,Manter relacionamento ativo e acompanhar evolução.
15625942,0.045,Baixo,Manter relacionamento ativo e acompanhar evolução.
15628144,0.045,Baixo,Manter relacionamento ativo e acompanhar evolução.
15607330,0.045,Baixo,Manter relacionamento ativo e acompanhar evolução.
15623143,0.045,Baixo,Manter relacionamento ativo e acompanhar evolução.
15764661,0.045,Baixo,Manter relacionamento ativo e acompanhar evolução.
15602373,0.045,Baixo,Manter relacionamento ativo e acompanhar evolução.
15638963,0.045,Baixo,Manter relacionamento ativo e acompanhar evolução.
15571917,0.045,Baixo,Manter relacionamento ativo e acompanhar evolução.
15668695,0.045,Baixo,Manter relacionamento ativo e acompanhar evolução.
15761606,0.045,Baixo,Manter relacionamento ativo e acompanhar evolução.
15668767,0.045,Baixo,Manter relacionamento ativo e acompanhar evolução.
15786418,0.045,Baixo,Manter relacionamento ativo e acompanhar evolução.
15589739,0.045,Baixo,Manter relacionamento ativo e acompanhar evolução.
15616700,0.045,Baixo,Manter relacionamento ativo e acompanhar evolução.
15724632,0.045,Baixo,Manter relacionamento ativo e acompanhar evolução.
15578783,0.045,Baixo,Manter relacionamento ativo e acompanhar evolução.
15812351,0.045,Baixo,Manter relacionamento ativo e acompanhar evolução.
15614827,0.045,Baixo,Manter relacionamento ativo e acompanhar evolução.
15774727,0.045,Baixo,Manter relacionamento ativo e acompanhar evolução.
15570912,0.045,Baixo,Manter relacionamento ativo e acompanhar evolução.
15755084,0.045,Baixo,Manter relacionamento ativo e acompanhar evolução.
15663252,0.045,Baixo,Manter relacionamento ativo e acompanhar evolução.
15781586,0.045,Baixo,Manter relacionamento ativo e acompanhar evolução.
15628963,0.045,Baixo,Manter relacionamento ativo e acompanhar evolução.
15575623,0.045,Baixo,Manter relacionamento ativo e acompanhar evolução.
15570299,0.045,Baixo,Manter relacionamento ativo e acompanhar evolução.
15706185,0.045,Baixo,Manter relacionamento ativo e acompanhar evolução.
15682369,0.045,Baixo,Manter relacionamento ativo e acompanhar evolução.
15589725,0.045,Baixo,Manter relacionamento ativo e acompanhar evolução.
15567893,0.045,Baixo,Manter relacionamento ativo e acompanhar evolução.
15662021,0.045,Baixo,Manter relacionamento ativo e acompanhar evolução.
15655252,0.045,Baixo,Manter relacionamento ativo e acompanhar evolução.
15633666,0.045,Baixo,Manter relacionamento ativo e acompanhar evolução.
15634310,0.045,Baixo,Manter relacionamento ativo e acompanhar evolução.
15699389,0.045,Baixo,Manter relacionamento ativo e acompanhar evolução.
15659475,0.045,Baixo,Manter relacionamento ativo e acompanhar evolução.
15810944,0.045,Baixo,Manter relacionamento ativo e acompanhar evolução.
15714680,0.045,Baixo,Manter relacionamento ativo e acompanhar evolução.
15719606,0.045,Baixo,Manter relacionamento ativo e acompanhar evolução.
15790658,0.045,Baixo,Manter relacionamento ativo e acompanhar evolução.
15631912,0.045,Baixo,Manter relacionamento ativo e acompanhar evolução.
15660301,0.045,Baixo,Manter relacionamento ativo e acompanhar evolução.
15614740,0.045,Baixo,Manter relacionamento ativo e acompanhar evolução.
15648047,0.045,Baixo,Manter relacionamento ativo e acompanhar evolução.
15681550,0.045,Baixo,Manter relacionamento ativo e acompanhar evolução.
15770420,0.045,Baixo,Manter relacionamento ativo e acompanhar evolução.
15808389,0.045,Baixo,Manter relacionamento ativo e acompanhar evolução.
15785547,0.045,Baixo,Manter relacionamento ativo e acompanhar evolução.
15578835,0.045,Baixo,Manter relacionamento ativo e acompanhar evolução.
15769955,0.045,Baixo,Manter relacionamento ativo e acompanhar evolução.
15659843,0.045,Baixo,Manter relacionamento ativo e acompanhar evolução.
15581736,0.045,Baixo,Manter relacionamento ativo e acompanhar evolução.
15733491,0.045,Baixo,Manter relacionamento ativo e acompanhar evolução.
15700772,0.045,Baixo,Manter relacionamento ativo e acompanhar evolução.
15806709,0.045,Baixo,Manter relacionamento ativo e acompanhar evolução.
15746326,0.045,Baixo,Manter relacionamento ativo e acompanhar evolução.
15768682,0.045,Baixo,Manter relacionamento ativo e acompanhar evolução.
15656597,0.045,Baixo,Manter relacionamento ativo e acompanhar evolução.
15597239,0.045,Baixo,Manter relacionamento ativo e acompanhar evolução.
15685805,0.045,Baixo,Manter relacionamento ativo e acompanhar evolução.
15590993,0.045,Baixo,Manter relacionamento ativo e acompanhar evolução.
15721433,0.045,Baixo,Manter relacionamento ativo e acompanhar evolução.
15730272,0.045,Baixo,Manter relacionamento ativo e acompanhar evolução.
15752885,0.045,Baixo,Manter relacionamento ativo e acompanhar evolução.
15608916,0.045,Baixo,Manter relacionamento ativo e acompanhar evolução.
15759741,0.045,Baixo,Manter relacionamento ativo e acompanhar evolução.
15797194,0.045,Baixo,Manter relacionamento ativo e acompanhar evolução.
15762110,0.045,Baixo,Manter relacionamento ativo e acompanhar evolução.
15725882,0.045,Baixo,Manter relacionamento ativo e acompanhar evolução.
15800366,0.045,Baixo,Manter relacionamento ativo e acompanhar evolução.
15587913,0.045,Baixo,Manter relacionamento ativo e acompanhar evolução.
15799350,0.045,Baixo,Manter relacionamento ativo e acompanhar evolução.
15617454,0.045,Baixo,Manter relacionamento ativo e acompanhar evolução.
15682773,0.045,Baixo,Manter relacionamento ativo e acompanhar evolução.
15613282,0.045,Baixo,Manter relacionamento ativo e acompanhar evolução.
15612670,0.045,Baixo,Manter relacionamento ativo e acompanhar evolução.
15761600,0.045,Baixo,Manter relacionamento ativo e acompanhar evolução.
15693737,0.045,Baixo,Manter relacionamento ativo e acompanhar evolução.
15792607,0.045,Baixo,Manter relacionamento ativo e acompanhar evolução.
15680683,0.045,Baixo,Manter relacionamento ativo e acompanhar evolução.
15572408,0.045,Baixo,Manter relacionamento ativo e acompanhar evolução.
15768455,0.045,Baixo,Manter relacionamento ativo e acompanhar evolução.
15586914,0.045,Baixo,Manter relacionamento ativo e acompanhar evolução.
15754849,0.04,Baixo,Manter relacionamento ativo e acompanhar evolução.
15695474,0.04,Baixo,Manter relacionamento ativo e acompanhar evolução.
15589147,0.04,Baixo,Manter relacionamento ativo e acompanhar evolução.
15580719,0.04,Baixo,Manter relacionamento ativo e acompanhar evolução.
15625247,0.04,Baixo,Manter relacionamento ativo e acompanhar evolução.
15639590,0.04,Baixo,Manter relacionamento ativo e acompanhar evolução.
15785042,0.04,Baixo,Manter relacionamento ativo e acompanhar evolução.
15793856,0.04,Baixo,Manter relacionamento ativo e acompanhar evolução.
15671172,0.04,Baixo,Manter relacionamento ativo e acompanhar evolução.
15791842,0.04,Baixo,Manter relacionamento ativo e acompanhar evolução.
15686776,0.04,Baixo,Manter relacionamento ativo e acompanhar evolução.
15700696,0.04,Baixo,Manter relacionamento ativo e acompanhar evolução.
15725311,0.04,Baixo,Manter relacionamento ativo e acompanhar evolução.
15686917,0.04,Baixo,Manter relacionamento ativo e acompanhar evolução.
15809124,0.04,Baixo,Manter relacionamento ativo e acompanhar evolução.
15762615,0.04,Baixo,Manter relacionamento ativo e acompanhar evolução.
15779423,0.04,Baixo,Manter relacionamento ativo e acompanhar evolução.
15664895,0.04,Baixo,Manter relacionamento ativo e acompanhar evolução.
15663421,0.04,Baixo,Manter relacionamento ativo e acompanhar evolução.
15575060,0.04,Baixo,Manter relacionamento ativo e acompanhar evolução.
15607629,0.04,Baixo,Manter relacionamento ativo e acompanhar evolução.
15593900,0.04,Baixo,Manter relacionamento ativo e acompanhar evolução.
15697318,0.04,Baixo,Manter relacionamento ativo e acompanhar evolução.
15600720,0.04,Baixo,Manter relacionamento ativo e acompanhar evolução.
15614365,0.04,Baixo,Manter relacionamento ativo e acompanhar evolução.
15785611,0.04,Baixo,Manter relacionamento ativo e acompanhar evolução.
15584766,0.04,Baixo,Manter relacionamento ativo e acompanhar evolução.
15771997,0.04,Baixo,Manter relacionamento ativo e acompanhar evolução.
15745088,0.04,Baixo,Manter relacionamento ativo e acompanhar evolução.
15596972,0.04,Baixo,Manter relacionamento ativo e acompanhar evolução.
15815690,0.04,Baixo,Manter relacionamento ativo e acompanhar evolução.
15804295,0.04,Baixo,Manter relacionamento ativo e acompanhar evolução.
15660211,0.04,Baixo,Manter relacionamento ativo e acompanhar evolução.
15764927,0.04,Baixo,Manter relacionamento ativo e acompanhar evolução.
15722090,0.04,Baixo,Manter relacionamento ativo e acompanhar evolução.
15621195,0.04,Baixo,Manter relacionamento ativo e acompanhar evolução.
15643121,0.04,Baixo,Manter relacionamento ativo e acompanhar evolução.
15761076,0.04,Baixo,Manter relacionamento ativo e acompanhar evolução.
15807167,0.04,Baixo,Manter relacionamento ativo e acompanhar evolução.
15756425,0.04,Baixo,Manter relacionamento ativo e acompanhar evolução.
15730137,0.04,Baixo,Manter relacionamento ativo e acompanhar evolução.
15693326,0.04,Baixo,Manter relacionamento ativo e acompanhar evolução.
15744398,0.04,Baixo,Manter relacionamento ativo e acompanhar evolução.
15690456,0.04,Baixo,Manter relacionamento ativo e acompanhar evolução.
15615931,0.04,Baixo,Manter relacionamento ativo e acompanhar evolução.
15664539,0.04,Baixo,Manter relacionamento ativo e acompanhar evolução.
15583692,0.04,Baixo,Manter relacionamento ativo e acompanhar evolução.
15578462,0.04,Baixo,Manter relacionamento ativo e acompanhar evolução.
15810454,0.04,Baixo,Manter relacionamento ativo e acompanhar evolução.
15626040,0.04,Baixo,Manter relacionamento ativo e acompanhar evolução.
15777896,0.04,Baixo,Manter relacionamento ativo e acompanhar evolução.
15764537,0.04,Baixo,Manter relacionamento ativo e acompanhar evolução.
15579433,0.04,Baixo,Manter relacionamento ativo e acompanhar evolução.
15567335,0.04,Baixo,Manter relacionamento ativo e acompanhar evolução.
15619932,0.04,Baixo,Manter relacionamento ativo e acompanhar evolução.
15614782,0.04,Baixo,Manter relacionamento ativo e acompanhar evolução.
15673180,0.04,Baixo,Manter relacionamento ativo e acompanhar evolução.
15711309,0.04,Baixo,Manter relacionamento ativo e acompanhar evolução.
15720083,0.04,Baixo,Manter relacionamento ativo e acompanhar evolução.
15778838,0.04,Baixo,Manter relacionamento ativo e acompanhar evolução.
15729019,0.04,Baixo,Manter relacionamento ativo e acompanhar evolução.
15802362,0.04,Baixo,Manter relacionamento ativo e acompanhar evolução.
15732774,0.04,Baixo,Manter relacionamento ativo e acompanhar evolução.
15667932,0.04,Baixo,Manter relacionamento ativo e acompanhar evolução.
15729018,0.04,Baixo,Manter relacionamento ativo e acompanhar evolução.
15662908,0.04,Baixo,Manter relacionamento ativo e acompanhar evolução.
15628530,0.04,Baixo,Manter relacionamento ativo e acompanhar evolução.
15791501,0.04,Baixo,Manter relacionamento ativo e acompanhar evolução.
15665634,0.04,Baixo,Manter relacionamento ativo e acompanhar evolução.
15756954,0.04,Baixo,Manter relacionamento ativo e acompanhar evolução.
15577913,0.04,Baixo,Manter relacionamento ativo e acompanhar evolução.
15598948,0.04,Baixo,Manter relacionamento ativo e acompanhar evolução.
15788536,0.04,Baixo,Manter relacionamento ativo e acompanhar evolução.
15769191,0.04,Baixo,Manter relacionamento ativo e acompanhar evolução.
15637646,0.04,Baixo,Manter relacionamento ativo e acompanhar evolução.
15609676,0.04,Baixo,Manter relacionamento ativo e acompanhar evolução.
15694601,0.04,Baixo,Manter relacionamento ativo e acompanhar evolução.
15605424,0.04,Baixo,Manter relacionamento ativo e acompanhar evolução.
15567328,0.04,Baixo,Manter relacionamento ativo e acompanhar evolução.
15799652,0.04,Baixo,Manter relacionamento ativo e acompanhar evolução.
15698285,0.04,Baixo,Manter relacionamento ativo e acompanhar evolução.
15778752,0.04,Baixo,Manter relacionamento ativo e acompanhar evolução.
15779414,0.04,Baixo,Manter relacionamento ativo e acompanhar evolução.
15658946,0.04,Baixo,Manter relacionamento ativo e acompanhar evolução.
15765311,0.04,Baixo,Manter relacionamento ativo e acompanhar evolução.
15699430,0.04,Baixo,Manter relacionamento ativo e acompanhar evolução.
15605284,0.04,Baixo,Manter relacionamento ativo e acompanhar evolução.
15783522,0.04,Baixo,Manter relacionamento ativo e acompanhar evolução.
15643696,0.04,Baixo,Manter relacionamento ativo e acompanhar evolução.
15776807,0.04,Baixo,Manter relacionamento ativo e acompanhar evolução.
15758048,0.04,Baixo,Manter relacionamento ativo e acompanhar evolução.
15749093,0.04,Baixo,Manter relacionamento ativo e acompanhar evolução.
15758755,0.04,Baixo,Manter relacionamento ativo e acompanhar evolução.
15605455,0.04,Baixo,Manter relacionamento ativo e acompanhar evolução.
15768282,0.04,Baixo,Manter relacionamento ativo e acompanhar evolução.
15719950,0.04,Baixo,Manter relacionamento ativo e acompanhar evolução.
15762793,0.04,Baixo,Manter relacionamento ativo e acompanhar evolução.
15784594,0.04,Baixo,Manter relacionamento ativo e acompanhar evolução.
15666884,0.04,Baixo,Manter relacionamento ativo e acompanhar evolução.
15605531,0.04,Baixo,Manter relacionamento ativo e acompanhar evolução.
15645621,0.04,Baixo,Manter relacionamento ativo e acompanhar evolução.
15712596,0.04,Baixo,Manter relacionamento ativo e acompanhar evolução.
15767781,0.04,Baixo,Manter relacionamento ativo e acompanhar evolução.
15649618,0.04,Baixo,Manter relacionamento ativo e acompanhar evolução.
15737133,0.04,Baixo,Manter relacionamento ativo e acompanhar evolução.
15712903,0.04,Baixo,Manter relacionamento ativo e acompanhar evolução.
15769308,0.04,Baixo,Manter relacionamento ativo e acompanhar evolução.
15760924,0.04,Baixo,Manter relacionamento ativo e acompanhar evolução.
15631392,0.04,Baixo,Manter relacionamento ativo e acompanhar evolução.
15744200,0.04,Baixo,Manter relacionamento ativo e acompanhar evolução.
15704819,0.04,Baixo,Manter relacionamento ativo e acompanhar evolução.
15807433,0.04,Baixo,Manter relacionamento ativo e acompanhar evolução.
15781234,0.04,Baixo,Manter relacionamento ativo e acompanhar evolução.
15799494,0.04,Baixo,Manter relacionamento ativo e acompanhar evolução.
15581388,0.04,Baixo,Manter relacionamento ativo e acompanhar evolução.
15716357,0.04,Baixo,Manter relacionamento ativo e acompanhar evolução.
15809558,0.04,Baixo,Manter relacionamento ativo e acompanhar evolução.
15707110,0.04,Baixo,Manter relacionamento ativo e acompanhar evolução.
15724890,0.04,Baixo,Manter relacionamento ativo e acompanhar evolução.
15810732,0.04,Baixo,Manter relacionamento ativo e acompanhar evolução.
15716134,0.04,Baixo,Manter relacionamento ativo e acompanhar evolução.
15633650,0.04,Baixo,Manter relacionamento ativo e acompanhar evolução.
15768219,0.04,Baixo,Manter relacionamento ativo e acompanhar evolução.
15747762,0.04,Baixo,Manter relacionamento ativo e acompanhar evolução.
15631512,0.04,Baixo,Manter relacionamento ativo e acompanhar evolução.
15709004,0.04,Baixo,Manter relacionamento ativo e acompanhar evolução.
15644934,0.04,Baixo,Manter relacionamento ativo e acompanhar evolução.
15644856,0.04,Baixo,Manter relacionamento ativo e acompanhar evolução.
15620030,0.04,Baixo,Manter relacionamento ativo e acompanhar evolução.
15663942,0.04,Baixo,Manter relacionamento ativo e acompanhar evolução.
15760244,0.04,Baixo,Manter relacionamento ativo e acompanhar evolução.
15682070,0.04,Baixo,Manter relacionamento ativo e acompanhar evolução.
15706904,0.04,Baixo,Manter relacionamento ativo e acompanhar evolução.
15749004,0.04,Baixo,Manter relacionamento ativo e acompanhar evolução.
15802118,0.04,Baixo,Manter relacionamento ativo e acompanhar evolução.
15723339,0.04,Baixo,Manter relacionamento ativo e acompanhar evolução.
15690330,0.04,Baixo,Manter relacionamento ativo e acompanhar evolução.
15733661,0.04,Baixo,Manter relacionamento ativo e acompanhar evolução.
15777614,0.04,Baixo,Manter relacionamento ativo e acompanhar evolução.
15742480,0.04,Baixo,Manter relacionamento ativo e acompanhar evolução.
15617476,0.04,Baixo,Manter relacionamento ativo e acompanhar evolução.
15668679,0.04,Baixo,Manter relacionamento ativo e acompanhar evolução.
15648069,0.04,Baixo,Manter relacionamento ativo e acompanhar evolução.
15766183,0.04,Baixo,Manter relacionamento ativo e acompanhar evolução.
15674442,0.04,Baixo,Manter relacionamento ativo e acompanhar evolução.
15682576,0.04,Baixo,Manter relacionamento ativo e acompanhar evolução.
15690772,0.04,Baixo,Manter relacionamento ativo e acompanhar evolução.
15582180,0.04,Baixo,Manter relacionamento ativo e acompanhar evolução.
15739476,0.04,Baixo,Manter relacionamento ativo e acompanhar evolução.
15633474,0.04,Baixo,Manter relacionamento ativo e acompanhar evolução.
15710671,0.04,Baixo,Manter relacionamento ativo e acompanhar evolução.
15621353,0.04,Baixo,Manter relacionamento ativo e acompanhar evolução.
15665759,0.04,Baixo,Manter relacionamento ativo e acompanhar evolução.
15649858,0.04,Baixo,Manter relacionamento ativo e acompanhar evolução.
15636105,0.04,Baixo,Manter relacionamento ativo e acompanhar evolução.
15697129,0.04,Baixo,Manter relacionamento ativo e acompanhar evolução.
15787151,0.04,Baixo,Manter relacionamento ativo e acompanhar evolução.
15809817,0.04,Baixo,Manter relacionamento ativo e acompanhar evolução.
15751593,0.04,Baixo,Manter relacionamento ativo e acompanhar evolução.
15675675,0.04,Baixo,Manter relacionamento ativo e acompanhar evolução.
15638983,0.04,Baixo,Manter relacionamento ativo e acompanhar evolução.
15775490,0.04,Baixo,Manter relacionamento ativo e acompanhar evolução.
15684440,0.04,Baixo,Manter relacionamento ativo e acompanhar evolução.
15629750,0.04,Baixo,Manter relacionamento ativo e acompanhar evolução.
15677049,0.04,Baixo,Manter relacionamento ativo e acompanhar evolução.
15801548,0.04,Baixo,Manter relacionamento ativo e acompanhar evolução.
15598782,0.04,Baixo,Manter relacionamento ativo e acompanhar evolução.
15681843,0.04,Baixo,Manter relacionamento ativo e acompanhar evolução.
15703019,0.04,Baixo,Manter relacionamento ativo e acompanhar evolução.
15725762,0.04,Baixo,Manter relacionamento ativo e acompanhar evolução.
15784445,0.04,Baixo,Manter relacionamento ativo e acompanhar evolução.
15794939,0.04,Baixo,Manter relacionamento ativo e acompanhar evolução.
15733597,0.04,Baixo,Manter relacionamento ativo e acompanhar evolução.
15571302,0.04,Baixo,Manter relacionamento ativo e acompanhar evolução.
15780411,0.04,Baixo,Manter relacionamento ativo e acompanhar evolução.
15662189,0.04,Baixo,Manter relacionamento ativo e acompanhar evolução.
15684925,0.04,Baixo,Manter relacionamento ativo e acompanhar evolução.
15631800,0.04,Baixo,Manter relacionamento ativo e acompanhar evolução.
15794204,0.04,Baixo,Manter relacionamento ativo e acompanhar evolução.
15567114,0.04,Baixo,Manter relacionamento ativo e acompanhar evolução.
15802585,0.04,Baixo,Manter relacionamento ativo e acompanhar evolução.
15812832,0.04,Baixo,Manter relacionamento ativo e acompanhar evolução.
15814923,0.04,Baixo,Manter relacionamento ativo e acompanhar evolução.
15762045,0.04,Baixo,Manter relacionamento ativo e acompanhar evolução.
15807837,0.04,Baixo,Manter relacionamento ativo e acompanhar evolução.
15713517,0.04,Baixo,Manter relacionamento ativo e acompanhar evolução.
15689671,0.04,Baixo,Manter relacionamento ativo e acompanhar evolução.
15656592,0.04,Baixo,Manter relacionamento ativo e acompanhar evolução.
15693018,0.04,Baixo,Manter relacionamento ativo e acompanhar evolução.
15793424,0.04,Baixo,Manter relacionamento ativo e acompanhar evolução.
15766374,0.04,Baixo,Manter relacionamento ativo e acompanhar evolução.
15797686,0.04,Baixo,Manter relacionamento ativo e acompanhar evolução.
15653595,0.04,Baixo,Manter relacionamento ativo e acompanhar evolução.
15652400,0.04,Baixo,Manter relacionamento ativo e acompanhar evolução.
15692430,0.04,Baixo,Manter relacionamento ativo e acompanhar evolução.
15582066,0.04,Baixo,Manter relacionamento ativo e acompanhar evolução.
15666675,0.04,Baixo,Manter relacionamento ativo e acompanhar evolução.
15667934,0.04,Baixo,Manter relacionamento ativo e acompanhar evolução.
15737909,0.04,Baixo,Manter relacionamento ativo e acompanhar evolução.
15812766,0.04,Baixo,Manter relacionamento ativo e acompanhar evolução.
15694288,0.04,Baixo,Manter relacionamento ativo e acompanhar evolução.
15755722,0.04,Baixo,Manter relacionamento ativo e acompanhar evolução.
15682356,0.04,Baixo,Manter relacionamento ativo e acompanhar evolução.
15724764,0.04,Baixo,Manter relacionamento ativo e acompanhar evolução.
15744622,0.04,Baixo,Manter relacionamento ativo e acompanhar evolução.
15785350,0.04,Baixo,Manter relacionamento ativo e acompanhar evolução.
15741728,0.04,Baixo,Manter relacionamento ativo e acompanhar evolução.
15706602,0.04,Baixo,Manter relacionamento ativo e acompanhar evolução.
15801247,0.04,Baixo,Manter relacionamento ativo e acompanhar evolução.
15807909,0.04,Baixo,Manter relacionamento ativo e acompanhar evolução.
15572657,0.04,Baixo,Manter relacionamento ativo e acompanhar evolução.
15593014,0.04,Baixo,Manter relacionamento ativo e acompanhar evolução.
15709476,0.04,Baixo,Manter relacionamento ativo e acompanhar evolução.
15701946,0.04,Baixo,Manter relacionamento ativo e acompanhar evolução.
15715888,0.04,Baixo,Manter relacionamento ativo e acompanhar evolução.
15649457,0.04,Baixo,Manter relacionamento ativo e acompanhar evolução.
15567993,0.04,Baixo,Manter relacionamento ativo e acompanhar evolução.
15656141,0.04,Baixo,Manter relacionamento ativo e acompanhar evolução.
15791769,0.04,Baixo,Manter relacionamento ativo e acompanhar evolução.
15638751,0.04,Baixo,Manter relacionamento ativo e acompanhar evolução.
15624423,0.04,Baixo,Manter relacionamento ativo e acompanhar evolução.
15604196,0.04,Baixo,Manter relacionamento ativo e acompanhar evolução.
15774224,0.04,Baixo,Manter relacionamento ativo e acompanhar evolução.
15617166,0.04,Baixo,Manter relacionamento ativo e acompanhar evolução.
15632899,0.04,Baixo,Manter relacionamento ativo e acompanhar evolução.
15713608,0.04,Baixo,Manter relacionamento ativo e acompanhar evolução.
15646196,0.04,Baixo,Manter relacionamento ativo e acompanhar evolução.
15738672,0.04,Baixo,Manter relacionamento ativo e acompanhar evolução.
15570086,0.04,Baixo,Manter relacionamento ativo e acompanhar evolução.
15671124,0.04,Baixo,Manter relacionamento ativo e acompanhar evolução.
15668104,0.04,Baixo,Manter relacionamento ativo e acompanhar evolução.
15667190,0.04,Baixo,Manter relacionamento ativo e acompanhar evolução.
15754999,0.04,Baixo,Manter relacionamento ativo e acompanhar evolução.
15811314,0.04,Baixo,Manter relacionamento ativo e acompanhar evolução.
15670602,0.04,Baixo,Manter relacionamento ativo e acompanhar evolução.
15580043,0.04,Baixo,Manter relacionamento ativo e acompanhar evolução.
15709338,0.04,Baixo,Manter relacionamento ativo e acompanhar evolução.
15747558,0.04,Baixo,Manter relacionamento ativo e acompanhar evolução.
15699257,0.04,Baixo,Manter relacionamento ativo e acompanhar evolução.
15784918,0.04,Baixo,Manter relacionamento ativo e acompanhar evolução.
15771749,0.04,Baixo,Manter relacionamento ativo e acompanhar evolução.
15697034,0.04,Baixo,Manter relacionamento ativo e acompanhar evolução.
15674671,0.04,Baixo,Manter relacionamento ativo e acompanhar evolução.
15754261,0.04,Baixo,Manter relacionamento ativo e acompanhar evolução.
15670172,0.04,Baixo,Manter relacionamento ativo e acompanhar evolução.
15717962,0.04,Baixo,Manter relacionamento ativo e acompanhar evolução.
15813532,0.04,Baixo,Manter relacionamento ativo e acompanhar evolução.
15695280,0.04,Baixo,Manter relacionamento ativo e acompanhar evolução.
15726250,0.04,Baixo,Manter relacionamento ativo e acompanhar evolução.
15565779,0.04,Baixo,Manter relacionamento ativo e acompanhar evolução.
15666043,0.04,Baixo,Manter relacionamento ativo e acompanhar evolução.
15779497,0.04,Baixo,Manter relacionamento ativo e acompanhar evolução.
15709531,0.04,Baixo,Manter relacionamento ativo e acompanhar evolução.
15781884,0.04,Baixo,Manter relacionamento ativo e acompanhar evolução.
15780514,0.04,Baixo,Manter relacionamento ativo e acompanhar evolução.
15593501,0.04,Baixo,Manter relacionamento ativo e acompanhar evolução.
15799031,0.04,Baixo,Manter relacionamento ativo e acompanhar evolução.
15612030,0.04,Baixo,Manter relacionamento ativo e acompanhar evolução.
15613962,0.04,Baixo,Manter relacionamento ativo e acompanhar evolução.
15634564,0.04,Baixo,Manter relacionamento ativo e acompanhar evolução.
15636812,0.04,Baixo,Manter relacionamento ativo e acompanhar evolução.
15806929,0.04,Baixo,Manter relacionamento ativo e acompanhar evolução.
15573876,0.04,Baixo,Manter relacionamento ativo e acompanhar evolução.
15671165,0.04,Baixo,Manter relacionamento ativo e acompanhar evolução.
15637717,0.04,Baixo,Manter relacionamento ativo e acompanhar evolução.
15633108,0.04,Baixo,Manter relacionamento ativo e acompanhar evolução.
15804937,0.04,Baixo,Manter relacionamento ativo e acompanhar evolução.
15587835,0.04,Baixo,Manter relacionamento ativo e acompanhar evolução.
15667971,0.04,Baixo,Manter relacionamento ativo e acompanhar evolução.
15802351,0.04,Baixo,Manter relacionamento ativo e acompanhar evolução.
15601719,0.04,Baixo,Manter relacionamento ativo e acompanhar evolução.
15725039,0.04,Baixo,Manter relacionamento ativo e acompanhar evolução.
15613326,0.04,Baixo,Manter relacionamento ativo e acompanhar evolução.
15633877,0.04,Baixo,Manter relacionamento ativo e acompanhar evolução.
15717643,0.04,Baixo,Manter relacionamento ativo e acompanhar evolução.
15769312,0.04,Baixo,Manter relacionamento ativo e acompanhar evolução.
15764618,0.04,Baixo,Manter relacionamento ativo e acompanhar evolução.
15601324,0.04,Baixo,Manter relacionamento ativo e acompanhar evolução.
15624633,0.04,Baixo,Manter relacionamento ativo e acompanhar evolução.
15594685,0.04,Baixo,Manter relacionamento ativo e acompanhar evolução.
15681506,0.04,Baixo,Manter relacionamento ativo e acompanhar evolução.
15600086,0.04,Baixo,Manter relacionamento ativo e acompanhar evolução.
15737961,0.04,Baixo,Manter relacionamento ativo e acompanhar evolução.
15791550,0.04,Baixo,Manter relacionamento ativo e acompanhar evolução.
15793135,0.04,Baixo,Manter relacionamento ativo e acompanhar evolução.
15606601,0.04,Baixo,Manter relacionamento ativo e acompanhar evolução.
15770974,0.04,Baixo,Manter relacionamento ativo e acompanhar evolução.
15723786,0.04,Baixo,Manter relacionamento ativo e acompanhar evolução.
15744789,0.04,Baixo,Manter relacionamento ativo e acompanhar evolução.
15799357,0.04,Baixo,Manter relacionamento ativo e acompanhar evolução.
15597487,0.04,Baixo,Manter relacionamento ativo e acompanhar evolução.
15682914,0.04,Baixo,Manter relacionamento ativo e acompanhar evolução.
15811985,0.04,Baixo,Manter relacionamento ativo e acompanhar evolução.
15803633,0.04,Baixo,Manter relacionamento ativo e acompanhar evolução.
15574584,0.04,Baixo,Manter relacionamento ativo e acompanhar evolução.
15589975,0.04,Baixo,Manter relacionamento ativo e acompanhar evolução.
15633059,0.04,Baixo,Manter relacionamento ativo e acompanhar evolução.
15643575,0.04,Baixo,Manter relacionamento ativo e acompanhar evolução.
15592389,0.04,Baixo,Manter relacionamento ativo e acompanhar evolução.
15650864,0.035,Baixo,Manter relacionamento ativo e acompanhar evolução.
15721377,0.035,Baixo,Manter relacionamento ativo e acompanhar evolução.
15784218,0.035,Baixo,Manter relacionamento ativo e acompanhar evolução.
15774382,0.035,Baixo,Manter relacionamento ativo e acompanhar evolução.
15625586,0.035,Baixo,Manter relacionamento ativo e acompanhar evolução.
15568876,0.035,Baixo,Manter relacionamento ativo e acompanhar evolução.
15611247,0.035,Baixo,Manter relacionamento ativo e acompanhar evolução.
15580203,0.035,Baixo,Manter relacionamento ativo e acompanhar evolução.
15742534,0.035,Baixo,Manter relacionamento ativo e acompanhar evolução.
15771086,0.035,Baixo,Manter relacionamento ativo e acompanhar evolução.
15762543,0.035,Baixo,Manter relacionamento ativo e acompanhar evolução.
15669204,0.035,Baixo,Manter relacionamento ativo e acompanhar evolução.
15580682,0.035,Baixo,Manter relacionamento ativo e acompanhar evolução.
15714260,0.035,Baixo,Manter relacionamento ativo e acompanhar evolução.
15660385,0.035,Baixo,Manter relacionamento ativo e acompanhar evolução.
15796231,0.035,Baixo,Manter relacionamento ativo e acompanhar evolução.
15643359,0.035,Baixo,Manter relacionamento ativo e acompanhar evolução.
15624596,0.035,Baixo,Manter relacionamento ativo e acompanhar evolução.
15583303,0.035,Baixo,Manter relacionamento ativo e acompanhar evolução.
15607301,0.035,Baixo,Manter relacionamento ativo e acompanhar evolução.
15777352,0.035,Baixo,Manter relacionamento ativo e acompanhar evolução.
15633537,0.035,Baixo,Manter relacionamento ativo e acompanhar evolução.
15797149,0.035,Baixo,Manter relacionamento ativo e acompanhar evolução.
15636912,0.035,Baixo,Manter relacionamento ativo e acompanhar evolução.
15572174,0.035,Baixo,Manter relacionamento ativo e acompanhar evolução.
15751022,0.035,Baixo,Manter relacionamento ativo e acompanhar evolução.
15681126,0.035,Baixo,Manter relacionamento ativo e acompanhar evolução.
15687477,0.035,Baixo,Manter relacionamento ativo e acompanhar evolução.
15744843,0.035,Baixo,Manter relacionamento ativo e acompanhar evolução.
15588341,0.035,Baixo,Manter relacionamento ativo e acompanhar evolução.
15573045,0.035,Baixo,Manter relacionamento ativo e acompanhar evolução.
15627439,0.035,Baixo,Manter relacionamento ativo e acompanhar evolução.
15741693,0.035,Baixo,Manter relacionamento ativo e acompanhar evolução.
15618446,0.035,Baixo,Manter relacionamento ativo e acompanhar evolução.
15620000,0.035,Baixo,Manter relacionamento ativo e acompanhar evolução.
15602034,0.035,Baixo,Manter relacionamento ativo e acompanhar evolução.
15805413,0.035,Baixo,Manter relacionamento ativo e acompanhar evolução.
15655232,0.035,Baixo,Manter relacionamento ativo e acompanhar evolução.
15614034,0.035,Baixo,Manter relacionamento ativo e acompanhar evolução.
15619889,0.035,Baixo,Manter relacionamento ativo e acompanhar evolução.
15627262,0.035,Baixo,Manter relacionamento ativo e acompanhar evolução.
15586069,0.035,Baixo,Manter relacionamento ativo e acompanhar evolução.
15737310,0.035,Baixo,Manter relacionamento ativo e acompanhar evolução.
15765812,0.035,Baixo,Manter relacionamento ativo e acompanhar evolução.
15620398,0.035,Baixo,Manter relacionamento ativo e acompanhar evolução.
15673529,0.035,Baixo,Manter relacionamento ativo e acompanhar evolução.
15683657,0.035,Baixo,Manter relacionamento ativo e acompanhar evolução.
15727021,0.035,Baixo,Manter relacionamento ativo e acompanhar evolução.
15640789,0.035,Baixo,Manter relacionamento ativo e acompanhar evolução.
15713378,0.035,Baixo,Manter relacionamento ativo e acompanhar evolução.
15626898,0.035,Baixo,Manter relacionamento ativo e acompanhar evolução.
15686999,0.035,Baixo,Manter relacionamento ativo e acompanhar evolução.
15659656,0.035,Baixo,Manter relacionamento ativo e acompanhar evolução.
15771674,0.035,Baixo,Manter relacionamento ativo e acompanhar evolução.
15607560,0.035,Baixo,Manter relacionamento ativo e acompanhar evolução.
15641835,0.035,Baixo,Manter relacionamento ativo e acompanhar evolução.
15791877,0.035,Baixo,Manter relacionamento ativo e acompanhar evolução.
15796071,0.035,Baixo,Manter relacionamento ativo e acompanhar evolução.
15774127,0.035,Baixo,Manter relacionamento ativo e acompanhar evolução.
15739046,0.035,Baixo,Manter relacionamento ativo e acompanhar evolução.
15737782,0.035,Baixo,Manter relacionamento ativo e acompanhar evolução.
15567991,0.035,Baixo,Manter relacionamento ativo e acompanhar evolução.
15706036,0.035,Baixo,Manter relacionamento ativo e acompanhar evolução.
15581548,0.035,Baixo,Manter relacionamento ativo e acompanhar evolução.
15582944,0.035,Baixo,Manter relacionamento ativo e acompanhar evolução.
15685300,0.035,Baixo,Manter relacionamento ativo e acompanhar evolução.
15579183,0.035,Baixo,Manter relacionamento ativo e acompanhar evolução.
15666916,0.035,Baixo,Manter relacionamento ativo e acompanhar evolução.
15748381,0.035,Baixo,Manter relacionamento ativo e acompanhar evolução.
15700174,0.035,Baixo,Manter relacionamento ativo e acompanhar evolução.
15771139,0.035,Baixo,Manter relacionamento ativo e acompanhar evolução.
15810457,0.035,Baixo,Manter relacionamento ativo e acompanhar evolução.
15660871,0.035,Baixo,Manter relacionamento ativo e acompanhar evolução.
15610426,0.035,Baixo,Manter relacionamento ativo e acompanhar evolução.
15646609,0.035,Baixo,Manter relacionamento ativo e acompanhar evolução.
15680346,0.035,Baixo,Manter relacionamento ativo e acompanhar evolução.
15674950,0.035,Baixo,Manter relacionamento ativo e acompanhar evolução.
15806822,0.035,Baixo,Manter relacionamento ativo e acompanhar evolução.
15588535,0.035,Baixo,Manter relacionamento ativo e acompanhar evolução.
15606232,0.035,Baixo,Manter relacionamento ativo e acompanhar evolução.
15667046,0.035,Baixo,Manter relacionamento ativo e acompanhar evolução.
15809509,0.035,Baixo,Manter relacionamento ativo e acompanhar evolução.
15628203,0.035,Baixo,Manter relacionamento ativo e acompanhar evolução.
15677382,0.035,Baixo,Manter relacionamento ativo e acompanhar evolução.
15632069,0.035,Baixo,Manter relacionamento ativo e acompanhar evolução.
15801351,0.035,Baixo,Manter relacionamento ativo e acompanhar evolução.
15675626,0.035,Baixo,Manter relacionamento ativo e acompanhar evolução.
15786852,0.035,Baixo,Manter relacionamento ativo e acompanhar evolução.
15567725,0.035,Baixo,Manter relacionamento ativo e acompanhar evolução.
15674179,0.035,Baixo,Manter relacionamento ativo e acompanhar evolução.
15569410,0.035,Baixo,Manter relacionamento ativo e acompanhar evolução.
15779496,0.035,Baixo,Manter relacionamento ativo e acompanhar evolução.
15746970,0.035,Baixo,Manter relacionamento ativo e acompanhar evolução.
15574879,0.035,Baixo,Manter relacionamento ativo e acompanhar evolução.
15642248,0.035,Baixo,Manter relacionamento ativo e acompanhar evolução.
15739054,0.035,Baixo,Manter relacionamento ativo e acompanhar evolução.
15732832,0.035,Baixo,Manter relacionamento ativo e acompanhar evolução.
15631159,0.035,Baixo,Manter relacionamento ativo e acompanhar evolução.
15752601,0.035,Baixo,Manter relacionamento ativo e acompanhar evolução.
15658339,0.035,Baixo,Manter relacionamento ativo e acompanhar evolução.
15742609,0.035,Baixo,Manter relacionamento ativo e acompanhar evolução.
15674368,0.035,Baixo,Manter relacionamento ativo e acompanhar evolução.
15651093,0.035,Baixo,Manter relacionamento ativo e acompanhar evolução.
15606554,0.035,Baixo,Manter relacionamento ativo e acompanhar evolução.
15684769,0.035,Baixo,Manter relacionamento ativo e acompanhar evolução.
15601417,0.035,Baixo,Manter relacionamento ativo e acompanhar evolução.
15644551,0.035,Baixo,Manter relacionamento ativo e acompanhar evolução.
15801466,0.035,Baixo,Manter relacionamento ativo e acompanhar evolução.
15599272,0.035,Baixo,Manter relacionamento ativo e acompanhar evolução.
15779207,0.035,Baixo,Manter relacionamento ativo e acompanhar evolução.
15791174,0.035,Baixo,Manter relacionamento ativo e acompanhar evolução.
15574305,0.035,Baixo,Manter relacionamento ativo e acompanhar evolução.
15697020,0.035,Baixo,Manter relacionamento ativo e acompanhar evolução.
15607065,0.035,Baixo,Manter relacionamento ativo e acompanhar evolução.
15672397,0.035,Baixo,Manter relacionamento ativo e acompanhar evolução.
15720676,0.035,Baixo,Manter relacionamento ativo e acompanhar evolução.
15649101,0.035,Baixo,Manter relacionamento ativo e acompanhar evolução.
15642885,0.035,Baixo,Manter relacionamento ativo e acompanhar evolução.
15607381,0.035,Baixo,Manter relacionamento ativo e acompanhar evolução.
15607691,0.035,Baixo,Manter relacionamento ativo e acompanhar evolução.
15602934,0.035,Baixo,Manter relacionamento ativo e acompanhar evolução.
15568360,0.035,Baixo,Manter relacionamento ativo e acompanhar evolução.
15757188,0.035,Baixo,Manter relacionamento ativo e acompanhar evolução.
15589881,0.035,Baixo,Manter relacionamento ativo e acompanhar evolução.
15704315,0.035,Baixo,Manter relacionamento ativo e acompanhar evolução.
15761047,0.035,Baixo,Manter relacionamento ativo e acompanhar evolução.
15812918,0.035,Baixo,Manter relacionamento ativo e acompanhar evolução.
15730448,0.035,Baixo,Manter relacionamento ativo e acompanhar evolução.
15593694,0.035,Baixo,Manter relacionamento ativo e acompanhar evolução.
15789014,0.035,Baixo,Manter relacionamento ativo e acompanhar evolução.
15572093,0.035,Baixo,Manter relacionamento ativo e acompanhar evolução.
15718247,0.035,Baixo,Manter relacionamento ativo e acompanhar evolução.
15611365,0.035,Baixo,Manter relacionamento ativo e acompanhar evolução.
15760450,0.035,Baixo,Manter relacionamento ativo e acompanhar evolução.
15783955,0.035,Baixo,Manter relacionamento ativo e acompanhar evolução.
15591932,0.035,Baixo,Manter relacionamento ativo e acompanhar evolução.
15703399,0.035,Baixo,Manter relacionamento ativo e acompanhar evolução.
15626710,0.035,Baixo,Manter relacionamento ativo e acompanhar evolução.
15693996,0.035,Baixo,Manter relacionamento ativo e acompanhar evolução.
15572956,0.035,Baixo,Manter relacionamento ativo e acompanhar evolução.
15774166,0.035,Baixo,Manter relacionamento ativo e acompanhar evolução.
15794874,0.035,Baixo,Manter relacionamento ativo e acompanhar evolução.
15591552,0.035,Baixo,Manter relacionamento ativo e acompanhar evolução.
15793317,0.035,Baixo,Manter relacionamento ativo e acompanhar evolução.
15815420,0.035,Baixo,Manter relacionamento ativo e acompanhar evolução.
15593345,0.035,Baixo,Manter relacionamento ativo e acompanhar evolução.
15623560,0.035,Baixo,Manter relacionamento ativo e acompanhar evolução.
15631072,0.035,Baixo,Manter relacionamento ativo e acompanhar evolução.
15661827,0.035,Baixo,Manter relacionamento ativo e acompanhar evolução.
15644849,0.035,Baixo,Manter relacionamento ativo e acompanhar evolução.
15618018,0.035,Baixo,Manter relacionamento ativo e acompanhar evolução.
15747677,0.035,Baixo,Manter relacionamento ativo e acompanhar evolução.
15724691,0.035,Baixo,Manter relacionamento ativo e acompanhar evolução.
15677939,0.035,Baixo,Manter relacionamento ativo e acompanhar evolução.
15656522,0.035,Baixo,Manter relacionamento ativo e acompanhar evolução.
15777826,0.035,Baixo,Manter relacionamento ativo e acompanhar evolução.
15576162,0.035,Baixo,Manter relacionamento ativo e acompanhar evolução.
15682563,0.035,Baixo,Manter relacionamento ativo e acompanhar evolução.
15723481,0.035,Baixo,Manter relacionamento ativo e acompanhar evolução.
15765461,0.035,Baixo,Manter relacionamento ativo e acompanhar evolução.
15636521,0.035,Baixo,Manter relacionamento ativo e acompanhar evolução.
15698167,0.035,Baixo,Manter relacionamento ativo e acompanhar evolução.
15592914,0.035,Baixo,Manter relacionamento ativo e acompanhar evolução.
15688193,0.035,Baixo,Manter relacionamento ativo e acompanhar evolução.
15662063,0.035,Baixo,Manter relacionamento ativo e acompanhar evolução.
15815628,0.035,Baixo,Manter relacionamento ativo e acompanhar evolução.
15576928,0.035,Baixo,Manter relacionamento ativo e acompanhar evolução.
15790750,0.035,Baixo,Manter relacionamento ativo e acompanhar evolução.
15740494,0.035,Baixo,Manter relacionamento ativo e acompanhar evolução.
15701265,0.035,Baixo,Manter relacionamento ativo e acompanhar evolução.
15760774,0.035,Baixo,Manter relacionamento ativo e acompanhar evolução.
15613844,0.035,Baixo,Manter relacionamento ativo e acompanhar evolução.
15801920,0.035,Baixo,Manter relacionamento ativo e acompanhar evolução.
15650098,0.035,Baixo,Manter relacionamento ativo e acompanhar evolução.
15610042,0.035,Baixo,Manter relacionamento ativo e acompanhar evolução.
15753591,0.035,Baixo,Manter relacionamento ativo e acompanhar evolução.
15731586,0.035,Baixo,Manter relacionamento ativo e acompanhar evolução.
15628123,0.035,Baixo,Manter relacionamento ativo e acompanhar evolução.
15761854,0.035,Baixo,Manter relacionamento ativo e acompanhar evolução.
15758856,0.035,Baixo,Manter relacionamento ativo e acompanhar evolução.
15688210,0.035,Baixo,Manter relacionamento ativo e acompanhar evolução.
15748034,0.035,Baixo,Manter relacionamento ativo e acompanhar evolução.
15603683,0.035,Baixo,Manter relacionamento ativo e acompanhar evolução.
15690372,0.035,Baixo,Manter relacionamento ativo e acompanhar evolução.
15752463,0.035,Baixo,Manter relacionamento ativo e acompanhar evolução.
15688984,0.035,Baixo,Manter relacionamento ativo e acompanhar evolução.
15692583,0.035,Baixo,Manter relacionamento ativo e acompanhar evolução.
15730796,0.035,Baixo,Manter relacionamento ativo e acompanhar evolução.
15645103,0.035,Baixo,Manter relacionamento ativo e acompanhar evolução.
15703413,0.035,Baixo,Manter relacionamento ativo e acompanhar evolução.
15675360,0.035,Baixo,Manter relacionamento ativo e acompanhar evolução.
15572792,0.035,Baixo,Manter relacionamento ativo e acompanhar evolução.
15753213,0.035,Baixo,Manter relacionamento ativo e acompanhar evolução.
15694530,0.035,Baixo,Manter relacionamento ativo e acompanhar evolução.
15757628,0.035,Baixo,Manter relacionamento ativo e acompanhar evolução.
15794137,0.035,Baixo,Manter relacionamento ativo e acompanhar evolução.
15593897,0.035,Baixo,Manter relacionamento ativo e acompanhar evolução.
15588123,0.035,Baixo,Manter relacionamento ativo e acompanhar evolução.
15750497,0.035,Baixo,Manter relacionamento ativo e acompanhar evolução.
15756118,0.035,Baixo,Manter relacionamento ativo e acompanhar evolução.
15624729,0.035,Baixo,Manter relacionamento ativo e acompanhar evolução.
15630704,0.035,Baixo,Manter relacionamento ativo e acompanhar evolução.
15710404,0.035,Baixo,Manter relacionamento ativo e acompanhar evolução.
15733114,0.035,Baixo,Manter relacionamento ativo e acompanhar evolução.
15656351,0.035,Baixo,Manter relacionamento ativo e acompanhar evolução.
15733169,0.035,Baixo,Manter relacionamento ativo e acompanhar evolução.
15740160,0.035,Baixo,Manter relacionamento ativo e acompanhar evolução.
15679966,0.035,Baixo,Manter relacionamento ativo e acompanhar evolução.
15662091,0.035,Baixo,Manter relacionamento ativo e acompanhar evolução.
15610653,0.035,Baixo,Manter relacionamento ativo e acompanhar evolução.
15782404,0.035,Baixo,Manter relacionamento ativo e acompanhar evolução.
15578096,0.035,Baixo,Manter relacionamento ativo e acompanhar evolução.
15684645,0.035,Baixo,Manter relacionamento ativo e acompanhar evolução.
15590820,0.035,Baixo,Manter relacionamento ativo e acompanhar evolução.
15718839,0.035,Baixo,Manter relacionamento ativo e acompanhar evolução.
15698510,0.035,Baixo,Manter relacionamento ativo e acompanhar evolução.
15634591,0.035,Baixo,Manter relacionamento ativo e acompanhar evolução.
15697000,0.035,Baixo,Manter relacionamento ativo e acompanhar evolução.
15697497,0.035,Baixo,Manter relacionamento ativo e acompanhar evolução.
15695846,0.035,Baixo,Manter relacionamento ativo e acompanhar evolução.
15600739,0.035,Baixo,Manter relacionamento ativo e acompanhar evolução.
15763431,0.035,Baixo,Manter relacionamento ativo e acompanhar evolução.
15805681,0.035,Baixo,Manter relacionamento ativo e acompanhar evolução.
15796114,0.035,Baixo,Manter relacionamento ativo e acompanhar evolução.
15775892,0.035,Baixo,Manter relacionamento ativo e acompanhar evolução.
15794792,0.035,Baixo,Manter relacionamento ativo e acompanhar evolução.
15658548,0.035,Baixo,Manter relacionamento ativo e acompanhar evolução.
15687218,0.035,Baixo,Manter relacionamento ativo e acompanhar evolução.
15569670,0.035,Baixo,Manter relacionamento ativo e acompanhar evolução.
15751120,0.035,Baixo,Manter relacionamento ativo e acompanhar evolução.
15720941,0.035,Baixo,Manter relacionamento ativo e acompanhar evolução.
15769110,0.035,Baixo,Manter relacionamento ativo e acompanhar evolução.
15807457,0.035,Baixo,Manter relacionamento ativo e acompanhar evolução.
15685320,0.035,Baixo,Manter relacionamento ativo e acompanhar evolução.
15744695,0.035,Baixo,Manter relacionamento ativo e acompanhar evolução.
15674156,0.035,Baixo,Manter relacionamento ativo e acompanhar evolução.
15723873,0.035,Baixo,Manter relacionamento ativo e acompanhar evolução.
15780220,0.035,Baixo,Manter relacionamento ativo e acompanhar evolução.
15695174,0.035,Baixo,Manter relacionamento ativo e acompanhar evolução.
15769402,0.035,Baixo,Manter relacionamento ativo e acompanhar evolução.
15725511,0.035,Baixo,Manter relacionamento ativo e acompanhar evolução.
15751710,0.035,Baixo,Manter relacionamento ativo e acompanhar evolução.
15692926,0.035,Baixo,Manter relacionamento ativo e acompanhar evolução.
15717328,0.035,Baixo,Manter relacionamento ativo e acompanhar evolução.
15568449,0.035,Baixo,Manter relacionamento ativo e acompanhar evolução.
15784687,0.035,Baixo,Manter relacionamento ativo e acompanhar evolução.
15720134,0.035,Baixo,Manter relacionamento ativo e acompanhar evolução.
15665943,0.035,Baixo,Manter relacionamento ativo e acompanhar evolução.
15619674,0.035,Baixo,Manter relacionamento ativo e acompanhar evolução.
15782121,0.035,Baixo,Manter relacionamento ativo e acompanhar evolução.
15790322,0.035,Baixo,Manter relacionamento ativo e acompanhar evolução.
15643828,0.035,Baixo,Manter relacionamento ativo e acompanhar evolução.
15763063,0.035,Baixo,Manter relacionamento ativo e acompanhar evolução.
15810891,0.035,Baixo,Manter relacionamento ativo e acompanhar evolução.
15678374,0.035,Baixo,Manter relacionamento ativo e acompanhar evolução.
15667632,0.035,Baixo,Manter relacionamento ativo e acompanhar evolução.
15732268,0.035,Baixo,Manter relacionamento ativo e acompanhar evolução.
15789874,0.035,Baixo,Manter relacionamento ativo e acompanhar evolução.
15784491,0.035,Baixo,Manter relacionamento ativo e acompanhar evolução.
15678173,0.035,Baixo,Manter relacionamento ativo e acompanhar evolução.
15614213,0.035,Baixo,Manter relacionamento ativo e acompanhar evolução.
15744553,0.035,Baixo,Manter relacionamento ativo e acompanhar evolução.
15807768,0.035,Baixo,Manter relacionamento ativo e acompanhar evolução.
15715638,0.035,Baixo,Manter relacionamento ativo e acompanhar evolução.
15695632,0.035,Baixo,Manter relacionamento ativo e acompanhar evolução.
15784597,0.035,Baixo,Manter relacionamento ativo e acompanhar evolução.
15566594,0.035,Baixo,Manter relacionamento ativo e acompanhar evolução.
15742019,0.035,Baixo,Manter relacionamento ativo e acompanhar evolução.
15577970,0.035,Baixo,Manter relacionamento ativo e acompanhar evolução.
15727059,0.035,Baixo,Manter relacionamento ativo e acompanhar evolução.
15657881,0.035,Baixo,Manter relacionamento ativo e acompanhar evolução.
15756894,0.035,Baixo,Manter relacionamento ativo e acompanhar evolução.
15705313,0.035,Baixo,Manter relacionamento ativo e acompanhar evolução.
15592078,0.035,Baixo,Manter relacionamento ativo e acompanhar evolução.
15619616,0.035,Baixo,Manter relacionamento ativo e acompanhar evolução.
15610753,0.035,Baixo,Manter relacionamento ativo e acompanhar evolução.
15631481,0.035,Baixo,Manter relacionamento ativo e acompanhar evolução.
15710687,0.035,Baixo,Manter relacionamento ativo e acompanhar evolução.
15686611,0.035,Baixo,Manter relacionamento ativo e acompanhar evolução.
15603203,0.035,Baixo,Manter relacionamento ativo e acompanhar evolução.
15710421,0.035,Baixo,Manter relacionamento ativo e acompanhar evolução.
15593365,0.035,Baixo,Manter relacionamento ativo e acompanhar evolução.
15792646,0.035,Baixo,Manter relacionamento ativo e acompanhar evolução.
15717138,0.035,Baixo,Manter relacionamento ativo e acompanhar evolução.
15614834,0.035,Baixo,Manter relacionamento ativo e acompanhar evolução.
15683524,0.035,Baixo,Manter relacionamento ativo e acompanhar evolução.
15598097,0.035,Baixo,Manter relacionamento ativo e acompanhar evolução.
15764253,0.035,Baixo,Manter relacionamento ativo e acompanhar evolução.
15800784,0.035,Baixo,Manter relacionamento ativo e acompanhar evolução.
15797736,0.035,Baixo,Manter relacionamento ativo e acompanhar evolução.
15638247,0.035,Baixo,Manter relacionamento ativo e acompanhar evolução.
15674833,0.035,Baixo,Manter relacionamento ativo e acompanhar evolução.
15710825,0.035,Baixo,Manter relacionamento ativo e acompanhar evolução.
15783882,0.035,Baixo,Manter relacionamento ativo e acompanhar evolução.
15799790,0.035,Baixo,Manter relacionamento ativo e acompanhar evolução.
15779973,0.035,Baixo,Manter relacionamento ativo e acompanhar evolução.
15704795,0.035,Baixo,Manter relacionamento ativo e acompanhar evolução.
15787848,0.035,Baixo,Manter relacionamento ativo e acompanhar evolução.
15689492,0.035,Baixo,Manter relacionamento ativo e acompanhar evolução.
15706200,0.035,Baixo,Manter relacionamento ativo e acompanhar evolução.
15598510,0.035,Baixo,Manter relacionamento ativo e acompanhar evolução.
15691874,0.035,Baixo,Manter relacionamento ativo e acompanhar evolução.
15626457,0.035,Baixo,Manter relacionamento ativo e acompanhar evolução.
15661198,0.035,Baixo,Manter relacionamento ativo e acompanhar evolução.
15618243,0.035,Baixo,Manter relacionamento ativo e acompanhar evolução.
15652266,0.035,Baixo,Manter relacionamento ativo e acompanhar evolução.
15708608,0.035,Baixo,Manter relacionamento ativo e acompanhar evolução.
15777743,0.035,Baixo,Manter relacionamento ativo e acompanhar evolução.
15609187,0.035,Baixo,Manter relacionamento ativo e acompanhar evolução.
15705994,0.035,Baixo,Manter relacionamento ativo e acompanhar evolução.
15649508,0.035,Baixo,Manter relacionamento ativo e acompanhar evolução.
15687385,0.035,Baixo,Manter relacionamento ativo e acompanhar evolução.
15761783,0.035,Baixo,Manter relacionamento ativo e acompanhar evolução.
15585106,0.035,Baixo,Manter relacionamento ativo e acompanhar evolução.
15726310,0.035,Baixo,Manter relacionamento ativo e acompanhar evolução.
15764409,0.035,Baixo,Manter relacionamento ativo e acompanhar evolução.
15747927,0.035,Baixo,Manter relacionamento ativo e acompanhar evolução.
15567431,0.035,Baixo,Manter relacionamento ativo e acompanhar evolução.
15662238,0.035,Baixo,Manter relacionamento ativo e acompanhar evolução.
15601172,0.035,Baixo,Manter relacionamento ativo e acompanhar evolução.
15691387,0.035,Baixo,Manter relacionamento ativo e acompanhar evolução.
15716619,0.035,Baixo,Manter relacionamento ativo e acompanhar evolução.
15576304,0.035,Baixo,Manter relacionamento ativo e acompanhar evolução.
15667462,0.035,Baixo,Manter relacionamento ativo e acompanhar evolução.
15780654,0.035,Baixo,Manter relacionamento ativo e acompanhar evolução.
15641122,0.035,Baixo,Manter relacionamento ativo e acompanhar evolução.
15585388,0.035,Baixo,Manter relacionamento ativo e acompanhar evolução.
15794413,0.035,Baixo,Manter relacionamento ativo e acompanhar evolução.
15662085,0.03,Baixo,Manter relacionamento ativo e acompanhar evolução.
15656062,0.03,Baixo,Manter relacionamento ativo e acompanhar evolução.
15703923,0.03,Baixo,Manter relacionamento ativo e acompanhar evolução.
15569892,0.03,Baixo,Manter relacionamento ativo e acompanhar evolução.
15703563,0.03,Baixo,Manter relacionamento ativo e acompanhar evolução.
15644501,0.03,Baixo,Manter relacionamento ativo e acompanhar evolução.
15655952,0.03,Baixo,Manter relacionamento ativo e acompanhar evolução.
15626900,0.03,Baixo,Manter relacionamento ativo e acompanhar evolução.
15762855,0.03,Baixo,Manter relacionamento ativo e acompanhar evolução.
15780498,0.03,Baixo,Manter relacionamento ativo e acompanhar evolução.
15566494,0.03,Baixo,Manter relacionamento ativo e acompanhar evolução.
15694450,0.03,Baixo,Manter relacionamento ativo e acompanhar evolução.
15746802,0.03,Baixo,Manter relacionamento ativo e acompanhar evolução.
15604792,0.03,Baixo,Manter relacionamento ativo e acompanhar evolução.
15655341,0.03,Baixo,Manter relacionamento ativo e acompanhar evolução.
15677871,0.03,Baixo,Manter relacionamento ativo e acompanhar evolução.
15585768,0.03,Baixo,Manter relacionamento ativo e acompanhar evolução.
15665790,0.03,Baixo,Manter relacionamento ativo e acompanhar evolução.
15624703,0.03,Baixo,Manter relacionamento ativo e acompanhar evolução.
15805463,0.03,Baixo,Manter relacionamento ativo e acompanhar evolução.
15684516,0.03,Baixo,Manter relacionamento ativo e acompanhar evolução.
15646784,0.03,Baixo,Manter relacionamento ativo e acompanhar evolução.
15719579,0.03,Baixo,Manter relacionamento ativo e acompanhar evolução.
15773456,0.03,Baixo,Manter relacionamento ativo e acompanhar evolução.
15646161,0.03,Baixo,Manter relacionamento ativo e acompanhar evolução.
15660271,0.03,Baixo,Manter relacionamento ativo e acompanhar evolução.
15613787,0.03,Baixo,Manter relacionamento ativo e acompanhar evolução.
15762172,0.03,Baixo,Manter relacionamento ativo e acompanhar evolução.
15606436,0.03,Baixo,Manter relacionamento ativo e acompanhar evolução.
15809906,0.03,Baixo,Manter relacionamento ativo e acompanhar evolução.
15764491,0.03,Baixo,Manter relacionamento ativo e acompanhar evolução.
15575417,0.03,Baixo,Manter relacionamento ativo e acompanhar evolução.
15684267,0.03,Baixo,Manter relacionamento ativo e acompanhar evolução.
15693381,0.03,Baixo,Manter relacionamento ativo e acompanhar evolução.
15671032,0.03,Baixo,Manter relacionamento ativo e acompanhar evolução.
15696552,0.03,Baixo,Manter relacionamento ativo e acompanhar evolução.
15740383,0.03,Baixo,Manter relacionamento ativo e acompanhar evolução.
15705458,0.03,Baixo,Manter relacionamento ativo e acompanhar evolução.
15570970,0.03,Baixo,Manter relacionamento ativo e acompanhar evolução.
15801125,0.03,Baixo,Manter relacionamento ativo e acompanhar evolução.
15718667,0.03,Baixo,Manter relacionamento ativo e acompanhar evolução.
15690744,0.03,Baixo,Manter relacionamento ativo e acompanhar evolução.
15664734,0.03,Baixo,Manter relacionamento ativo e acompanhar evolução.
15763612,0.03,Baixo,Manter relacionamento ativo e acompanhar evolução.
15691396,0.03,Baixo,Manter relacionamento ativo e acompanhar evolução.
15773751,0.03,Baixo,Manter relacionamento ativo e acompanhar evolução.
15578825,0.03,Baixo,Manter relacionamento ativo e acompanhar evolução.
15628008,0.03,Baixo,Manter relacionamento ativo e acompanhar evolução.
15723706,0.03,Baixo,Manter relacionamento ativo e acompanhar evolução.
15784301,0.03,Baixo,Manter relacionamento ativo e acompanhar evolução.
15709487,0.03,Baixo,Manter relacionamento ativo e acompanhar evolução.
15742172,0.03,Baixo,Manter relacionamento ativo e acompanhar evolução.
15580487,0.03,Baixo,Manter relacionamento ativo e acompanhar evolução.
15622182,0.03,Baixo,Manter relacionamento ativo e acompanhar evolução.
15748360,0.03,Baixo,Manter relacionamento ativo e acompanhar evolução.
15747867,0.03,Baixo,Manter relacionamento ativo e acompanhar evolução.
15706131,0.03,Baixo,Manter relacionamento ativo e acompanhar evolução.
15644446,0.03,Baixo,Manter relacionamento ativo e acompanhar evolução.
15620323,0.03,Baixo,Manter relacionamento ativo e acompanhar evolução.
15614491,0.03,Baixo,Manter relacionamento ativo e acompanhar evolução.
15771857,0.03,Baixo,Manter relacionamento ativo e acompanhar evolução.
15790247,0.03,Baixo,Manter relacionamento ativo e acompanhar evolução.
15734588,0.03,Baixo,Manter relacionamento ativo e acompanhar evolução.
15653620,0.03,Baixo,Manter relacionamento ativo e acompanhar evolução.
15644753,0.03,Baixo,Manter relacionamento ativo e acompanhar evolução.
15692132,0.03,Baixo,Manter relacionamento ativo e acompanhar evolução.
15756975,0.03,Baixo,Manter relacionamento ativo e acompanhar evolução.
15585748,0.03,Baixo,Manter relacionamento ativo e acompanhar evolução.
15710450,0.03,Baixo,Manter relacionamento ativo e acompanhar evolução.
15577700,0.03,Baixo,Manter relacionamento ativo e acompanhar evolução.
15687688,0.03,Baixo,Manter relacionamento ativo e acompanhar evolução.
15813718,0.03,Baixo,Manter relacionamento ativo e acompanhar evolução.
15814033,0.03,Baixo,Manter relacionamento ativo e acompanhar evolução.
15744606,0.03,Baixo,Manter relacionamento ativo e acompanhar evolução.
15692918,0.03,Baixo,Manter relacionamento ativo e acompanhar evolução.
15677435,0.03,Baixo,Manter relacionamento ativo e acompanhar evolução.
15627195,0.03,Baixo,Manter relacionamento ativo e acompanhar evolução.
15567246,0.03,Baixo,Manter relacionamento ativo e acompanhar evolução.
15759717,0.03,Baixo,Manter relacionamento ativo e acompanhar evolução.
15670889,0.03,Baixo,Manter relacionamento ativo e acompanhar evolução.
15569264,0.03,Baixo,Manter relacionamento ativo e acompanhar evolução.
15628999,0.03,Baixo,Manter relacionamento ativo e acompanhar evolução.
15778936,0.03,Baixo,Manter relacionamento ativo e acompanhar evolução.
15608595,0.03,Baixo,Manter relacionamento ativo e acompanhar evolução.
15776231,0.03,Baixo,Manter relacionamento ativo e acompanhar evolução.
15634218,0.03,Baixo,Manter relacionamento ativo e acompanhar evolução.
15591344,0.03,Baixo,Manter relacionamento ativo e acompanhar evolução.
15685019,0.03,Baixo,Manter relacionamento ativo e acompanhar evolução.
15669281,0.03,Baixo,Manter relacionamento ativo e acompanhar evolução.
15787710,0.03,Baixo,Manter relacionamento ativo e acompanhar evolução.
15678067,0.03,Baixo,Manter relacionamento ativo e acompanhar evolução.
15779247,0.03,Baixo,Manter relacionamento ativo e acompanhar evolução.
15638774,0.03,Baixo,Manter relacionamento ativo e acompanhar evolução.
15631721,0.03,Baixo,Manter relacionamento ativo e acompanhar evolução.
15664881,0.03,Baixo,Manter relacionamento ativo e acompanhar evolução.
15571065,0.03,Baixo,Manter relacionamento ativo e acompanhar evolução.
15798605,0.03,Baixo,Manter relacionamento ativo e acompanhar evolução.
15625494,0.03,Baixo,Manter relacionamento ativo e acompanhar evolução.
15670943,0.03,Baixo,Manter relacionamento ativo e acompanhar evolução.
15574296,0.03,Baixo,Manter relacionamento ativo e acompanhar evolução.
15812750,0.03,Baixo,Manter relacionamento ativo e acompanhar evolução.
15642996,0.03,Baixo,Manter relacionamento ativo e acompanhar evolução.
15703482,0.03,Baixo,Manter relacionamento ativo e acompanhar evolução.
15735719,0.03,Baixo,Manter relacionamento ativo e acompanhar evolução.
15705676,0.03,Baixo,Manter relacionamento ativo e acompanhar evolução.
15669994,0.03,Baixo,Manter relacionamento ativo e acompanhar evolução.
15746190,0.03,Baixo,Manter relacionamento ativo e acompanhar evolução.
15758073,0.03,Baixo,Manter relacionamento ativo e acompanhar evolução.
15799925,0.03,Baixo,Manter relacionamento ativo e acompanhar evolução.
15644212,0.03,Baixo,Manter relacionamento ativo e acompanhar evolução.
15723737,0.03,Baixo,Manter relacionamento ativo e acompanhar evolução.
15637977,0.03,Baixo,Manter relacionamento ativo e acompanhar evolução.
15572360,0.03,Baixo,Manter relacionamento ativo e acompanhar evolução.
15622801,0.03,Baixo,Manter relacionamento ativo e acompanhar evolução.
15713594,0.03,Baixo,Manter relacionamento ativo e acompanhar evolução.
15752650,0.03,Baixo,Manter relacionamento ativo e acompanhar evolução.
15812482,0.03,Baixo,Manter relacionamento ativo e acompanhar evolução.
15597109,0.03,Baixo,Manter relacionamento ativo e acompanhar evolução.
15615832,0.03,Baixo,Manter relacionamento ativo e acompanhar evolução.
15672894,0.03,Baixo,Manter relacionamento ativo e acompanhar evolução.
15594812,0.03,Baixo,Manter relacionamento ativo e acompanhar evolução.
15646594,0.03,Baixo,Manter relacionamento ativo e acompanhar evolução.
15640442,0.03,Baixo,Manter relacionamento ativo e acompanhar evolução.
15781987,0.03,Baixo,Manter relacionamento ativo e acompanhar evolução.
15767908,0.03,Baixo,Manter relacionamento ativo e acompanhar evolução.
15614643,0.03,Baixo,Manter relacionamento ativo e acompanhar evolução.
15697095,0.03,Baixo,Manter relacionamento ativo e acompanhar evolução.
15725698,0.03,Baixo,Manter relacionamento ativo e acompanhar evolução.
15648136,0.03,Baixo,Manter relacionamento ativo e acompanhar evolução.
15653455,0.03,Baixo,Manter relacionamento ativo e acompanhar evolução.
15669611,0.03,Baixo,Manter relacionamento ativo e acompanhar evolução.
15677908,0.03,Baixo,Manter relacionamento ativo e acompanhar evolução.
15764294,0.03,Baixo,Manter relacionamento ativo e acompanhar evolução.
15801863,0.03,Baixo,Manter relacionamento ativo e acompanhar evolução.
15709135,0.03,Baixo,Manter relacionamento ativo e acompanhar evolução.
15722578,0.03,Baixo,Manter relacionamento ativo e acompanhar evolução.
15575691,0.03,Baixo,Manter relacionamento ativo e acompanhar evolução.
15756070,0.03,Baixo,Manter relacionamento ativo e acompanhar evolução.
15597131,0.03,Baixo,Manter relacionamento ativo e acompanhar evolução.
15639322,0.03,Baixo,Manter relacionamento ativo e acompanhar evolução.
15808780,0.03,Baixo,Manter relacionamento ativo e acompanhar evolução.
15708505,0.03,Baixo,Manter relacionamento ativo e acompanhar evolução.
15754929,0.03,Baixo,Manter relacionamento ativo e acompanhar evolução.
15677317,0.03,Baixo,Manter relacionamento ativo e acompanhar evolução.
15786469,0.03,Baixo,Manter relacionamento ativo e acompanhar evolução.
15768945,0.03,Baixo,Manter relacionamento ativo e acompanhar evolução.
15700325,0.03,Baixo,Manter relacionamento ativo e acompanhar evolução.
15600688,0.03,Baixo,Manter relacionamento ativo e acompanhar evolução.
15746662,0.03,Baixo,Manter relacionamento ativo e acompanhar evolução.
15630661,0.03,Baixo,Manter relacionamento ativo e acompanhar evolução.
15730441,0.03,Baixo,Manter relacionamento ativo e acompanhar evolução.
15584505,0.03,Baixo,Manter relacionamento ativo e acompanhar evolução.
15736154,0.03,Baixo,Manter relacionamento ativo e acompanhar evolução.
15653404,0.03,Baixo,Manter relacionamento ativo e acompanhar evolução.
15704769,0.03,Baixo,Manter relacionamento ativo e acompanhar evolução.
15667938,0.03,Baixo,Manter relacionamento ativo e acompanhar evolução.
15771154,0.03,Baixo,Manter relacionamento ativo e acompanhar evolução.
15696371,0.03,Baixo,Manter relacionamento ativo e acompanhar evolução.
15617982,0.03,Baixo,Manter relacionamento ativo e acompanhar evolução.
15590683,0.03,Baixo,Manter relacionamento ativo e acompanhar evolução.
15747265,0.03,Baixo,Manter relacionamento ativo e acompanhar evolução.
15589018,0.03,Baixo,Manter relacionamento ativo e acompanhar evolução.
15783463,0.03,Baixo,Manter relacionamento ativo e acompanhar evolução.
15596979,0.03,Baixo,Manter relacionamento ativo e acompanhar evolução.
15732884,0.03,Baixo,Manter relacionamento ativo e acompanhar evolução.
15656096,0.03,Baixo,Manter relacionamento ativo e acompanhar evolução.
15689031,0.03,Baixo,Manter relacionamento ativo e acompanhar evolução.
15754919,0.03,Baixo,Manter relacionamento ativo e acompanhar evolução.
15773934,0.03,Baixo,Manter relacionamento ativo e acompanhar evolução.
15701885,0.03,Baixo,Manter relacionamento ativo e acompanhar evolução.
15732778,0.03,Baixo,Manter relacionamento ativo e acompanhar evolução.
15716023,0.03,Baixo,Manter relacionamento ativo e acompanhar evolução.
15799710,0.03,Baixo,Manter relacionamento ativo e acompanhar evolução.
15594864,0.03,Baixo,Manter relacionamento ativo e acompanhar evolução.
15659175,0.03,Baixo,Manter relacionamento ativo e acompanhar evolução.
15604551,0.03,Baixo,Manter relacionamento ativo e acompanhar evolução.
15648858,0.03,Baixo,Manter relacionamento ativo e acompanhar evolução.
15814519,0.03,Baixo,Manter relacionamento ativo e acompanhar evolução.
15578238,0.03,Baixo,Manter relacionamento ativo e acompanhar evolução.
15702715,0.03,Baixo,Manter relacionamento ativo e acompanhar evolução.
15780128,0.03,Baixo,Manter relacionamento ativo e acompanhar evolução.
15811389,0.03,Baixo,Manter relacionamento ativo e acompanhar evolução.
15605215,0.03,Baixo,Manter relacionamento ativo e acompanhar evolução.
15711572,0.03,Baixo,Manter relacionamento ativo e acompanhar evolução.
15692235,0.03,Baixo,Manter relacionamento ativo e acompanhar evolução.
15617866,0.03,Baixo,Manter relacionamento ativo e acompanhar evolução.
15590228,0.03,Baixo,Manter relacionamento ativo e acompanhar evolução.
15594651,0.03,Baixo,Manter relacionamento ativo e acompanhar evolução.
15648898,0.03,Baixo,Manter relacionamento ativo e acompanhar evolução.
15675888,0.03,Baixo,Manter relacionamento ativo e acompanhar evolução.
15706810,0.03,Baixo,Manter relacionamento ativo e acompanhar evolução.
15575883,0.03,Baixo,Manter relacionamento ativo e acompanhar evolução.
15606755,0.03,Baixo,Manter relacionamento ativo e acompanhar evolução.
15632793,0.03,Baixo,Manter relacionamento ativo e acompanhar evolução.
15801296,0.03,Baixo,Manter relacionamento ativo e acompanhar evolução.
15763107,0.03,Baixo,Manter relacionamento ativo e acompanhar evolução.
15681115,0.03,Baixo,Manter relacionamento ativo e acompanhar evolução.
15776629,0.03,Baixo,Manter relacionamento ativo e acompanhar evolução.
15805676,0.03,Baixo,Manter relacionamento ativo e acompanhar evolução.
15634491,0.03,Baixo,Manter relacionamento ativo e acompanhar evolução.
15812470,0.03,Baixo,Manter relacionamento ativo e acompanhar evolução.
15726058,0.03,Baixo,Manter relacionamento ativo e acompanhar evolução.
15699029,0.03,Baixo,Manter relacionamento ativo e acompanhar evolução.
15794236,0.03,Baixo,Manter relacionamento ativo e acompanhar evolução.
15681554,0.03,Baixo,Manter relacionamento ativo e acompanhar evolução.
15565806,0.03,Baixo,Manter relacionamento ativo e acompanhar evolução.
15759034,0.03,Baixo,Manter relacionamento ativo e acompanhar evolução.
15660403,0.03,Baixo,Manter relacionamento ativo e acompanhar evolução.
15703437,0.03,Baixo,Manter relacionamento ativo e acompanhar evolução.
15712409,0.03,Baixo,Manter relacionamento ativo e acompanhar evolução.
15806918,0.03,Baixo,Manter relacionamento ativo e acompanhar evolução.
15739292,0.03,Baixo,Manter relacionamento ativo e acompanhar evolução.
15769254,0.03,Baixo,Manter relacionamento ativo e acompanhar evolução.
15747174,0.03,Baixo,Manter relacionamento ativo e acompanhar evolução.
15634792,0.03,Baixo,Manter relacionamento ativo e acompanhar evolução.
15650266,0.03,Baixo,Manter relacionamento ativo e acompanhar evolução.
15799785,0.03,Baixo,Manter relacionamento ativo e acompanhar evolução.
15725429,0.03,Baixo,Manter relacionamento ativo e acompanhar evolução.
15765258,0.03,Baixo,Manter relacionamento ativo e acompanhar evolução.
15659094,0.03,Baixo,Manter relacionamento ativo e acompanhar evolução.
15762048,0.03,Baixo,Manter relacionamento ativo e acompanhar evolução.
15684147,0.03,Baixo,Manter relacionamento ativo e acompanhar evolução.
15731669,0.03,Baixo,Manter relacionamento ativo e acompanhar evolução.
15775888,0.03,Baixo,Manter relacionamento ativo e acompanhar evolução.
15797733,0.03,Baixo,Manter relacionamento ativo e acompanhar evolução.
15728352,0.03,Baixo,Manter relacionamento ativo e acompanhar evolução.
15645269,0.03,Baixo,Manter relacionamento ativo e acompanhar evolução.
15604818,0.03,Baixo,Manter relacionamento ativo e acompanhar evolução.
15769516,0.03,Baixo,Manter relacionamento ativo e acompanhar evolução.
15791172,0.03,Baixo,Manter relacionamento ativo e acompanhar evolução.
15799217,0.03,Baixo,Manter relacionamento ativo e acompanhar evolução.
15752626,0.03,Baixo,Manter relacionamento ativo e acompanhar evolução.
15630195,0.03,Baixo,Manter relacionamento ativo e acompanhar evolução.
15750776,0.03,Baixo,Manter relacionamento ativo e acompanhar evolução.
15585241,0.03,Baixo,Manter relacionamento ativo e acompanhar evolução.
15762392,0.03,Baixo,Manter relacionamento ativo e acompanhar evolução.
15624892,0.03,Baixo,Manter relacionamento ativo e acompanhar evolução.
15694852,0.03,Baixo,Manter relacionamento ativo e acompanhar evolução.
15744614,0.03,Baixo,Manter relacionamento ativo e acompanhar evolução.
15569209,0.03,Baixo,Manter relacionamento ativo e acompanhar evolução.
15793366,0.03,Baixo,Manter relacionamento ativo e acompanhar evolução.
15800228,0.03,Baixo,Manter relacionamento ativo e acompanhar evolução.
15585928,0.03,Baixo,Manter relacionamento ativo e acompanhar evolução.
15701109,0.03,Baixo,Manter relacionamento ativo e acompanhar evolução.
15751771,0.03,Baixo,Manter relacionamento ativo e acompanhar evolução.
15590011,0.03,Baixo,Manter relacionamento ativo e acompanhar evolução.
15578747,0.03,Baixo,Manter relacionamento ativo e acompanhar evolução.
15792729,0.03,Baixo,Manter relacionamento ativo e acompanhar evolução.
15680855,0.03,Baixo,Manter relacionamento ativo e acompanhar evolução.
15727696,0.03,Baixo,Manter relacionamento ativo e acompanhar evolução.
15798850,0.03,Baixo,Manter relacionamento ativo e acompanhar evolução.
15654574,0.03,Baixo,Manter relacionamento ativo e acompanhar evolução.
15718071,0.03,Baixo,Manter relacionamento ativo e acompanhar evolução.
15700046,0.03,Baixo,Manter relacionamento ativo e acompanhar evolução.
15760662,0.03,Baixo,Manter relacionamento ativo e acompanhar evolução.
15567339,0.03,Baixo,Manter relacionamento ativo e acompanhar evolução.
15723216,0.03,Baixo,Manter relacionamento ativo e acompanhar evolução.
15703167,0.03,Baixo,Manter relacionamento ativo e acompanhar evolução.
15781409,0.03,Baixo,Manter relacionamento ativo e acompanhar evolução.
15585839,0.03,Baixo,Manter relacionamento ativo e acompanhar evolução.
15595010,0.03,Baixo,Manter relacionamento ativo e acompanhar evolução.
15666166,0.03,Baixo,Manter relacionamento ativo e acompanhar evolução.
15777211,0.03,Baixo,Manter relacionamento ativo e acompanhar evolução.
15785519,0.03,Baixo,Manter relacionamento ativo e acompanhar evolução.
15621644,0.03,Baixo,Manter relacionamento ativo e acompanhar evolução.
15587712,0.03,Baixo,Manter relacionamento ativo e acompanhar evolução.
15730735,0.03,Baixo,Manter relacionamento ativo e acompanhar evolução.
15572356,0.03,Baixo,Manter relacionamento ativo e acompanhar evolução.
15647890,0.03,Baixo,Manter relacionamento ativo e acompanhar evolução.
15706729,0.03,Baixo,Manter relacionamento ativo e acompanhar evolução.
15581332,0.03,Baixo,Manter relacionamento ativo e acompanhar evolução.
15660679,0.03,Baixo,Manter relacionamento ativo e acompanhar evolução.
15732672,0.03,Baixo,Manter relacionamento ativo e acompanhar evolução.
15737705,0.03,Baixo,Manter relacionamento ativo e acompanhar evolução.
15790599,0.03,Baixo,Manter relacionamento ativo e acompanhar evolução.
15569526,0.03,Baixo,Manter relacionamento ativo e acompanhar evolução.
15700714,0.03,Baixo,Manter relacionamento ativo e acompanhar evolução.
15626114,0.03,Baixo,Manter relacionamento ativo e acompanhar evolução.
15724099,0.03,Baixo,Manter relacionamento ativo e acompanhar evolução.
15656286,0.03,Baixo,Manter relacionamento ativo e acompanhar evolução.
15678910,0.03,Baixo,Manter relacionamento ativo e acompanhar evolução.
15663883,0.03,Baixo,Manter relacionamento ativo e acompanhar evolução.
15781326,0.03,Baixo,Manter relacionamento ativo e acompanhar evolução.
15780144,0.03,Baixo,Manter relacionamento ativo e acompanhar evolução.
15617603,0.03,Baixo,Manter relacionamento ativo e acompanhar evolução.
15812191,0.03,Baixo,Manter relacionamento ativo e acompanhar evolução.
15649430,0.03,Baixo,Manter relacionamento ativo e acompanhar evolução.
15735330,0.03,Baixo,Manter relacionamento ativo e acompanhar evolução.
15773776,0.03,Baixo,Manter relacionamento ativo e acompanhar evolução.
15799156,0.03,Baixo,Manter relacionamento ativo e acompanhar evolução.
15602497,0.03,Baixo,Manter relacionamento ativo e acompanhar evolução.
15583076,0.03,Baixo,Manter relacionamento ativo e acompanhar evolução.
15628303,0.03,Baixo,Manter relacionamento ativo e acompanhar evolução.
15724150,0.03,Baixo,Manter relacionamento ativo e acompanhar evolução.
15707634,0.03,Baixo,Manter relacionamento ativo e acompanhar evolução.
15782159,0.03,Baixo,Manter relacionamento ativo e acompanhar evolução.
15810711,0.03,Baixo,Manter relacionamento ativo e acompanhar evolução.
15760568,0.03,Baixo,Manter relacionamento ativo e acompanhar evolução.
15677141,0.03,Baixo,Manter relacionamento ativo e acompanhar evolução.
15669293,0.03,Baixo,Manter relacionamento ativo e acompanhar evolução.
15674880,0.03,Baixo,Manter relacionamento ativo e acompanhar evolução.
15579166,0.03,Baixo,Manter relacionamento ativo e acompanhar evolução.
15670552,0.03,Baixo,Manter relacionamento ativo e acompanhar evolução.
15681446,0.03,Baixo,Manter relacionamento ativo e acompanhar evolução.
15596021,0.03,Baixo,Manter relacionamento ativo e acompanhar evolução.
15663770,0.03,Baixo,Manter relacionamento ativo e acompanhar evolução.
15725660,0.03,Baixo,Manter relacionamento ativo e acompanhar evolução.
15671148,0.03,Baixo,Manter relacionamento ativo e acompanhar evolução.
15736399,0.03,Baixo,Manter relacionamento ativo e acompanhar evolução.
15704770,0.03,Baixo,Manter relacionamento ativo e acompanhar evolução.
15609319,0.03,Baixo,Manter relacionamento ativo e acompanhar evolução.
15626135,0.03,Baixo,Manter relacionamento ativo e acompanhar evolução.
15603319,0.03,Baixo,Manter relacionamento ativo e acompanhar evolução.
15644296,0.03,Baixo,Manter relacionamento ativo e acompanhar evolução.
15692744,0.03,Baixo,Manter relacionamento ativo e acompanhar evolução.
15572801,0.03,Baixo,Manter relacionamento ativo e acompanhar evolução.
15764841,0.03,Baixo,Manter relacionamento ativo e acompanhar evolução.
15669175,0.03,Baixo,Manter relacionamento ativo e acompanhar evolução.
15665460,0.03,Baixo,Manter relacionamento ativo e acompanhar evolução.
15576000,0.03,Baixo,Manter relacionamento ativo e acompanhar evolução.
15715715,0.03,Baixo,Manter relacionamento ativo e acompanhar evolução.
15583748,0.03,Baixo,Manter relacionamento ativo e acompanhar evolução.
15613014,0.03,Baixo,Manter relacionamento ativo e acompanhar evolução.
15735782,0.03,Baixo,Manter relacionamento ativo e acompanhar evolução.
15600583,0.03,Baixo,Manter relacionamento ativo e acompanhar evolução.
15669922,0.03,Baixo,Manter relacionamento ativo e acompanhar evolução.
15586996,0.03,Baixo,Manter relacionamento ativo e acompanhar evolução.
15754578,0.03,Baixo,Manter relacionamento ativo e acompanhar evolução.
15664720,0.03,Baixo,Manter relacionamento ativo e acompanhar evolução.
15681174,0.03,Baixo,Manter relacionamento ativo e acompanhar evolução.
15681697,0.03,Baixo,Manter relacionamento ativo e acompanhar evolução.
15638788,0.03,Baixo,Manter relacionamento ativo e acompanhar evolução.
15780359,0.03,Baixo,Manter relacionamento ativo e acompanhar evolução.
15746258,0.03,Baixo,Manter relacionamento ativo e acompanhar evolução.
15745080,0.03,Baixo,Manter relacionamento ativo e acompanhar evolução.
15581479,0.03,Baixo,Manter relacionamento ativo e acompanhar evolução.
15689751,0.03,Baixo,Manter relacionamento ativo e acompanhar evolução.
15780870,0.03,Baixo,Manter relacionamento ativo e acompanhar evolução.
15669282,0.03,Baixo,Manter relacionamento ativo e acompanhar evolução.
15569178,0.03,Baixo,Manter relacionamento ativo e acompanhar evolução.
15657085,0.03,Baixo,Manter relacionamento ativo e acompanhar evolução.
15762216,0.03,Baixo,Manter relacionamento ativo e acompanhar evolução.
15798943,0.03,Baixo,Manter relacionamento ativo e acompanhar evolução.
15800890,0.03,Baixo,Manter relacionamento ativo e acompanhar evolução.
15590078,0.03,Baixo,Manter relacionamento ativo e acompanhar evolução.
15614187,0.03,Baixo,Manter relacionamento ativo e acompanhar evolução.
15575002,0.03,Baixo,Manter relacionamento ativo e acompanhar evolução.
15804235,0.03,Baixo,Manter relacionamento ativo e acompanhar evolução.
15592116,0.03,Baixo,Manter relacionamento ativo e acompanhar evolução.
15575185,0.03,Baixo,Manter relacionamento ativo e acompanhar evolução.
15579969,0.03,Baixo,Manter relacionamento ativo e acompanhar evolução.
15622370,0.03,Baixo,Manter relacionamento ativo e acompanhar evolução.
15775153,0.03,Baixo,Manter relacionamento ativo e acompanhar evolução.
15672299,0.03,Baixo,Manter relacionamento ativo e acompanhar evolução.
15803790,0.03,Baixo,Manter relacionamento ativo e acompanhar evolução.
15592854,0.03,Baixo,Manter relacionamento ativo e acompanhar evolução.
15778025,0.03,Baixo,Manter relacionamento ativo e acompanhar evolução.
15575498,0.03,Baixo,Manter relacionamento ativo e acompanhar evolução.
15686219,0.03,Baixo,Manter relacionamento ativo e acompanhar evolução.
15759915,0.03,Baixo,Manter relacionamento ativo e acompanhar evolução.
15721730,0.03,Baixo,Manter relacionamento ativo e acompanhar evolução.
15625623,0.03,Baixo,Manter relacionamento ativo e acompanhar evolução.
15782475,0.03,Baixo,Manter relacionamento ativo e acompanhar evolução.
15659495,0.025,Baixo,Manter relacionamento ativo e acompanhar evolução.
15567802,0.025,Baixo,Manter relacionamento ativo e acompanhar evolução.
15805254,0.025,Baixo,Manter relacionamento ativo e acompanhar evolução.
15623053,0.025,Baixo,Manter relacionamento ativo e acompanhar evolução.
15665811,0.025,Baixo,Manter relacionamento ativo e acompanhar evolução.
15750755,0.025,Baixo,Manter relacionamento ativo e acompanhar evolução.
15804950,0.025,Baixo,Manter relacionamento ativo e acompanhar evolução.
15731781,0.025,Baixo,Manter relacionamento ativo e acompanhar evolução.
15686696,0.025,Baixo,Manter relacionamento ativo e acompanhar evolução.
15602312,0.025,Baixo,Manter relacionamento ativo e acompanhar evolução.
15665783,0.025,Baixo,Manter relacionamento ativo e acompanhar evolução.
15574004,0.025,Baixo,Manter relacionamento ativo e acompanhar evolução.
15763922,0.025,Baixo,Manter relacionamento ativo e acompanhar evolução.
15670354,0.025,Baixo,Manter relacionamento ativo e acompanhar evolução.
15738835,0.025,Baixo,Manter relacionamento ativo e acompanhar evolução.
15603925,0.025,Baixo,Manter relacionamento ativo e acompanhar evolução.
15645600,0.025,Baixo,Manter relacionamento ativo e acompanhar evolução.
15737354,0.025,Baixo,Manter relacionamento ativo e acompanhar evolução.
15667002,0.025,Baixo,Manter relacionamento ativo e acompanhar evolução.
15611947,0.025,Baixo,Manter relacionamento ativo e acompanhar evolução.
15749727,0.025,Baixo,Manter relacionamento ativo e acompanhar evolução.
15775709,0.025,Baixo,Manter relacionamento ativo e acompanhar evolução.
15608956,0.025,Baixo,Manter relacionamento ativo e acompanhar evolução.
15676645,0.025,Baixo,Manter relacionamento ativo e acompanhar evolução.
15566958,0.025,Baixo,Manter relacionamento ativo e acompanhar evolução.
15740476,0.025,Baixo,Manter relacionamento ativo e acompanhar evolução.
15667620,0.025,Baixo,Manter relacionamento ativo e acompanhar evolução.
15662483,0.025,Baixo,Manter relacionamento ativo e acompanhar evolução.
15594862,0.025,Baixo,Manter relacionamento ativo e acompanhar evolução.
15570194,0.025,Baixo,Manter relacionamento ativo e acompanhar evolução.
15800326,0.025,Baixo,Manter relacionamento ativo e acompanhar evolução.
15776631,0.025,Baixo,Manter relacionamento ativo e acompanhar evolução.
15796218,0.025,Baixo,Manter relacionamento ativo e acompanhar evolução.
15776985,0.025,Baixo,Manter relacionamento ativo e acompanhar evolução.
15605293,0.025,Baixo,Manter relacionamento ativo e acompanhar evolução.
15649668,0.025,Baixo,Manter relacionamento ativo e acompanhar evolução.
15632010,0.025,Baixo,Manter relacionamento ativo e acompanhar evolução.
15800515,0.025,Baixo,Manter relacionamento ativo e acompanhar evolução.
15734161,0.025,Baixo,Manter relacionamento ativo e acompanhar evolução.
15633897,0.025,Baixo,Manter relacionamento ativo e acompanhar evolução.
15659557,0.025,Baixo,Manter relacionamento ativo e acompanhar evolução.
15770424,0.025,Baixo,Manter relacionamento ativo e acompanhar evolução.
15667944,0.025,Baixo,Manter relacionamento ativo e acompanhar evolução.
15668958,0.025,Baixo,Manter relacionamento ativo e acompanhar evolução.
15695475,0.025,Baixo,Manter relacionamento ativo e acompanhar evolução.
15754649,0.025,Baixo,Manter relacionamento ativo e acompanhar evolução.
15633950,0.025,Baixo,Manter relacionamento ativo e acompanhar evolução.
15667871,0.025,Baixo,Manter relacionamento ativo e acompanhar evolução.
15765266,0.025,Baixo,Manter relacionamento ativo e acompanhar evolução.
15633834,0.025,Baixo,Manter relacionamento ativo e acompanhar evolução.
15590888,0.025,Baixo,Manter relacionamento ativo e acompanhar evolução.
15774872,0.025,Baixo,Manter relacionamento ativo e acompanhar evolução.
15717700,0.025,Baixo,Manter relacionamento ativo e acompanhar evolução.
15754599,0.025,Baixo,Manter relacionamento ativo e acompanhar evolução.
15807432,0.025,Baixo,Manter relacionamento ativo e acompanhar evolução.
15620505,0.025,Baixo,Manter relacionamento ativo e acompanhar evolução.
15679991,0.025,Baixo,Manter relacionamento ativo e acompanhar evolução.
15646563,0.025,Baixo,Manter relacionamento ativo e acompanhar evolução.
15699598,0.025,Baixo,Manter relacionamento ativo e acompanhar evolução.
15672437,0.025,Baixo,Manter relacionamento ativo e acompanhar evolução.
15746422,0.025,Baixo,Manter relacionamento ativo e acompanhar evolução.
15748649,0.025,Baixo,Manter relacionamento ativo e acompanhar evolução.
15690958,0.025,Baixo,Manter relacionamento ativo e acompanhar evolução.
15623566,0.025,Baixo,Manter relacionamento ativo e acompanhar evolução.
15748231,0.025,Baixo,Manter relacionamento ativo e acompanhar evolução.
15740470,0.025,Baixo,Manter relacionamento ativo e acompanhar evolução.
15738936,0.025,Baixo,Manter relacionamento ativo e acompanhar evolução.
15713160,0.025,Baixo,Manter relacionamento ativo e acompanhar evolução.
15637774,0.025,Baixo,Manter relacionamento ativo e acompanhar evolução.
15607634,0.025,Baixo,Manter relacionamento ativo e acompanhar evolução.
15587978,0.025,Baixo,Manter relacionamento ativo e acompanhar evolução.
15703143,0.025,Baixo,Manter relacionamento ativo e acompanhar evolução.
15722758,0.025,Baixo,Manter relacionamento ativo e acompanhar evolução.
15601848,0.025,Baixo,Manter relacionamento ativo e acompanhar evolução.
15803976,0.025,Baixo,Manter relacionamento ativo e acompanhar evolução.
15585867,0.025,Baixo,Manter relacionamento ativo e acompanhar evolução.
15803337,0.025,Baixo,Manter relacionamento ativo e acompanhar evolução.
15740043,0.025,Baixo,Manter relacionamento ativo e acompanhar evolução.
15815534,0.025,Baixo,Manter relacionamento ativo e acompanhar evolução.
15652674,0.025,Baixo,Manter relacionamento ativo e acompanhar evolução.
15646936,0.025,Baixo,Manter relacionamento ativo e acompanhar evolução.
15809800,0.025,Baixo,Manter relacionamento ativo e acompanhar evolução.
15765093,0.025,Baixo,Manter relacionamento ativo e acompanhar evolução.
15630113,0.025,Baixo,Manter relacionamento ativo e acompanhar evolução.
15622017,0.025,Baixo,Manter relacionamento ativo e acompanhar evolução.
15781034,0.025,Baixo,Manter relacionamento ativo e acompanhar evolução.
15723053,0.025,Baixo,Manter relacionamento ativo e acompanhar evolução.
15590676,0.025,Baixo,Manter relacionamento ativo e acompanhar evolução.
15584967,0.025,Baixo,Manter relacionamento ativo e acompanhar evolução.
15712121,0.025,Baixo,Manter relacionamento ativo e acompanhar evolução.
15765532,0.025,Baixo,Manter relacionamento ativo e acompanhar evolução.
15668032,0.025,Baixo,Manter relacionamento ativo e acompanhar evolução.
15759133,0.025,Baixo,Manter relacionamento ativo e acompanhar evolução.
15635893,0.025,Baixo,Manter relacionamento ativo e acompanhar evolução.
15629744,0.025,Baixo,Manter relacionamento ativo e acompanhar evolução.
15670822,0.025,Baixo,Manter relacionamento ativo e acompanhar evolução.
15658589,0.025,Baixo,Manter relacionamento ativo e acompanhar evolução.
15699047,0.025,Baixo,Manter relacionamento ativo e acompanhar evolução.
15607485,0.025,Baixo,Manter relacionamento ativo e acompanhar evolução.
15764405,0.025,Baixo,Manter relacionamento ativo e acompanhar evolução.
15778089,0.025,Baixo,Manter relacionamento ativo e acompanhar evolução.
15746410,0.025,Baixo,Manter relacionamento ativo e acompanhar evolução.
15643903,0.025,Baixo,Manter relacionamento ativo e acompanhar evolução.
15804009,0.025,Baixo,Manter relacionamento ativo e acompanhar evolução.
15619340,0.025,Baixo,Manter relacionamento ativo e acompanhar evolução.
15679813,0.025,Baixo,Manter relacionamento ativo e acompanhar evolução.
15811613,0.025,Baixo,Manter relacionamento ativo e acompanhar evolução.
15617991,0.025,Baixo,Manter relacionamento ativo e acompanhar evolução.
15698816,0.025,Baixo,Manter relacionamento ativo e acompanhar evolução.
15582847,0.025,Baixo,Manter relacionamento ativo e acompanhar evolução.
15801414,0.025,Baixo,Manter relacionamento ativo e acompanhar evolução.
15711352,0.025,Baixo,Manter relacionamento ativo e acompanhar evolução.
15639549,0.025,Baixo,Manter relacionamento ativo e acompanhar evolução.
15677785,0.025,Baixo,Manter relacionamento ativo e acompanhar evolução.
15710161,0.025,Baixo,Manter relacionamento ativo e acompanhar evolução.
15670103,0.025,Baixo,Manter relacionamento ativo e acompanhar evolução.
15751943,0.025,Baixo,Manter relacionamento ativo e acompanhar evolução.
15708048,0.025,Baixo,Manter relacionamento ativo e acompanhar evolução.
15732610,0.025,Baixo,Manter relacionamento ativo e acompanhar evolução.
15593959,0.025,Baixo,Manter relacionamento ativo e acompanhar evolução.
15648320,0.025,Baixo,Manter relacionamento ativo e acompanhar evolução.
15616380,0.025,Baixo,Manter relacionamento ativo e acompanhar evolução.
15696120,0.025,Baixo,Manter relacionamento ativo e acompanhar evolução.
15617434,0.025,Baixo,Manter relacionamento ativo e acompanhar evolução.
15801293,0.025,Baixo,Manter relacionamento ativo e acompanhar evolução.
15807546,0.025,Baixo,Manter relacionamento ativo e acompanhar evolução.
15613945,0.025,Baixo,Manter relacionamento ativo e acompanhar evolução.
15598894,0.025,Baixo,Manter relacionamento ativo e acompanhar evolução.
15728480,0.025,Baixo,Manter relacionamento ativo e acompanhar evolução.
15618750,0.025,Baixo,Manter relacionamento ativo e acompanhar evolução.
15667289,0.025,Baixo,Manter relacionamento ativo e acompanhar evolução.
15630857,0.025,Baixo,Manter relacionamento ativo e acompanhar evolução.
15788118,0.025,Baixo,Manter relacionamento ativo e acompanhar evolução.
15642912,0.025,Baixo,Manter relacionamento ativo e acompanhar evolução.
15592979,0.025,Baixo,Manter relacionamento ativo e acompanhar evolução.
15725002,0.025,Baixo,Manter relacionamento ativo e acompanhar evolução.
15599535,0.025,Baixo,Manter relacionamento ativo e acompanhar evolução.
15705506,0.025,Baixo,Manter relacionamento ativo e acompanhar evolução.
15712483,0.025,Baixo,Manter relacionamento ativo e acompanhar evolução.
15657566,0.025,Baixo,Manter relacionamento ativo e acompanhar evolução.
15652320,0.025,Baixo,Manter relacionamento ativo e acompanhar evolução.
15711733,0.025,Baixo,Manter relacionamento ativo e acompanhar evolução.
15573893,0.025,Baixo,Manter relacionamento ativo e acompanhar evolução.
15770498,0.025,Baixo,Manter relacionamento ativo e acompanhar evolução.
15635972,0.025,Baixo,Manter relacionamento ativo e acompanhar evolução.
15686436,0.025,Baixo,Manter relacionamento ativo e acompanhar evolução.
15578251,0.025,Baixo,Manter relacionamento ativo e acompanhar evolução.
15793726,0.025,Baixo,Manter relacionamento ativo e acompanhar evolução.
15573152,0.025,Baixo,Manter relacionamento ativo e acompanhar evolução.
15624623,0.025,Baixo,Manter relacionamento ativo e acompanhar evolução.
15798749,0.025,Baixo,Manter relacionamento ativo e acompanhar evolução.
15694321,0.025,Baixo,Manter relacionamento ativo e acompanhar evolução.
15660147,0.025,Baixo,Manter relacionamento ativo e acompanhar evolução.
15596165,0.025,Baixo,Manter relacionamento ativo e acompanhar evolução.
15716155,0.025,Baixo,Manter relacionamento ativo e acompanhar evolução.
15672145,0.025,Baixo,Manter relacionamento ativo e acompanhar evolução.
15721019,0.025,Baixo,Manter relacionamento ativo e acompanhar evolução.
15793842,0.025,Baixo,Manter relacionamento ativo e acompanhar evolução.
15586821,0.025,Baixo,Manter relacionamento ativo e acompanhar evolução.
15798709,0.025,Baixo,Manter relacionamento ativo e acompanhar evolução.
15814267,0.025,Baixo,Manter relacionamento ativo e acompanhar evolução.
15635244,0.025,Baixo,Manter relacionamento ativo e acompanhar evolução.
15668009,0.025,Baixo,Manter relacionamento ativo e acompanhar evolução.
15588918,0.025,Baixo,Manter relacionamento ativo e acompanhar evolução.
15608968,0.025,Baixo,Manter relacionamento ativo e acompanhar evolução.
15777599,0.025,Baixo,Manter relacionamento ativo e acompanhar evolução.
15773731,0.025,Baixo,Manter relacionamento ativo e acompanhar evolução.
15615473,0.025,Baixo,Manter relacionamento ativo e acompanhar evolução.
15640464,0.025,Baixo,Manter relacionamento ativo e acompanhar evolução.
15570769,0.025,Baixo,Manter relacionamento ativo e acompanhar evolução.
15729054,0.025,Baixo,Manter relacionamento ativo e acompanhar evolução.
15689692,0.025,Baixo,Manter relacionamento ativo e acompanhar evolução.
15674583,0.025,Baixo,Manter relacionamento ativo e acompanhar evolução.
15721462,0.025,Baixo,Manter relacionamento ativo e acompanhar evolução.
15642709,0.025,Baixo,Manter relacionamento ativo e acompanhar evolução.
15741295,0.025,Baixo,Manter relacionamento ativo e acompanhar evolução.
15664150,0.025,Baixo,Manter relacionamento ativo e acompanhar evolução.
15748986,0.025,Baixo,Manter relacionamento ativo e acompanhar evolução.
15792489,0.025,Baixo,Manter relacionamento ativo e acompanhar evolução.
15674620,0.025,Baixo,Manter relacionamento ativo e acompanhar evolução.
15804602,0.025,Baixo,Manter relacionamento ativo e acompanhar evolução.
15807555,0.025,Baixo,Manter relacionamento ativo e acompanhar evolução.
15573284,0.025,Baixo,Manter relacionamento ativo e acompanhar evolução.
15717156,0.025,Baixo,Manter relacionamento ativo e acompanhar evolução.
15612771,0.025,Baixo,Manter relacionamento ativo e acompanhar evolução.
15760749,0.025,Baixo,Manter relacionamento ativo e acompanhar evolução.
15660688,0.025,Baixo,Manter relacionamento ativo e acompanhar evolução.
15606267,0.025,Baixo,Manter relacionamento ativo e acompanhar evolução.
15589221,0.025,Baixo,Manter relacionamento ativo e acompanhar evolução.
15719779,0.025,Baixo,Manter relacionamento ativo e acompanhar evolução.
15672357,0.025,Baixo,Manter relacionamento ativo e acompanhar evolução.
15616172,0.025,Baixo,Manter relacionamento ativo e acompanhar evolução.
15728608,0.025,Baixo,Manter relacionamento ativo e acompanhar evolução.
15665590,0.025,Baixo,Manter relacionamento ativo e acompanhar evolução.
15660535,0.025,Baixo,Manter relacionamento ativo e acompanhar evolução.
15802809,0.025,Baixo,Manter relacionamento ativo e acompanhar evolução.
15600174,0.025,Baixo,Manter relacionamento ativo e acompanhar evolução.
15726032,0.025,Baixo,Manter relacionamento ativo e acompanhar evolução.
15653715,0.025,Baixo,Manter relacionamento ativo e acompanhar evolução.
15655859,0.025,Baixo,Manter relacionamento ativo e acompanhar evolução.
15716449,0.025,Baixo,Manter relacionamento ativo e acompanhar evolução.
15707559,0.025,Baixo,Manter relacionamento ativo e acompanhar evolução.
15629002,0.025,Baixo,Manter relacionamento ativo e acompanhar evolução.
15646539,0.025,Baixo,Manter relacionamento ativo e acompanhar evolução.
15811127,0.025,Baixo,Manter relacionamento ativo e acompanhar evolução.
15693906,0.025,Baixo,Manter relacionamento ativo e acompanhar evolução.
15571940,0.025,Baixo,Manter relacionamento ativo e acompanhar evolução.
15744273,0.025,Baixo,Manter relacionamento ativo e acompanhar evolução.
15743582,0.025,Baixo,Manter relacionamento ativo e acompanhar evolução.
15778290,0.025,Baixo,Manter relacionamento ativo e acompanhar evolução.
15565996,0.025,Baixo,Manter relacionamento ativo e acompanhar evolução.
15794187,0.025,Baixo,Manter relacionamento ativo e acompanhar evolução.
15695872,0.025,Baixo,Manter relacionamento ativo e acompanhar evolução.
15720671,0.025,Baixo,Manter relacionamento ativo e acompanhar evolução.
15641585,0.025,Baixo,Manter relacionamento ativo e acompanhar evolução.
15628308,0.025,Baixo,Manter relacionamento ativo e acompanhar evolução.
15617934,0.025,Baixo,Manter relacionamento ativo e acompanhar evolução.
15774155,0.025,Baixo,Manter relacionamento ativo e acompanhar evolução.
15704144,0.025,Baixo,Manter relacionamento ativo e acompanhar evolução.
15794870,0.025,Baixo,Manter relacionamento ativo e acompanhar evolução.
15752816,0.025,Baixo,Manter relacionamento ativo e acompanhar evolução.
15592994,0.025,Baixo,Manter relacionamento ativo e acompanhar evolução.
15713983,0.025,Baixo,Manter relacionamento ativo e acompanhar evolução.
15649379,0.025,Baixo,Manter relacionamento ativo e acompanhar evolução.
15627699,0.025,Baixo,Manter relacionamento ativo e acompanhar evolução.
15657779,0.025,Baixo,Manter relacionamento ativo e acompanhar evolução.
15800814,0.025,Baixo,Manter relacionamento ativo e acompanhar evolução.
15709256,0.025,Baixo,Manter relacionamento ativo e acompanhar evolução.
15604732,0.025,Baixo,Manter relacionamento ativo e acompanhar evolução.
15577985,0.025,Baixo,Manter relacionamento ativo e acompanhar evolução.
15644295,0.025,Baixo,Manter relacionamento ativo e acompanhar evolução.
15731246,0.025,Baixo,Manter relacionamento ativo e acompanhar evolução.
15715512,0.025,Baixo,Manter relacionamento ativo e acompanhar evolução.
15756539,0.025,Baixo,Manter relacionamento ativo e acompanhar evolução.
15799468,0.025,Baixo,Manter relacionamento ativo e acompanhar evolução.
15756472,0.025,Baixo,Manter relacionamento ativo e acompanhar evolução.
15672499,0.025,Baixo,Manter relacionamento ativo e acompanhar evolução.
15773949,0.025,Baixo,Manter relacionamento ativo e acompanhar evolução.
15764073,0.025,Baixo,Manter relacionamento ativo e acompanhar evolução.
15781505,0.025,Baixo,Manter relacionamento ativo e acompanhar evolução.
15595350,0.025,Baixo,Manter relacionamento ativo e acompanhar evolução.
15627637,0.025,Baixo,Manter relacionamento ativo e acompanhar evolução.
15709447,0.025,Baixo,Manter relacionamento ativo e acompanhar evolução.
15693947,0.025,Baixo,Manter relacionamento ativo e acompanhar evolução.
15671097,0.025,Baixo,Manter relacionamento ativo e acompanhar evolução.
15793247,0.025,Baixo,Manter relacionamento ativo e acompanhar evolução.
15718780,0.025,Baixo,Manter relacionamento ativo e acompanhar evolução.
15664214,0.025,Baixo,Manter relacionamento ativo e acompanhar evolução.
15691950,0.025,Baixo,Manter relacionamento ativo e acompanhar evolução.
15581733,0.025,Baixo,Manter relacionamento ativo e acompanhar evolução.
15596405,0.025,Baixo,Manter relacionamento ativo e acompanhar evolução.
15742511,0.025,Baixo,Manter relacionamento ativo e acompanhar evolução.
15705639,0.025,Baixo,Manter relacionamento ativo e acompanhar evolução.
15766741,0.025,Baixo,Manter relacionamento ativo e acompanhar evolução.
15649160,0.025,Baixo,Manter relacionamento ativo e acompanhar evolução.
15704509,0.025,Baixo,Manter relacionamento ativo e acompanhar evolução.
15773421,0.025,Baixo,Manter relacionamento ativo e acompanhar evolução.
15700710,0.025,Baixo,Manter relacionamento ativo e acompanhar evolução.
15632538,0.025,Baixo,Manter relacionamento ativo e acompanhar evolução.
15695465,0.025,Baixo,Manter relacionamento ativo e acompanhar evolução.
15752915,0.025,Baixo,Manter relacionamento ativo e acompanhar evolução.
15621685,0.025,Baixo,Manter relacionamento ativo e acompanhar evolução.
15687884,0.025,Baixo,Manter relacionamento ativo e acompanhar evolução.
15640667,0.025,Baixo,Manter relacionamento ativo e acompanhar evolução.
15730161,0.025,Baixo,Manter relacionamento ativo e acompanhar evolução.
15668830,0.025,Baixo,Manter relacionamento ativo e acompanhar evolução.
15662658,0.025,Baixo,Manter relacionamento ativo e acompanhar evolução.
15755225,0.025,Baixo,Manter relacionamento ativo e acompanhar evolução.
15760177,0.025,Baixo,Manter relacionamento ativo e acompanhar evolução.
15732704,0.025,Baixo,Manter relacionamento ativo e acompanhar evolução.
15654067,0.025,Baixo,Manter relacionamento ativo e acompanhar evolução.
15809057,0.025,Baixo,Manter relacionamento ativo e acompanhar evolução.
15695383,0.025,Baixo,Manter relacionamento ativo e acompanhar evolução.
15607142,0.025,Baixo,Manter relacionamento ativo e acompanhar evolução.
15569878,0.025,Baixo,Manter relacionamento ativo e acompanhar evolução.
15809585,0.025,Baixo,Manter relacionamento ativo e acompanhar evolução.
15743673,0.025,Baixo,Manter relacionamento ativo e acompanhar evolução.
15662263,0.025,Baixo,Manter relacionamento ativo e acompanhar evolução.
15704231,0.025,Baixo,Manter relacionamento ativo e acompanhar evolução.
15633866,0.025,Baixo,Manter relacionamento ativo e acompanhar evolução.
15592765,0.025,Baixo,Manter relacionamento ativo e acompanhar evolução.
15813303,0.025,Baixo,Manter relacionamento ativo e acompanhar evolução.
15641629,0.025,Baixo,Manter relacionamento ativo e acompanhar evolução.
15794122,0.025,Baixo,Manter relacionamento ativo e acompanhar evolução.
15797389,0.025,Baixo,Manter relacionamento ativo e acompanhar evolução.
15800517,0.025,Baixo,Manter relacionamento ativo e acompanhar evolução.
15780966,0.025,Baixo,Manter relacionamento ativo e acompanhar evolução.
15789924,0.025,Baixo,Manter relacionamento ativo e acompanhar evolução.
15780716,0.025,Baixo,Manter relacionamento ativo e acompanhar evolução.
15616745,0.025,Baixo,Manter relacionamento ativo e acompanhar evolução.
15635143,0.025,Baixo,Manter relacionamento ativo e acompanhar evolução.
15589323,0.025,Baixo,Manter relacionamento ativo e acompanhar evolução.
15641490,0.025,Baixo,Manter relacionamento ativo e acompanhar evolução.
15617348,0.025,Baixo,Manter relacionamento ativo e acompanhar evolução.
15692226,0.025,Baixo,Manter relacionamento ativo e acompanhar evolução.
15695197,0.025,Baixo,Manter relacionamento ativo e acompanhar evolução.
15647474,0.025,Baixo,Manter relacionamento ativo e acompanhar evolução.
15659098,0.025,Baixo,Manter relacionamento ativo e acompanhar evolução.
15624775,0.025,Baixo,Manter relacionamento ativo e acompanhar evolução.
15594305,0.025,Baixo,Manter relacionamento ativo e acompanhar evolução.
15790757,0.025,Baixo,Manter relacionamento ativo e acompanhar evolução.
15751032,0.025,Baixo,Manter relacionamento ativo e acompanhar evolução.
15688865,0.025,Baixo,Manter relacionamento ativo e acompanhar evolução.
15775339,0.025,Baixo,Manter relacionamento ativo e acompanhar evolução.
15648461,0.025,Baixo,Manter relacionamento ativo e acompanhar evolução.
15715941,0.025,Baixo,Manter relacionamento ativo e acompanhar evolução.
15810010,0.025,Baixo,Manter relacionamento ativo e acompanhar evolução.
15791743,0.025,Baixo,Manter relacionamento ativo e acompanhar evolução.
15709324,0.025,Baixo,Manter relacionamento ativo e acompanhar evolução.
15750141,0.025,Baixo,Manter relacionamento ativo e acompanhar evolução.
15693088,0.025,Baixo,Manter relacionamento ativo e acompanhar evolução.
15642816,0.025,Baixo,Manter relacionamento ativo e acompanhar evolução.
15681196,0.025,Baixo,Manter relacionamento ativo e acompanhar evolução.
15785078,0.025,Baixo,Manter relacionamento ativo e acompanhar evolução.
15813439,0.025,Baixo,Manter relacionamento ativo e acompanhar evolução.
15596493,0.025,Baixo,Manter relacionamento ativo e acompanhar evolução.
15579131,0.025,Baixo,Manter relacionamento ativo e acompanhar evolução.
15626156,0.025,Baixo,Manter relacionamento ativo e acompanhar evolução.
15629787,0.025,Baixo,Manter relacionamento ativo e acompanhar evolução.
15786739,0.025,Baixo,Manter relacionamento ativo e acompanhar evolução.
15683157,0.025,Baixo,Manter relacionamento ativo e acompanhar evolução.
15761340,0.025,Baixo,Manter relacionamento ativo e acompanhar evolução.
15749528,0.025,Baixo,Manter relacionamento ativo e acompanhar evolução.
15797665,0.025,Baixo,Manter relacionamento ativo e acompanhar evolução.
15613172,0.025,Baixo,Manter relacionamento ativo e acompanhar evolução.
15736371,0.025,Baixo,Manter relacionamento ativo e acompanhar evolução.
15590097,0.025,Baixo,Manter relacionamento ativo e acompanhar evolução.
15624471,0.025,Baixo,Manter relacionamento ativo e acompanhar evolução.
15745826,0.025,Baixo,Manter relacionamento ativo e acompanhar evolução.
15700209,0.025,Baixo,Manter relacionamento ativo e acompanhar evolução.
15698703,0.025,Baixo,Manter relacionamento ativo e acompanhar evolução.
15671779,0.025,Baixo,Manter relacionamento ativo e acompanhar evolução.
15698335,0.025,Baixo,Manter relacionamento ativo e acompanhar evolução.
15642137,0.025,Baixo,Manter relacionamento ativo e acompanhar evolução.
15714006,0.025,Baixo,Manter relacionamento ativo e acompanhar evolução.
15810978,0.025,Baixo,Manter relacionamento ativo e acompanhar evolução.
15754605,0.025,Baixo,Manter relacionamento ativo e acompanhar evolução.
15582951,0.025,Baixo,Manter relacionamento ativo e acompanhar evolução.
15688251,0.025,Baixo,Manter relacionamento ativo e acompanhar evolução.
15737414,0.025,Baixo,Manter relacionamento ativo e acompanhar evolução.
15743709,0.025,Baixo,Manter relacionamento ativo e acompanhar evolução.
15735849,0.025,Baixo,Manter relacionamento ativo e acompanhar evolução.
15630641,0.025,Baixo,Manter relacionamento ativo e acompanhar evolução.
15752838,0.025,Baixo,Manter relacionamento ativo e acompanhar evolução.
15692599,0.025,Baixo,Manter relacionamento ativo e acompanhar evolução.
15694209,0.025,Baixo,Manter relacionamento ativo e acompanhar evolução.
15805764,0.025,Baixo,Manter relacionamento ativo e acompanhar evolução.
15806210,0.025,Baixo,Manter relacionamento ativo e acompanhar evolução.
15786905,0.025,Baixo,Manter relacionamento ativo e acompanhar evolução.
15696812,0.025,Baixo,Manter relacionamento ativo e acompanhar evolução.
15695148,0.025,Baixo,Manter relacionamento ativo e acompanhar evolução.
15661708,0.025,Baixo,Manter relacionamento ativo e acompanhar evolução.
15736302,0.025,Baixo,Manter relacionamento ativo e acompanhar evolução.
15694890,0.025,Baixo,Manter relacionamento ativo e acompanhar evolução.
15641822,0.025,Baixo,Manter relacionamento ativo e acompanhar evolução.
15627514,0.025,Baixo,Manter relacionamento ativo e acompanhar evolução.
15777576,0.025,Baixo,Manter relacionamento ativo e acompanhar evolução.
15667633,0.025,Baixo,Manter relacionamento ativo e acompanhar evolução.
15785865,0.025,Baixo,Manter relacionamento ativo e acompanhar evolução.
15803886,0.025,Baixo,Manter relacionamento ativo e acompanhar evolução.
15712960,0.025,Baixo,Manter relacionamento ativo e acompanhar evolução.
15727919,0.025,Baixo,Manter relacionamento ativo e acompanhar evolução.
15704954,0.025,Baixo,Manter relacionamento ativo e acompanhar evolução.
15647807,0.025,Baixo,Manter relacionamento ativo e acompanhar evolução.
15742809,0.025,Baixo,Manter relacionamento ativo e acompanhar evolução.
15579207,0.025,Baixo,Manter relacionamento ativo e acompanhar evolução.
15697606,0.025,Baixo,Manter relacionamento ativo e acompanhar evolução.
15628715,0.025,Baixo,Manter relacionamento ativo e acompanhar evolução.
15723169,0.025,Baixo,Manter relacionamento ativo e acompanhar evolução.
15776404,0.025,Baixo,Manter relacionamento ativo e acompanhar evolução.
15680685,0.025,Baixo,Manter relacionamento ativo e acompanhar evolução.
15676966,0.025,Baixo,Manter relacionamento ativo e acompanhar evolução.
15691483,0.025,Baixo,Manter relacionamento ativo e acompanhar evolução.
15785290,0.025,Baixo,Manter relacionamento ativo e acompanhar evolução.
15659428,0.025,Baixo,Manter relacionamento ativo e acompanhar evolução.
15611157,0.025,Baixo,Manter relacionamento ativo e acompanhar evolução.
15702014,0.025,Baixo,Manter relacionamento ativo e acompanhar evolução.
15647091,0.025,Baixo,Manter relacionamento ativo e acompanhar evolução.
15603323,0.025,Baixo,Manter relacionamento ativo e acompanhar evolução.
15621409,0.025,Baixo,Manter relacionamento ativo e acompanhar evolução.
15746035,0.025,Baixo,Manter relacionamento ativo e acompanhar evolução.
15756668,0.025,Baixo,Manter relacionamento ativo e acompanhar evolução.
15576517,0.025,Baixo,Manter relacionamento ativo e acompanhar evolução.
15720713,0.025,Baixo,Manter relacionamento ativo e acompanhar evolução.
15698324,0.025,Baixo,Manter relacionamento ativo e acompanhar evolução.
15585490,0.025,Baixo,Manter relacionamento ativo e acompanhar evolução.
15712543,0.025,Baixo,Manter relacionamento ativo e acompanhar evolução.
15633840,0.025,Baixo,Manter relacionamento ativo e acompanhar evolução.
15660541,0.025,Baixo,Manter relacionamento ativo e acompanhar evolução.
15795878,0.025,Baixo,Manter relacionamento ativo e acompanhar evolução.
15789484,0.025,Baixo,Manter relacionamento ativo e acompanhar evolução.
15597945,0.025,Baixo,Manter relacionamento ativo e acompanhar evolução.
15587676,0.025,Baixo,Manter relacionamento ativo e acompanhar evolução.
15744913,0.025,Baixo,Manter relacionamento ativo e acompanhar evolução.
15802501,0.025,Baixo,Manter relacionamento ativo e acompanhar evolução.
15777639,0.025,Baixo,Manter relacionamento ativo e acompanhar evolução.
15725737,0.025,Baixo,Manter relacionamento ativo e acompanhar evolução.
15721116,0.025,Baixo,Manter relacionamento ativo e acompanhar evolução.
15580935,0.025,Baixo,Manter relacionamento ativo e acompanhar evolução.
15634146,0.025,Baixo,Manter relacionamento ativo e acompanhar evolução.
15696564,0.025,Baixo,Manter relacionamento ativo e acompanhar evolução.
15583364,0.025,Baixo,Manter relacionamento ativo e acompanhar evolução.
15699461,0.025,Baixo,Manter relacionamento ativo e acompanhar evolução.
15766896,0.02,Baixo,Manter relacionamento ativo e acompanhar evolução.
15768193,0.02,Baixo,Manter relacionamento ativo e acompanhar evolução.
15606310,0.02,Baixo,Manter relacionamento ativo e acompanhar evolução.
15692463,0.02,Baixo,Manter relacionamento ativo e acompanhar evolução.
15751549,0.02,Baixo,Manter relacionamento ativo e acompanhar evolução.
15618363,0.02,Baixo,Manter relacionamento ativo e acompanhar evolução.
15701354,0.02,Baixo,Manter relacionamento ativo e acompanhar evolução.
15656300,0.02,Baixo,Manter relacionamento ativo e acompanhar evolução.
15767821,0.02,Baixo,Manter relacionamento ativo e acompanhar evolução.
15802256,0.02,Baixo,Manter relacionamento ativo e acompanhar evolução.
15670702,0.02,Baixo,Manter relacionamento ativo e acompanhar evolução.
15690175,0.02,Baixo,Manter relacionamento ativo e acompanhar evolução.
15628145,0.02,Baixo,Manter relacionamento ativo e acompanhar evolução.
15760825,0.02,Baixo,Manter relacionamento ativo e acompanhar evolução.
15662533,0.02,Baixo,Manter relacionamento ativo e acompanhar evolução.
15726588,0.02,Baixo,Manter relacionamento ativo e acompanhar evolução.
15605666,0.02,Baixo,Manter relacionamento ativo e acompanhar evolução.
15618926,0.02,Baixo,Manter relacionamento ativo e acompanhar evolução.
15585047,0.02,Baixo,Manter relacionamento ativo e acompanhar evolução.
15642544,0.02,Baixo,Manter relacionamento ativo e acompanhar evolução.
15781347,0.02,Baixo,Manter relacionamento ativo e acompanhar evolução.
15809248,0.02,Baixo,Manter relacionamento ativo e acompanhar evolução.
15765283,0.02,Baixo,Manter relacionamento ativo e acompanhar evolução.
15790744,0.02,Baixo,Manter relacionamento ativo e acompanhar evolução.
15742879,0.02,Baixo,Manter relacionamento ativo e acompanhar evolução.
15627185,0.02,Baixo,Manter relacionamento ativo e acompanhar evolução.
15805062,0.02,Baixo,Manter relacionamento ativo e acompanhar evolução.
15664802,0.02,Baixo,Manter relacionamento ativo e acompanhar evolução.
15633922,0.02,Baixo,Manter relacionamento ativo e acompanhar evolução.
15599211,0.02,Baixo,Manter relacionamento ativo e acompanhar evolução.
15673342,0.02,Baixo,Manter relacionamento ativo e acompanhar evolução.
15753549,0.02,Baixo,Manter relacionamento ativo e acompanhar evolução.
15812647,0.02,Baixo,Manter relacionamento ativo e acompanhar evolução.
15714567,0.02,Baixo,Manter relacionamento ativo e acompanhar evolução.
15613141,0.02,Baixo,Manter relacionamento ativo e acompanhar evolução.
15598175,0.02,Baixo,Manter relacionamento ativo e acompanhar evolução.
15742269,0.02,Baixo,Manter relacionamento ativo e acompanhar evolução.
15709396,0.02,Baixo,Manter relacionamento ativo e acompanhar evolução.
15796721,0.02,Baixo,Manter relacionamento ativo e acompanhar evolução.
15688157,0.02,Baixo,Manter relacionamento ativo e acompanhar evolução.
15664504,0.02,Baixo,Manter relacionamento ativo e acompanhar evolução.
15607577,0.02,Baixo,Manter relacionamento ativo e acompanhar evolução.
15788659,0.02,Baixo,Manter relacionamento ativo e acompanhar evolução.
15674573,0.02,Baixo,Manter relacionamento ativo e acompanhar evolução.
15694859,0.02,Baixo,Manter relacionamento ativo e acompanhar evolução.
15568953,0.02,Baixo,Manter relacionamento ativo e acompanhar evolução.
15595447,0.02,Baixo,Manter relacionamento ativo e acompanhar evolução.
15652169,0.02,Baixo,Manter relacionamento ativo e acompanhar evolução.
15642099,0.02,Baixo,Manter relacionamento ativo e acompanhar evolução.
15773273,0.02,Baixo,Manter relacionamento ativo e acompanhar evolução.
15639252,0.02,Baixo,Manter relacionamento ativo e acompanhar evolução.
15743538,0.02,Baixo,Manter relacionamento ativo e acompanhar evolução.
15754113,0.02,Baixo,Manter relacionamento ativo e acompanhar evolução.
15619801,0.02,Baixo,Manter relacionamento ativo e acompanhar evolução.
15601796,0.02,Baixo,Manter relacionamento ativo e acompanhar evolução.
15810385,0.02,Baixo,Manter relacionamento ativo e acompanhar evolução.
15811877,0.02,Baixo,Manter relacionamento ativo e acompanhar evolução.
15735687,0.02,Baixo,Manter relacionamento ativo e acompanhar evolução.
15667216,0.02,Baixo,Manter relacionamento ativo e acompanhar evolução.
15701238,0.02,Baixo,Manter relacionamento ativo e acompanhar evolução.
15726153,0.02,Baixo,Manter relacionamento ativo e acompanhar evolução.
15713346,0.02,Baixo,Manter relacionamento ativo e acompanhar evolução.
15761717,0.02,Baixo,Manter relacionamento ativo e acompanhar evolução.
15665129,0.02,Baixo,Manter relacionamento ativo e acompanhar evolução.
15781914,0.02,Baixo,Manter relacionamento ativo e acompanhar evolução.
15624667,0.02,Baixo,Manter relacionamento ativo e acompanhar evolução.
15727138,0.02,Baixo,Manter relacionamento ativo e acompanhar evolução.
15754105,0.02,Baixo,Manter relacionamento ativo e acompanhar evolução.
15709368,0.02,Baixo,Manter relacionamento ativo e acompanhar evolução.
15656293,0.02,Baixo,Manter relacionamento ativo e acompanhar evolução.
15814940,0.02,Baixo,Manter relacionamento ativo e acompanhar evolução.
15656921,0.02,Baixo,Manter relacionamento ativo e acompanhar evolução.
15692408,0.02,Baixo,Manter relacionamento ativo e acompanhar evolução.
15790829,0.02,Baixo,Manter relacionamento ativo e acompanhar evolução.
15725068,0.02,Baixo,Manter relacionamento ativo e acompanhar evolução.
15739248,0.02,Baixo,Manter relacionamento ativo e acompanhar evolução.
15696826,0.02,Baixo,Manter relacionamento ativo e acompanhar evolução.
15795564,0.02,Baixo,Manter relacionamento ativo e acompanhar evolução.
15668289,0.02,Baixo,Manter relacionamento ativo e acompanhar evolução.
15675787,0.02,Baixo,Manter relacionamento ativo e acompanhar evolução.
15787026,0.02,Baixo,Manter relacionamento ativo e acompanhar evolução.
15574324,0.02,Baixo,Manter relacionamento ativo e acompanhar evolução.
15707144,0.02,Baixo,Manter relacionamento ativo e acompanhar evolução.
15705301,0.02,Baixo,Manter relacionamento ativo e acompanhar evolução.
15655298,0.02,Baixo,Manter relacionamento ativo e acompanhar evolução.
15644796,0.02,Baixo,Manter relacionamento ativo e acompanhar evolução.
15625445,0.02,Baixo,Manter relacionamento ativo e acompanhar evolução.
15765537,0.02,Baixo,Manter relacionamento ativo e acompanhar evolução.
15684958,0.02,Baixo,Manter relacionamento ativo e acompanhar evolução.
15646942,0.02,Baixo,Manter relacionamento ativo e acompanhar evolução.
15612776,0.02,Baixo,Manter relacionamento ativo e acompanhar evolução.
15764021,0.02,Baixo,Manter relacionamento ativo e acompanhar evolução.
15568506,0.02,Baixo,Manter relacionamento ativo e acompanhar evolução.
15652084,0.02,Baixo,Manter relacionamento ativo e acompanhar evolução.
15606915,0.02,Baixo,Manter relacionamento ativo e acompanhar evolução.
15655658,0.02,Baixo,Manter relacionamento ativo e acompanhar evolução.
15757865,0.02,Baixo,Manter relacionamento ativo e acompanhar evolução.
15672756,0.02,Baixo,Manter relacionamento ativo e acompanhar evolução.
15796617,0.02,Baixo,Manter relacionamento ativo e acompanhar evolução.
15785815,0.02,Baixo,Manter relacionamento ativo e acompanhar evolução.
15675252,0.02,Baixo,Manter relacionamento ativo e acompanhar evolução.
15716041,0.02,Baixo,Manter relacionamento ativo e acompanhar evolução.
15783083,0.02,Baixo,Manter relacionamento ativo e acompanhar evolução.
15757467,0.02,Baixo,Manter relacionamento ativo e acompanhar evolução.
15596797,0.02,Baixo,Manter relacionamento ativo e acompanhar evolução.
15615020,0.02,Baixo,Manter relacionamento ativo e acompanhar evolução.
15701175,0.02,Baixo,Manter relacionamento ativo e acompanhar evolução.
15651943,0.02,Baixo,Manter relacionamento ativo e acompanhar evolução.
15724620,0.02,Baixo,Manter relacionamento ativo e acompanhar evolução.
15683930,0.02,Baixo,Manter relacionamento ativo e acompanhar evolução.
15638806,0.02,Baixo,Manter relacionamento ativo e acompanhar evolução.
15600792,0.02,Baixo,Manter relacionamento ativo e acompanhar evolução.
15686588,0.02,Baixo,Manter relacionamento ativo e acompanhar evolução.
15578156,0.02,Baixo,Manter relacionamento ativo e acompanhar evolução.
15649060,0.02,Baixo,Manter relacionamento ativo e acompanhar evolução.
15806945,0.02,Baixo,Manter relacionamento ativo e acompanhar evolução.
15761024,0.02,Baixo,Manter relacionamento ativo e acompanhar evolução.
15567078,0.02,Baixo,Manter relacionamento ativo e acompanhar evolução.
15630920,0.02,Baixo,Manter relacionamento ativo e acompanhar evolução.
15690079,0.02,Baixo,Manter relacionamento ativo e acompanhar evolução.
15679611,0.02,Baixo,Manter relacionamento ativo e acompanhar evolução.
15736534,0.02,Baixo,Manter relacionamento ativo e acompanhar evolução.
15793491,0.02,Baixo,Manter relacionamento ativo e acompanhar evolução.
15601627,0.02,Baixo,Manter relacionamento ativo e acompanhar evolução.
15576714,0.02,Baixo,Manter relacionamento ativo e acompanhar evolução.
15656726,0.02,Baixo,Manter relacionamento ativo e acompanhar evolução.
15578788,0.02,Baixo,Manter relacionamento ativo e acompanhar evolução.
15568519,0.02,Baixo,Manter relacionamento ativo e acompanhar evolução.
15763898,0.02,Baixo,Manter relacionamento ativo e acompanhar evolução.
15650751,0.02,Baixo,Manter relacionamento ativo e acompanhar evolução.
15780954,0.02,Baixo,Manter relacionamento ativo e acompanhar evolução.
15595071,0.02,Baixo,Manter relacionamento ativo e acompanhar evolução.
15783444,0.02,Baixo,Manter relacionamento ativo e acompanhar evolução.
15800845,0.02,Baixo,Manter relacionamento ativo e acompanhar evolução.
15774277,0.02,Baixo,Manter relacionamento ativo e acompanhar evolução.
15624451,0.02,Baixo,Manter relacionamento ativo e acompanhar evolução.
15607230,0.02,Baixo,Manter relacionamento ativo e acompanhar evolução.
15621893,0.02,Baixo,Manter relacionamento ativo e acompanhar evolução.
15749851,0.02,Baixo,Manter relacionamento ativo e acompanhar evolução.
15806134,0.02,Baixo,Manter relacionamento ativo e acompanhar evolução.
15680804,0.02,Baixo,Manter relacionamento ativo e acompanhar evolução.
15600692,0.02,Baixo,Manter relacionamento ativo e acompanhar evolução.
15712772,0.02,Baixo,Manter relacionamento ativo e acompanhar evolução.
15706762,0.02,Baixo,Manter relacionamento ativo e acompanhar evolução.
15751084,0.02,Baixo,Manter relacionamento ativo e acompanhar evolução.
15586931,0.02,Baixo,Manter relacionamento ativo e acompanhar evolução.
15643215,0.02,Baixo,Manter relacionamento ativo e acompanhar evolução.
15790489,0.02,Baixo,Manter relacionamento ativo e acompanhar evolução.
15650034,0.02,Baixo,Manter relacionamento ativo e acompanhar evolução.
15661349,0.02,Baixo,Manter relacionamento ativo e acompanhar evolução.
15775307,0.02,Baixo,Manter relacionamento ativo e acompanhar evolução.
15743149,0.02,Baixo,Manter relacionamento ativo e acompanhar evolução.
15577988,0.02,Baixo,Manter relacionamento ativo e acompanhar evolução.
15796834,0.02,Baixo,Manter relacionamento ativo e acompanhar evolução.
15675431,0.02,Baixo,Manter relacionamento ativo e acompanhar evolução.
15726814,0.02,Baixo,Manter relacionamento ativo e acompanhar evolução.
15635285,0.02,Baixo,Manter relacionamento ativo e acompanhar evolução.
15591150,0.02,Baixo,Manter relacionamento ativo e acompanhar evolução.
15755798,0.02,Baixo,Manter relacionamento ativo e acompanhar evolução.
15599410,0.02,Baixo,Manter relacionamento ativo e acompanhar evolução.
15790314,0.02,Baixo,Manter relacionamento ativo e acompanhar evolução.
15608230,0.02,Baixo,Manter relacionamento ativo e acompanhar evolução.
15587240,0.02,Baixo,Manter relacionamento ativo e acompanhar evolução.
15643496,0.02,Baixo,Manter relacionamento ativo e acompanhar evolução.
15813916,0.02,Baixo,Manter relacionamento ativo e acompanhar evolução.
15761141,0.02,Baixo,Manter relacionamento ativo e acompanhar evolução.
15790235,0.02,Baixo,Manter relacionamento ativo e acompanhar evolução.
15722473,0.02,Baixo,Manter relacionamento ativo e acompanhar evolução.
15697028,0.02,Baixo,Manter relacionamento ativo e acompanhar evolução.
15785542,0.02,Baixo,Manter relacionamento ativo e acompanhar evolução.
15677324,0.02,Baixo,Manter relacionamento ativo e acompanhar evolução.
15761775,0.02,Baixo,Manter relacionamento ativo e acompanhar evolução.
15635097,0.02,Baixo,Manter relacionamento ativo e acompanhar evolução.
15738018,0.02,Baixo,Manter relacionamento ativo e acompanhar evolução.
15699753,0.02,Baixo,Manter relacionamento ativo e acompanhar evolução.
15703199,0.02,Baixo,Manter relacionamento ativo e acompanhar evolução.
15750649,0.02,Baixo,Manter relacionamento ativo e acompanhar evolução.
15702434,0.02,Baixo,Manter relacionamento ativo e acompanhar evolução.
15755239,0.02,Baixo,Manter relacionamento ativo e acompanhar evolução.
15636595,0.02,Baixo,Manter relacionamento ativo e acompanhar evolução.
15615091,0.02,Baixo,Manter relacionamento ativo e acompanhar evolução.
15726484,0.02,Baixo,Manter relacionamento ativo e acompanhar evolução.
15776827,0.02,Baixo,Manter relacionamento ativo e acompanhar evolução.
15660101,0.02,Baixo,Manter relacionamento ativo e acompanhar evolução.
15672027,0.02,Baixo,Manter relacionamento ativo e acompanhar evolução.
15661036,0.02,Baixo,Manter relacionamento ativo e acompanhar evolução.
15770214,0.02,Baixo,Manter relacionamento ativo e acompanhar evolução.
15754747,0.02,Baixo,Manter relacionamento ativo e acompanhar evolução.
15674254,0.02,Baixo,Manter relacionamento ativo e acompanhar evolução.
15716236,0.02,Baixo,Manter relacionamento ativo e acompanhar evolução.
15724200,0.02,Baixo,Manter relacionamento ativo e acompanhar evolução.
15679200,0.02,Baixo,Manter relacionamento ativo e acompanhar evolução.
15635905,0.02,Baixo,Manter relacionamento ativo e acompanhar evolução.
15614361,0.02,Baixo,Manter relacionamento ativo e acompanhar evolução.
15625584,0.02,Baixo,Manter relacionamento ativo e acompanhar evolução.
15795132,0.02,Baixo,Manter relacionamento ativo e acompanhar evolução.
15696637,0.02,Baixo,Manter relacionamento ativo e acompanhar evolução.
15626475,0.02,Baixo,Manter relacionamento ativo e acompanhar evolução.
15607827,0.02,Baixo,Manter relacionamento ativo e acompanhar evolução.
15654409,0.02,Baixo,Manter relacionamento ativo e acompanhar evolução.
15779174,0.02,Baixo,Manter relacionamento ativo e acompanhar evolução.
15797204,0.02,Baixo,Manter relacionamento ativo e acompanhar evolução.
15585595,0.02,Baixo,Manter relacionamento ativo e acompanhar evolução.
15712877,0.02,Baixo,Manter relacionamento ativo e acompanhar evolução.
15723989,0.02,Baixo,Manter relacionamento ativo e acompanhar evolução.
15632324,0.02,Baixo,Manter relacionamento ativo e acompanhar evolução.
15757001,0.02,Baixo,Manter relacionamento ativo e acompanhar evolução.
15731327,0.02,Baixo,Manter relacionamento ativo e acompanhar evolução.
15715465,0.02,Baixo,Manter relacionamento ativo e acompanhar evolução.
15758482,0.02,Baixo,Manter relacionamento ativo e acompanhar evolução.
15795149,0.02,Baixo,Manter relacionamento ativo e acompanhar evolução.
15634180,0.02,Baixo,Manter relacionamento ativo e acompanhar evolução.
15611612,0.02,Baixo,Manter relacionamento ativo e acompanhar evolução.
15575428,0.02,Baixo,Manter relacionamento ativo e acompanhar evolução.
15613734,0.02,Baixo,Manter relacionamento ativo e acompanhar evolução.
15593555,0.02,Baixo,Manter relacionamento ativo e acompanhar evolução.
15631460,0.02,Baixo,Manter relacionamento ativo e acompanhar evolução.
15607395,0.02,Baixo,Manter relacionamento ativo e acompanhar evolução.
15660840,0.02,Baixo,Manter relacionamento ativo e acompanhar evolução.
15811486,0.02,Baixo,Manter relacionamento ativo e acompanhar evolução.
15685654,0.02,Baixo,Manter relacionamento ativo e acompanhar evolução.
15625905,0.02,Baixo,Manter relacionamento ativo e acompanhar evolução.
15618245,0.02,Baixo,Manter relacionamento ativo e acompanhar evolução.
15703068,0.02,Baixo,Manter relacionamento ativo e acompanhar evolução.
15711825,0.02,Baixo,Manter relacionamento ativo e acompanhar evolução.
15626212,0.02,Baixo,Manter relacionamento ativo e acompanhar evolução.
15791114,0.02,Baixo,Manter relacionamento ativo e acompanhar evolução.
15724307,0.02,Baixo,Manter relacionamento ativo e acompanhar evolução.
15731744,0.02,Baixo,Manter relacionamento ativo e acompanhar evolução.
15663964,0.02,Baixo,Manter relacionamento ativo e acompanhar evolução.
15724543,0.02,Baixo,Manter relacionamento ativo e acompanhar evolução.
15778861,0.02,Baixo,Manter relacionamento ativo e acompanhar evolução.
15583462,0.02,Baixo,Manter relacionamento ativo e acompanhar evolução.
15729958,0.02,Baixo,Manter relacionamento ativo e acompanhar evolução.
15735837,0.02,Baixo,Manter relacionamento ativo e acompanhar evolução.
15616931,0.02,Baixo,Manter relacionamento ativo e acompanhar evolução.
15649124,0.02,Baixo,Manter relacionamento ativo e acompanhar evolução.
15757521,0.02,Baixo,Manter relacionamento ativo e acompanhar evolução.
15589257,0.02,Baixo,Manter relacionamento ativo e acompanhar evolução.
15702030,0.02,Baixo,Manter relacionamento ativo e acompanhar evolução.
15787174,0.02,Baixo,Manter relacionamento ativo e acompanhar evolução.
15602845,0.02,Baixo,Manter relacionamento ativo e acompanhar evolução.
15591822,0.02,Baixo,Manter relacionamento ativo e acompanhar evolução.
15658852,0.02,Baixo,Manter relacionamento ativo e acompanhar evolução.
15777958,0.02,Baixo,Manter relacionamento ativo e acompanhar evolução.
15756926,0.02,Baixo,Manter relacionamento ativo e acompanhar evolução.
15597983,0.02,Baixo,Manter relacionamento ativo e acompanhar evolução.
15803078,0.02,Baixo,Manter relacionamento ativo e acompanhar evolução.
15711742,0.02,Baixo,Manter relacionamento ativo e acompanhar evolução.
15759566,0.02,Baixo,Manter relacionamento ativo e acompanhar evolução.
15641773,0.02,Baixo,Manter relacionamento ativo e acompanhar evolução.
15640280,0.02,Baixo,Manter relacionamento ativo e acompanhar evolução.
15706223,0.02,Baixo,Manter relacionamento ativo e acompanhar evolução.
15612358,0.02,Baixo,Manter relacionamento ativo e acompanhar evolução.
15611287,0.02,Baixo,Manter relacionamento ativo e acompanhar evolução.
15766172,0.02,Baixo,Manter relacionamento ativo e acompanhar evolução.
15812040,0.02,Baixo,Manter relacionamento ativo e acompanhar evolução.
15763613,0.02,Baixo,Manter relacionamento ativo e acompanhar evolução.
15777436,0.02,Baixo,Manter relacionamento ativo e acompanhar evolução.
15815131,0.02,Baixo,Manter relacionamento ativo e acompanhar evolução.
15814757,0.02,Baixo,Manter relacionamento ativo e acompanhar evolução.
15588701,0.02,Baixo,Manter relacionamento ativo e acompanhar evolução.
15728078,0.02,Baixo,Manter relacionamento ativo e acompanhar evolução.
15720814,0.02,Baixo,Manter relacionamento ativo e acompanhar evolução.
15642997,0.02,Baixo,Manter relacionamento ativo e acompanhar evolução.
15681439,0.02,Baixo,Manter relacionamento ativo e acompanhar evolução.
15606133,0.02,Baixo,Manter relacionamento ativo e acompanhar evolução.
15768359,0.02,Baixo,Manter relacionamento ativo e acompanhar evolução.
15615245,0.02,Baixo,Manter relacionamento ativo e acompanhar evolução.
15723613,0.02,Baixo,Manter relacionamento ativo e acompanhar evolução.
15762799,0.02,Baixo,Manter relacionamento ativo e acompanhar evolução.
15681758,0.02,Baixo,Manter relacionamento ativo e acompanhar evolução.
15650437,0.02,Baixo,Manter relacionamento ativo e acompanhar evolução.
15762351,0.02,Baixo,Manter relacionamento ativo e acompanhar evolução.
15766887,0.02,Baixo,Manter relacionamento ativo e acompanhar evolução.
15758692,0.02,Baixo,Manter relacionamento ativo e acompanhar evolução.
15654760,0.02,Baixo,Manter relacionamento ativo e acompanhar evolução.
15630402,0.02,Baixo,Manter relacionamento ativo e acompanhar evolução.
15689616,0.02,Baixo,Manter relacionamento ativo e acompanhar evolução.
15780925,0.02,Baixo,Manter relacionamento ativo e acompanhar evolução.
15722404,0.02,Baixo,Manter relacionamento ativo e acompanhar evolução.
15632272,0.02,Baixo,Manter relacionamento ativo e acompanhar evolução.
15690492,0.02,Baixo,Manter relacionamento ativo e acompanhar evolução.
15691823,0.02,Baixo,Manter relacionamento ativo e acompanhar evolução.
15739931,0.02,Baixo,Manter relacionamento ativo e acompanhar evolução.
15676958,0.02,Baixo,Manter relacionamento ativo e acompanhar evolução.
15588933,0.02,Baixo,Manter relacionamento ativo e acompanhar evolução.
15629390,0.02,Baixo,Manter relacionamento ativo e acompanhar evolução.
15606274,0.02,Baixo,Manter relacionamento ativo e acompanhar evolução.
15609521,0.02,Baixo,Manter relacionamento ativo e acompanhar evolução.
15628583,0.02,Baixo,Manter relacionamento ativo e acompanhar evolução.
15590623,0.02,Baixo,Manter relacionamento ativo e acompanhar evolução.
15693131,0.02,Baixo,Manter relacionamento ativo e acompanhar evolução.
15715745,0.02,Baixo,Manter relacionamento ativo e acompanhar evolução.
15624595,0.02,Baixo,Manter relacionamento ativo e acompanhar evolução.
15750921,0.02,Baixo,Manter relacionamento ativo e acompanhar evolução.
15780650,0.02,Baixo,Manter relacionamento ativo e acompanhar evolução.
15649738,0.02,Baixo,Manter relacionamento ativo e acompanhar evolução.
15803908,0.02,Baixo,Manter relacionamento ativo e acompanhar evolução.
15794396,0.02,Baixo,Manter relacionamento ativo e acompanhar evolução.
15785798,0.02,Baixo,Manter relacionamento ativo e acompanhar evolução.
15634632,0.02,Baixo,Manter relacionamento ativo e acompanhar evolução.
15646615,0.02,Baixo,Manter relacionamento ativo e acompanhar evolução.
15620507,0.02,Baixo,Manter relacionamento ativo e acompanhar evolução.
15709928,0.02,Baixo,Manter relacionamento ativo e acompanhar evolução.
15589358,0.02,Baixo,Manter relacionamento ativo e acompanhar evolução.
15672704,0.02,Baixo,Manter relacionamento ativo e acompanhar evolução.
15723028,0.02,Baixo,Manter relacionamento ativo e acompanhar evolução.
15622443,0.02,Baixo,Manter relacionamento ativo e acompanhar evolução.
15579112,0.02,Baixo,Manter relacionamento ativo e acompanhar evolução.
15589924,0.02,Baixo,Manter relacionamento ativo e acompanhar evolução.
15600710,0.02,Baixo,Manter relacionamento ativo e acompanhar evolução.
15692718,0.02,Baixo,Manter relacionamento ativo e acompanhar evolução.
15780140,0.02,Baixo,Manter relacionamento ativo e acompanhar evolução.
15808017,0.02,Baixo,Manter relacionamento ativo e acompanhar evolução.
15634295,0.02,Baixo,Manter relacionamento ativo e acompanhar evolução.
15733032,0.02,Baixo,Manter relacionamento ativo e acompanhar evolução.
15614923,0.02,Baixo,Manter relacionamento ativo e acompanhar evolução.
15743040,0.02,Baixo,Manter relacionamento ativo e acompanhar evolução.
15668057,0.02,Baixo,Manter relacionamento ativo e acompanhar evolução.
15605113,0.02,Baixo,Manter relacionamento ativo e acompanhar evolução.
15744529,0.02,Baixo,Manter relacionamento ativo e acompanhar evolução.
15669656,0.02,Baixo,Manter relacionamento ativo e acompanhar evolução.
15611682,0.02,Baixo,Manter relacionamento ativo e acompanhar evolução.
15679029,0.02,Baixo,Manter relacionamento ativo e acompanhar evolução.
15576680,0.02,Baixo,Manter relacionamento ativo e acompanhar evolução.
15796505,0.02,Baixo,Manter relacionamento ativo e acompanhar evolução.
15659234,0.02,Baixo,Manter relacionamento ativo e acompanhar evolução.
15657317,0.02,Baixo,Manter relacionamento ativo e acompanhar evolução.
15751333,0.02,Baixo,Manter relacionamento ativo e acompanhar evolução.
15657778,0.02,Baixo,Manter relacionamento ativo e acompanhar evolução.
15632439,0.02,Baixo,Manter relacionamento ativo e acompanhar evolução.
15725094,0.02,Baixo,Manter relacionamento ativo e acompanhar evolução.
15727391,0.02,Baixo,Manter relacionamento ativo e acompanhar evolução.
15798659,0.02,Baixo,Manter relacionamento ativo e acompanhar evolução.
15721504,0.02,Baixo,Manter relacionamento ativo e acompanhar evolução.
15583681,0.02,Baixo,Manter relacionamento ativo e acompanhar evolução.
15731148,0.02,Baixo,Manter relacionamento ativo e acompanhar evolução.
15646302,0.02,Baixo,Manter relacionamento ativo e acompanhar evolução.
15784280,0.02,Baixo,Manter relacionamento ativo e acompanhar evolução.
15774551,0.02,Baixo,Manter relacionamento ativo e acompanhar evolução.
15760121,0.02,Baixo,Manter relacionamento ativo e acompanhar evolução.
15723654,0.02,Baixo,Manter relacionamento ativo e acompanhar evolução.
15573348,0.02,Baixo,Manter relacionamento ativo e acompanhar evolução.
15633944,0.02,Baixo,Manter relacionamento ativo e acompanhar evolução.
15789865,0.02,Baixo,Manter relacionamento ativo e acompanhar evolução.
15741181,0.02,Baixo,Manter relacionamento ativo e acompanhar evolução.
15640953,0.02,Baixo,Manter relacionamento ativo e acompanhar evolução.
15783589,0.02,Baixo,Manter relacionamento ativo e acompanhar evolução.
15626144,0.02,Baixo,Manter relacionamento ativo e acompanhar evolução.
15610419,0.02,Baixo,Manter relacionamento ativo e acompanhar evolução.
15682618,0.02,Baixo,Manter relacionamento ativo e acompanhar evolução.
15604304,0.02,Baixo,Manter relacionamento ativo e acompanhar evolução.
15731829,0.02,Baixo,Manter relacionamento ativo e acompanhar evolução.
15757537,0.02,Baixo,Manter relacionamento ativo e acompanhar evolução.
15677586,0.02,Baixo,Manter relacionamento ativo e acompanhar evolução.
15713890,0.02,Baixo,Manter relacionamento ativo e acompanhar evolução.
15589348,0.02,Baixo,Manter relacionamento ativo e acompanhar evolução.
15759499,0.02,Baixo,Manter relacionamento ativo e acompanhar evolução.
15801462,0.02,Baixo,Manter relacionamento ativo e acompanhar evolução.
15632977,0.02,Baixo,Manter relacionamento ativo e acompanhar evolução.
15710390,0.02,Baixo,Manter relacionamento ativo e acompanhar evolução.
15659325,0.02,Baixo,Manter relacionamento ativo e acompanhar evolução.
15755018,0.02,Baixo,Manter relacionamento ativo e acompanhar evolução.
15644788,0.02,Baixo,Manter relacionamento ativo e acompanhar evolução.
15598161,0.02,Baixo,Manter relacionamento ativo e acompanhar evolução.
15623062,0.02,Baixo,Manter relacionamento ativo e acompanhar evolução.
15807568,0.02,Baixo,Manter relacionamento ativo e acompanhar evolução.
15733602,0.02,Baixo,Manter relacionamento ativo e acompanhar evolução.
15786539,0.02,Baixo,Manter relacionamento ativo e acompanhar evolução.
15612832,0.02,Baixo,Manter relacionamento ativo e acompanhar evolução.
15654372,0.02,Baixo,Manter relacionamento ativo e acompanhar evolução.
15633854,0.02,Baixo,Manter relacionamento ativo e acompanhar evolução.
15585533,0.02,Baixo,Manter relacionamento ativo e acompanhar evolução.
15610056,0.02,Baixo,Manter relacionamento ativo e acompanhar evolução.
15751788,0.02,Baixo,Manter relacionamento ativo e acompanhar evolução.
15694296,0.02,Baixo,Manter relacionamento ativo e acompanhar evolução.
15591942,0.02,Baixo,Manter relacionamento ativo e acompanhar evolução.
15737080,0.02,Baixo,Manter relacionamento ativo e acompanhar evolução.
15668580,0.02,Baixo,Manter relacionamento ativo e acompanhar evolução.
15632143,0.02,Baixo,Manter relacionamento ativo e acompanhar evolução.
15734917,0.02,Baixo,Manter relacionamento ativo e acompanhar evolução.
15736601,0.02,Baixo,Manter relacionamento ativo e acompanhar evolução.
15572021,0.02,Baixo,Manter relacionamento ativo e acompanhar evolução.
15620577,0.02,Baixo,Manter relacionamento ativo e acompanhar evolução.
15745232,0.02,Baixo,Manter relacionamento ativo e acompanhar evolução.
15597957,0.02,Baixo,Manter relacionamento ativo e acompanhar evolução.
15589204,0.02,Baixo,Manter relacionamento ativo e acompanhar evolução.
15762332,0.02,Baixo,Manter relacionamento ativo e acompanhar evolução.
15786249,0.02,Baixo,Manter relacionamento ativo e acompanhar evolução.
15806901,0.02,Baixo,Manter relacionamento ativo e acompanhar evolução.
15574372,0.02,Baixo,Manter relacionamento ativo e acompanhar evolução.
15688689,0.02,Baixo,Manter relacionamento ativo e acompanhar evolução.
15797919,0.02,Baixo,Manter relacionamento ativo e acompanhar evolução.
15775949,0.02,Baixo,Manter relacionamento ativo e acompanhar evolução.
15574783,0.02,Baixo,Manter relacionamento ativo e acompanhar evolução.
15649418,0.02,Baixo,Manter relacionamento ativo e acompanhar evolução.
15795963,0.02,Baixo,Manter relacionamento ativo e acompanhar evolução.
15767598,0.02,Baixo,Manter relacionamento ativo e acompanhar evolução.
15778589,0.02,Baixo,Manter relacionamento ativo e acompanhar evolução.
15794178,0.02,Baixo,Manter relacionamento ativo e acompanhar evolução.
15589361,0.02,Baixo,Manter relacionamento ativo e acompanhar evolução.
15582960,0.02,Baixo,Manter relacionamento ativo e acompanhar evolução.
15718944,0.02,Baixo,Manter relacionamento ativo e acompanhar evolução.
15675501,0.02,Baixo,Manter relacionamento ativo e acompanhar evolução.
15680918,0.02,Baixo,Manter relacionamento ativo e acompanhar evolução.
15671804,0.02,Baixo,Manter relacionamento ativo e acompanhar evolução.
15753215,0.02,Baixo,Manter relacionamento ativo e acompanhar evolução.
15734948,0.02,Baixo,Manter relacionamento ativo e acompanhar evolução.
15645029,0.02,Baixo,Manter relacionamento ativo e acompanhar evolução.
15757425,0.02,Baixo,Manter relacionamento ativo e acompanhar evolução.
15602479,0.02,Baixo,Manter relacionamento ativo e acompanhar evolução.
15660768,0.02,Baixo,Manter relacionamento ativo e acompanhar evolução.
15574947,0.02,Baixo,Manter relacionamento ativo e acompanhar evolução.
15568164,0.02,Baixo,Manter relacionamento ativo e acompanhar evolução.
15657321,0.02,Baixo,Manter relacionamento ativo e acompanhar evolução.
15791030,0.02,Baixo,Manter relacionamento ativo e acompanhar evolução.
15670266,0.02,Baixo,Manter relacionamento ativo e acompanhar evolução.
15729279,0.02,Baixo,Manter relacionamento ativo e acompanhar evolução.
15769499,0.02,Baixo,Manter relacionamento ativo e acompanhar evolução.
15803682,0.02,Baixo,Manter relacionamento ativo e acompanhar evolução.
15667742,0.02,Baixo,Manter relacionamento ativo e acompanhar evolução.
15779744,0.02,Baixo,Manter relacionamento ativo e acompanhar evolução.
15686302,0.02,Baixo,Manter relacionamento ativo e acompanhar evolução.
15580493,0.02,Baixo,Manter relacionamento ativo e acompanhar evolução.
15735549,0.02,Baixo,Manter relacionamento ativo e acompanhar evolução.
15723373,0.02,Baixo,Manter relacionamento ativo e acompanhar evolução.
15795298,0.02,Baixo,Manter relacionamento ativo e acompanhar evolução.
15619407,0.02,Baixo,Manter relacionamento ativo e acompanhar evolução.
15722322,0.02,Baixo,Manter relacionamento ativo e acompanhar evolução.
15727408,0.02,Baixo,Manter relacionamento ativo e acompanhar evolução.
15642160,0.02,Baixo,Manter relacionamento ativo e acompanhar evolução.
15665376,0.02,Baixo,Manter relacionamento ativo e acompanhar evolução.
15793723,0.02,Baixo,Manter relacionamento ativo e acompanhar evolução.
15800806,0.02,Baixo,Manter relacionamento ativo e acompanhar evolução.
15575391,0.02,Baixo,Manter relacionamento ativo e acompanhar evolução.
15752388,0.02,Baixo,Manter relacionamento ativo e acompanhar evolução.
15762882,0.02,Baixo,Manter relacionamento ativo e acompanhar evolução.
15790958,0.02,Baixo,Manter relacionamento ativo e acompanhar evolução.
15750769,0.02,Baixo,Manter relacionamento ativo e acompanhar evolução.
15796167,0.02,Baixo,Manter relacionamento ativo e acompanhar evolução.
15607278,0.02,Baixo,Manter relacionamento ativo e acompanhar evolução.
15768465,0.02,Baixo,Manter relacionamento ativo e acompanhar evolução.
15587177,0.02,Baixo,Manter relacionamento ativo e acompanhar evolução.
15570947,0.02,Baixo,Manter relacionamento ativo e acompanhar evolução.
15606472,0.02,Baixo,Manter relacionamento ativo e acompanhar evolução.
15778830,0.02,Baixo,Manter relacionamento ativo e acompanhar evolução.
15767864,0.02,Baixo,Manter relacionamento ativo e acompanhar evolução.
15600379,0.02,Baixo,Manter relacionamento ativo e acompanhar evolução.
15722061,0.02,Baixo,Manter relacionamento ativo e acompanhar evolução.
15584928,0.02,Baixo,Manter relacionamento ativo e acompanhar evolução.
15779913,0.02,Baixo,Manter relacionamento ativo e acompanhar evolução.
15577478,0.02,Baixo,Manter relacionamento ativo e acompanhar evolução.
15786078,0.02,Baixo,Manter relacionamento ativo e acompanhar evolução.
15622518,0.02,Baixo,Manter relacionamento ativo e acompanhar evolução.
15750264,0.02,Baixo,Manter relacionamento ativo e acompanhar evolução.
15793641,0.02,Baixo,Manter relacionamento ativo e acompanhar evolução.
15590268,0.02,Baixo,Manter relacionamento ativo e acompanhar evolução.
15713479,0.02,Baixo,Manter relacionamento ativo e acompanhar evolução.
15701364,0.02,Baixo,Manter relacionamento ativo e acompanhar evolução.
15716822,0.02,Baixo,Manter relacionamento ativo e acompanhar evolução.
15744127,0.02,Baixo,Manter relacionamento ativo e acompanhar evolução.
15610594,0.02,Baixo,Manter relacionamento ativo e acompanhar evolução.
15647333,0.02,Baixo,Manter relacionamento ativo e acompanhar evolução.
15581370,0.02,Baixo,Manter relacionamento ativo e acompanhar evolução.
15794266,0.02,Baixo,Manter relacionamento ativo e acompanhar evolução.
15636061,0.02,Baixo,Manter relacionamento ativo e acompanhar evolução.
15635775,0.02,Baixo,Manter relacionamento ativo e acompanhar evolução.
15727291,0.02,Baixo,Manter relacionamento ativo e acompanhar evolução.
15799641,0.02,Baixo,Manter relacionamento ativo e acompanhar evolução.
15765192,0.02,Baixo,Manter relacionamento ativo e acompanhar evolução.
15801934,0.02,Baixo,Manter relacionamento ativo e acompanhar evolução.
15685536,0.02,Baixo,Manter relacionamento ativo e acompanhar evolução.
15591279,0.02,Baixo,Manter relacionamento ativo e acompanhar evolução.
15622585,0.02,Baixo,Manter relacionamento ativo e acompanhar evolução.
15808566,0.02,Baixo,Manter relacionamento ativo e acompanhar evolução.
15617790,0.02,Baixo,Manter relacionamento ativo e acompanhar evolução.
15651450,0.02,Baixo,Manter relacionamento ativo e acompanhar evolução.
15580146,0.02,Baixo,Manter relacionamento ativo e acompanhar evolução.
15688876,0.02,Baixo,Manter relacionamento ativo e acompanhar evolução.
15591607,0.02,Baixo,Manter relacionamento ativo e acompanhar evolução.
15580684,0.02,Baixo,Manter relacionamento ativo e acompanhar evolução.
15679642,0.02,Baixo,Manter relacionamento ativo e acompanhar evolução.
15583755,0.02,Baixo,Manter relacionamento ativo e acompanhar evolução.
15689602,0.02,Baixo,Manter relacionamento ativo e acompanhar evolução.
15643438,0.02,Baixo,Manter relacionamento ativo e acompanhar evolução.
15647800,0.02,Baixo,Manter relacionamento ativo e acompanhar evolução.
15746986,0.02,Baixo,Manter relacionamento ativo e acompanhar evolução.
15746461,0.02,Baixo,Manter relacionamento ativo e acompanhar evolução.
15788448,0.02,Baixo,Manter relacionamento ativo e acompanhar evolução.
15614049,0.015,Baixo,Manter relacionamento ativo e acompanhar evolução.
15780961,0.015,Baixo,Manter relacionamento ativo e acompanhar evolução.
15770811,0.015,Baixo,Manter relacionamento ativo e acompanhar evolução.
15642785,0.015,Baixo,Manter relacionamento ativo e acompanhar evolução.
15751412,0.015,Baixo,Manter relacionamento ativo e acompanhar evolução.
15572398,0.015,Baixo,Manter relacionamento ativo e acompanhar evolução.
15808846,0.015,Baixo,Manter relacionamento ativo e acompanhar evolução.
15717706,0.015,Baixo,Manter relacionamento ativo e acompanhar evolução.
15785326,0.015,Baixo,Manter relacionamento ativo e acompanhar evolução.
15633064,0.015,Baixo,Manter relacionamento ativo e acompanhar evolução.
15585823,0.015,Baixo,Manter relacionamento ativo e acompanhar evolução.
15729224,0.015,Baixo,Manter relacionamento ativo e acompanhar evolução.
15779481,0.015,Baixo,Manter relacionamento ativo e acompanhar evolução.
15754569,0.015,Baixo,Manter relacionamento ativo e acompanhar evolução.
15644765,0.015,Baixo,Manter relacionamento ativo e acompanhar evolução.
15704466,0.015,Baixo,Manter relacionamento ativo e acompanhar evolução.
15637522,0.015,Baixo,Manter relacionamento ativo e acompanhar evolução.
15736495,0.015,Baixo,Manter relacionamento ativo e acompanhar evolução.
15576094,0.015,Baixo,Manter relacionamento ativo e acompanhar evolução.
15697045,0.015,Baixo,Manter relacionamento ativo e acompanhar evolução.
15770525,0.015,Baixo,Manter relacionamento ativo e acompanhar evolução.
15696744,0.015,Baixo,Manter relacionamento ativo e acompanhar evolução.
15755825,0.015,Baixo,Manter relacionamento ativo e acompanhar evolução.
15798666,0.015,Baixo,Manter relacionamento ativo e acompanhar evolução.
15738411,0.015,Baixo,Manter relacionamento ativo e acompanhar evolução.
15655192,0.015,Baixo,Manter relacionamento ativo e acompanhar evolução.
15780124,0.015,Baixo,Manter relacionamento ativo e acompanhar evolução.
15742238,0.015,Baixo,Manter relacionamento ativo e acompanhar evolução.
15588928,0.015,Baixo,Manter relacionamento ativo e acompanhar evolução.
15753831,0.015,Baixo,Manter relacionamento ativo e acompanhar evolução.
15644977,0.015,Baixo,Manter relacionamento ativo e acompanhar evolução.
15674331,0.015,Baixo,Manter relacionamento ativo e acompanhar evolução.
15735106,0.015,Baixo,Manter relacionamento ativo e acompanhar evolução.
15768293,0.015,Baixo,Manter relacionamento ativo e acompanhar evolução.
15776844,0.015,Baixo,Manter relacionamento ativo e acompanhar evolução.
15759805,0.015,Baixo,Manter relacionamento ativo e acompanhar evolução.
15750055,0.015,Baixo,Manter relacionamento ativo e acompanhar evolução.
15773605,0.015,Baixo,Manter relacionamento ativo e acompanhar evolução.
15741429,0.015,Baixo,Manter relacionamento ativo e acompanhar evolução.
15675791,0.015,Baixo,Manter relacionamento ativo e acompanhar evolução.
15573086,0.015,Baixo,Manter relacionamento ativo e acompanhar evolução.
15620750,0.015,Baixo,Manter relacionamento ativo e acompanhar evolução.
15613097,0.015,Baixo,Manter relacionamento ativo e acompanhar evolução.
15762218,0.015,Baixo,Manter relacionamento ativo e acompanhar evolução.
15632576,0.015,Baixo,Manter relacionamento ativo e acompanhar evolução.
15707242,0.015,Baixo,Manter relacionamento ativo e acompanhar evolução.
15700946,0.015,Baixo,Manter relacionamento ativo e acompanhar evolução.
15675231,0.015,Baixo,Manter relacionamento ativo e acompanhar evolução.
15656322,0.015,Baixo,Manter relacionamento ativo e acompanhar evolução.
15687431,0.015,Baixo,Manter relacionamento ativo e acompanhar evolução.
15779267,0.015,Baixo,Manter relacionamento ativo e acompanhar evolução.
15777708,0.015,Baixo,Manter relacionamento ativo e acompanhar evolução.
15752344,0.015,Baixo,Manter relacionamento ativo e acompanhar evolução.
15642579,0.015,Baixo,Manter relacionamento ativo e acompanhar evolução.
15770185,0.015,Baixo,Manter relacionamento ativo e acompanhar evolução.
15758449,0.015,Baixo,Manter relacionamento ativo e acompanhar evolução.
15681081,0.015,Baixo,Manter relacionamento ativo e acompanhar evolução.
15658935,0.015,Baixo,Manter relacionamento ativo e acompanhar evolução.
15687828,0.015,Baixo,Manter relacionamento ativo e acompanhar evolução.
15623478,0.015,Baixo,Manter relacionamento ativo e acompanhar evolução.
15624850,0.015,Baixo,Manter relacionamento ativo e acompanhar evolução.
15745527,0.015,Baixo,Manter relacionamento ativo e acompanhar evolução.
15582797,0.015,Baixo,Manter relacionamento ativo e acompanhar evolução.
15677117,0.015,Baixo,Manter relacionamento ativo e acompanhar evolução.
15797748,0.015,Baixo,Manter relacionamento ativo e acompanhar evolução.
15799653,0.015,Baixo,Manter relacionamento ativo e acompanhar evolução.
15775627,0.015,Baixo,Manter relacionamento ativo e acompanhar evolução.
15590876,0.015,Baixo,Manter relacionamento ativo e acompanhar evolução.
15774744,0.015,Baixo,Manter relacionamento ativo e acompanhar evolução.
15629885,0.015,Baixo,Manter relacionamento ativo e acompanhar evolução.
15773098,0.015,Baixo,Manter relacionamento ativo e acompanhar evolução.
15776433,0.015,Baixo,Manter relacionamento ativo e acompanhar evolução.
15585133,0.015,Baixo,Manter relacionamento ativo e acompanhar evolução.
15794253,0.015,Baixo,Manter relacionamento ativo e acompanhar evolução.
15694453,0.015,Baixo,Manter relacionamento ativo e acompanhar evolução.
15572735,0.015,Baixo,Manter relacionamento ativo e acompanhar evolução.
15569446,0.015,Baixo,Manter relacionamento ativo e acompanhar evolução.
15777504,0.015,Baixo,Manter relacionamento ativo e acompanhar evolução.
15683213,0.015,Baixo,Manter relacionamento ativo e acompanhar evolução.
15708791,0.015,Baixo,Manter relacionamento ativo e acompanhar evolução.
15717629,0.015,Baixo,Manter relacionamento ativo e acompanhar evolução.
15656249,0.015,Baixo,Manter relacionamento ativo e acompanhar evolução.
15607884,0.015,Baixo,Manter relacionamento ativo e acompanhar evolução.
15605684,0.015,Baixo,Manter relacionamento ativo e acompanhar evolução.
15638988,0.015,Baixo,Manter relacionamento ativo e acompanhar evolução.
15717879,0.015,Baixo,Manter relacionamento ativo e acompanhar evolução.
15740878,0.015,Baixo,Manter relacionamento ativo e acompanhar evolução.
15619238,0.015,Baixo,Manter relacionamento ativo e acompanhar evolução.
15599152,0.015,Baixo,Manter relacionamento ativo e acompanhar evolução.
15690337,0.015,Baixo,Manter relacionamento ativo e acompanhar evolução.
15645353,0.015,Baixo,Manter relacionamento ativo e acompanhar evolução.
15628523,0.015,Baixo,Manter relacionamento ativo e acompanhar evolução.
15692317,0.015,Baixo,Manter relacionamento ativo e acompanhar evolução.
15624072,0.015,Baixo,Manter relacionamento ativo e acompanhar evolução.
15762198,0.015,Baixo,Manter relacionamento ativo e acompanhar evolução.
15703177,0.015,Baixo,Manter relacionamento ativo e acompanhar evolução.
15660263,0.015,Baixo,Manter relacionamento ativo e acompanhar evolução.
15607713,0.015,Baixo,Manter relacionamento ativo e acompanhar evolução.
15678385,0.015,Baixo,Manter relacionamento ativo e acompanhar evolução.
15679299,0.015,Baixo,Manter relacionamento ativo e acompanhar evolução.
15763747,0.015,Baixo,Manter relacionamento ativo e acompanhar evolução.
15642787,0.015,Baixo,Manter relacionamento ativo e acompanhar evolução.
15648064,0.015,Baixo,Manter relacionamento ativo e acompanhar evolução.
15758702,0.015,Baixo,Manter relacionamento ativo e acompanhar evolução.
15735222,0.015,Baixo,Manter relacionamento ativo e acompanhar evolução.
15632736,0.015,Baixo,Manter relacionamento ativo e acompanhar evolução.
15625716,0.015,Baixo,Manter relacionamento ativo e acompanhar evolução.
15780746,0.015,Baixo,Manter relacionamento ativo e acompanhar evolução.
15736769,0.015,Baixo,Manter relacionamento ativo e acompanhar evolução.
15763381,0.015,Baixo,Manter relacionamento ativo e acompanhar evolução.
15731117,0.015,Baixo,Manter relacionamento ativo e acompanhar evolução.
15621064,0.015,Baixo,Manter relacionamento ativo e acompanhar evolução.
15734365,0.015,Baixo,Manter relacionamento ativo e acompanhar evolução.
15597467,0.015,Baixo,Manter relacionamento ativo e acompanhar evolução.
15678626,0.015,Baixo,Manter relacionamento ativo e acompanhar evolução.
15586752,0.015,Baixo,Manter relacionamento ativo e acompanhar evolução.
15663921,0.015,Baixo,Manter relacionamento ativo e acompanhar evolução.
15659820,0.015,Baixo,Manter relacionamento ativo e acompanhar evolução.
15795429,0.015,Baixo,Manter relacionamento ativo e acompanhar evolução.
15703778,0.015,Baixo,Manter relacionamento ativo e acompanhar evolução.
15749557,0.015,Baixo,Manter relacionamento ativo e acompanhar evolução.
15578738,0.015,Baixo,Manter relacionamento ativo e acompanhar evolução.
15587013,0.015,Baixo,Manter relacionamento ativo e acompanhar evolução.
15622833,0.015,Baixo,Manter relacionamento ativo e acompanhar evolução.
15647111,0.015,Baixo,Manter relacionamento ativo e acompanhar evolução.
15604813,0.015,Baixo,Manter relacionamento ativo e acompanhar evolução.
15753343,0.015,Baixo,Manter relacionamento ativo e acompanhar evolução.
15684999,0.015,Baixo,Manter relacionamento ativo e acompanhar evolução.
15670753,0.015,Baixo,Manter relacionamento ativo e acompanhar evolução.
15641114,0.015,Baixo,Manter relacionamento ativo e acompanhar evolução.
15762902,0.015,Baixo,Manter relacionamento ativo e acompanhar evolução.
15583595,0.015,Baixo,Manter relacionamento ativo e acompanhar evolução.
15786014,0.015,Baixo,Manter relacionamento ativo e acompanhar evolução.
15598275,0.015,Baixo,Manter relacionamento ativo e acompanhar evolução.
15756056,0.015,Baixo,Manter relacionamento ativo e acompanhar evolução.
15627212,0.015,Baixo,Manter relacionamento ativo e acompanhar evolução.
15702561,0.015,Baixo,Manter relacionamento ativo e acompanhar evolução.
15812850,0.015,Baixo,Manter relacionamento ativo e acompanhar evolução.
15605375,0.015,Baixo,Manter relacionamento ativo e acompanhar evolução.
15743478,0.015,Baixo,Manter relacionamento ativo e acompanhar evolução.
15808326,0.015,Baixo,Manter relacionamento ativo e acompanhar evolução.
15650924,0.015,Baixo,Manter relacionamento ativo e acompanhar evolução.
15756481,0.015,Baixo,Manter relacionamento ativo e acompanhar evolução.
15575119,0.015,Baixo,Manter relacionamento ativo e acompanhar evolução.
15740630,0.015,Baixo,Manter relacionamento ativo e acompanhar evolução.
15745624,0.015,Baixo,Manter relacionamento ativo e acompanhar evolução.
15670668,0.015,Baixo,Manter relacionamento ativo e acompanhar evolução.
15689237,0.015,Baixo,Manter relacionamento ativo e acompanhar evolução.
15642725,0.015,Baixo,Manter relacionamento ativo e acompanhar evolução.
15756820,0.015,Baixo,Manter relacionamento ativo e acompanhar evolução.
15750929,0.015,Baixo,Manter relacionamento ativo e acompanhar evolução.
15696098,0.015,Baixo,Manter relacionamento ativo e acompanhar evolução.
15622442,0.015,Baixo,Manter relacionamento ativo e acompanhar evolução.
15767871,0.015,Baixo,Manter relacionamento ativo e acompanhar evolução.
15575430,0.015,Baixo,Manter relacionamento ativo e acompanhar evolução.
15574071,0.015,Baixo,Manter relacionamento ativo e acompanhar evolução.
15795690,0.015,Baixo,Manter relacionamento ativo e acompanhar evolução.
15751167,0.015,Baixo,Manter relacionamento ativo e acompanhar evolução.
15793825,0.015,Baixo,Manter relacionamento ativo e acompanhar evolução.
15574122,0.015,Baixo,Manter relacionamento ativo e acompanhar evolução.
15701765,0.015,Baixo,Manter relacionamento ativo e acompanhar evolução.
15570141,0.015,Baixo,Manter relacionamento ativo e acompanhar evolução.
15728683,0.015,Baixo,Manter relacionamento ativo e acompanhar evolução.
15609176,0.015,Baixo,Manter relacionamento ativo e acompanhar evolução.
15587266,0.015,Baixo,Manter relacionamento ativo e acompanhar evolução.
15610403,0.015,Baixo,Manter relacionamento ativo e acompanhar evolução.
15636673,0.015,Baixo,Manter relacionamento ativo e acompanhar evolução.
15656717,0.015,Baixo,Manter relacionamento ativo e acompanhar evolução.
15723671,0.015,Baixo,Manter relacionamento ativo e acompanhar evolução.
15698758,0.015,Baixo,Manter relacionamento ativo e acompanhar evolução.
15777830,0.015,Baixo,Manter relacionamento ativo e acompanhar evolução.
15753462,0.015,Baixo,Manter relacionamento ativo e acompanhar evolução.
15590476,0.015,Baixo,Manter relacionamento ativo e acompanhar evolução.
15567919,0.015,Baixo,Manter relacionamento ativo e acompanhar evolução.
15656417,0.015,Baixo,Manter relacionamento ativo e acompanhar evolução.
15813327,0.015,Baixo,Manter relacionamento ativo e acompanhar evolução.
15654300,0.015,Baixo,Manter relacionamento ativo e acompanhar evolução.
15626485,0.015,Baixo,Manter relacionamento ativo e acompanhar evolução.
15743570,0.015,Baixo,Manter relacionamento ativo e acompanhar evolução.
15579559,0.015,Baixo,Manter relacionamento ativo e acompanhar evolução.
15625698,0.015,Baixo,Manter relacionamento ativo e acompanhar evolução.
15774510,0.015,Baixo,Manter relacionamento ativo e acompanhar evolução.
15634815,0.015,Baixo,Manter relacionamento ativo e acompanhar evolução.
15595557,0.015,Baixo,Manter relacionamento ativo e acompanhar evolução.
15693704,0.015,Baixo,Manter relacionamento ativo e acompanhar evolução.
15683562,0.015,Baixo,Manter relacionamento ativo e acompanhar evolução.
15705383,0.015,Baixo,Manter relacionamento ativo e acompanhar evolução.
15583138,0.015,Baixo,Manter relacionamento ativo e acompanhar evolução.
15726796,0.015,Baixo,Manter relacionamento ativo e acompanhar evolução.
15652192,0.015,Baixo,Manter relacionamento ativo e acompanhar evolução.
15636396,0.015,Baixo,Manter relacionamento ativo e acompanhar evolução.
15725478,0.015,Baixo,Manter relacionamento ativo e acompanhar evolução.
15748481,0.015,Baixo,Manter relacionamento ativo e acompanhar evolução.
15744105,0.015,Baixo,Manter relacionamento ativo e acompanhar evolução.
15758031,0.015,Baixo,Manter relacionamento ativo e acompanhar evolução.
15743076,0.015,Baixo,Manter relacionamento ativo e acompanhar evolução.
15777904,0.015,Baixo,Manter relacionamento ativo e acompanhar evolução.
15622729,0.015,Baixo,Manter relacionamento ativo e acompanhar evolução.
15754874,0.015,Baixo,Manter relacionamento ativo e acompanhar evolução.
15579914,0.015,Baixo,Manter relacionamento ativo e acompanhar evolução.
15595160,0.015,Baixo,Manter relacionamento ativo e acompanhar evolução.
15789863,0.015,Baixo,Manter relacionamento ativo e acompanhar evolução.
15666141,0.015,Baixo,Manter relacionamento ativo e acompanhar evolução.
15656121,0.015,Baixo,Manter relacionamento ativo e acompanhar evolução.
15579714,0.015,Baixo,Manter relacionamento ativo e acompanhar evolução.
15760550,0.015,Baixo,Manter relacionamento ativo e acompanhar evolução.
15665784,0.015,Baixo,Manter relacionamento ativo e acompanhar evolução.
15648766,0.015,Baixo,Manter relacionamento ativo e acompanhar evolução.
15803406,0.015,Baixo,Manter relacionamento ativo e acompanhar evolução.
15615670,0.015,Baixo,Manter relacionamento ativo e acompanhar evolução.
15792008,0.015,Baixo,Manter relacionamento ativo e acompanhar evolução.
15622470,0.015,Baixo,Manter relacionamento ativo e acompanhar evolução.
15771323,0.015,Baixo,Manter relacionamento ativo e acompanhar evolução.
15621205,0.015,Baixo,Manter relacionamento ativo e acompanhar evolução.
15724428,0.015,Baixo,Manter relacionamento ativo e acompanhar evolução.
15677243,0.015,Baixo,Manter relacionamento ativo e acompanhar evolução.
15624437,0.015,Baixo,Manter relacionamento ativo e acompanhar evolução.
15671582,0.015,Baixo,Manter relacionamento ativo e acompanhar evolução.
15591360,0.015,Baixo,Manter relacionamento ativo e acompanhar evolução.
15767414,0.015,Baixo,Manter relacionamento ativo e acompanhar evolução.
15714493,0.015,Baixo,Manter relacionamento ativo e acompanhar evolução.
15708693,0.015,Baixo,Manter relacionamento ativo e acompanhar evolução.
15659568,0.015,Baixo,Manter relacionamento ativo e acompanhar evolução.
15791304,0.015,Baixo,Manter relacionamento ativo e acompanhar evolução.
15780846,0.015,Baixo,Manter relacionamento ativo e acompanhar evolução.
15621629,0.015,Baixo,Manter relacionamento ativo e acompanhar evolução.
15733797,0.015,Baixo,Manter relacionamento ativo e acompanhar evolução.
15757777,0.015,Baixo,Manter relacionamento ativo e acompanhar evolução.
15733705,0.015,Baixo,Manter relacionamento ativo e acompanhar evolução.
15595588,0.015,Baixo,Manter relacionamento ativo e acompanhar evolução.
15742632,0.015,Baixo,Manter relacionamento ativo e acompanhar evolução.
15667651,0.015,Baixo,Manter relacionamento ativo e acompanhar evolução.
15769346,0.015,Baixo,Manter relacionamento ativo e acompanhar evolução.
15705735,0.015,Baixo,Manter relacionamento ativo e acompanhar evolução.
15686983,0.015,Baixo,Manter relacionamento ativo e acompanhar evolução.
15603743,0.015,Baixo,Manter relacionamento ativo e acompanhar evolução.
15724663,0.015,Baixo,Manter relacionamento ativo e acompanhar evolução.
15814998,0.015,Baixo,Manter relacionamento ativo e acompanhar evolução.
15570360,0.015,Baixo,Manter relacionamento ativo e acompanhar evolução.
15706637,0.015,Baixo,Manter relacionamento ativo e acompanhar evolução.
15781710,0.015,Baixo,Manter relacionamento ativo e acompanhar evolução.
15678720,0.015,Baixo,Manter relacionamento ativo e acompanhar evolução.
15604963,0.015,Baixo,Manter relacionamento ativo e acompanhar evolução.
15764195,0.015,Baixo,Manter relacionamento ativo e acompanhar evolução.
15728773,0.015,Baixo,Manter relacionamento ativo e acompanhar evolução.
15600575,0.015,Baixo,Manter relacionamento ativo e acompanhar evolução.
15746139,0.015,Baixo,Manter relacionamento ativo e acompanhar evolução.
15713559,0.015,Baixo,Manter relacionamento ativo e acompanhar evolução.
15660980,0.015,Baixo,Manter relacionamento ativo e acompanhar evolução.
15753754,0.015,Baixo,Manter relacionamento ativo e acompanhar evolução.
15673693,0.015,Baixo,Manter relacionamento ativo e acompanhar evolução.
15764293,0.015,Baixo,Manter relacionamento ativo e acompanhar evolução.
15660602,0.015,Baixo,Manter relacionamento ativo e acompanhar evolução.
15635367,0.015,Baixo,Manter relacionamento ativo e acompanhar evolução.
15720509,0.015,Baixo,Manter relacionamento ativo e acompanhar evolução.
15741092,0.015,Baixo,Manter relacionamento ativo e acompanhar evolução.
15801630,0.015,Baixo,Manter relacionamento ativo e acompanhar evolução.
15672016,0.015,Baixo,Manter relacionamento ativo e acompanhar evolução.
15812009,0.015,Baixo,Manter relacionamento ativo e acompanhar evolução.
15622658,0.015,Baixo,Manter relacionamento ativo e acompanhar evolução.
15648272,0.015,Baixo,Manter relacionamento ativo e acompanhar evolução.
15808473,0.015,Baixo,Manter relacionamento ativo e acompanhar evolução.
15606836,0.015,Baixo,Manter relacionamento ativo e acompanhar evolução.
15568238,0.015,Baixo,Manter relacionamento ativo e acompanhar evolução.
15665374,0.015,Baixo,Manter relacionamento ativo e acompanhar evolução.
15722993,0.015,Baixo,Manter relacionamento ativo e acompanhar evolução.
15721917,0.015,Baixo,Manter relacionamento ativo e acompanhar evolução.
15736299,0.015,Baixo,Manter relacionamento ativo e acompanhar evolução.
15584930,0.015,Baixo,Manter relacionamento ativo e acompanhar evolução.
15608387,0.015,Baixo,Manter relacionamento ativo e acompanhar evolução.
15608328,0.015,Baixo,Manter relacionamento ativo e acompanhar evolução.
15718443,0.015,Baixo,Manter relacionamento ativo e acompanhar evolução.
15756918,0.015,Baixo,Manter relacionamento ativo e acompanhar evolução.
15782630,0.015,Baixo,Manter relacionamento ativo e acompanhar evolução.
15585284,0.015,Baixo,Manter relacionamento ativo e acompanhar evolução.
15790689,0.015,Baixo,Manter relacionamento ativo e acompanhar evolução.
15650258,0.015,Baixo,Manter relacionamento ativo e acompanhar evolução.
15726186,0.015,Baixo,Manter relacionamento ativo e acompanhar evolução.
15693259,0.015,Baixo,Manter relacionamento ativo e acompanhar evolução.
15691647,0.015,Baixo,Manter relacionamento ativo e acompanhar evolução.
15736254,0.015,Baixo,Manter relacionamento ativo e acompanhar evolução.
15664759,0.015,Baixo,Manter relacionamento ativo e acompanhar evolução.
15703106,0.015,Baixo,Manter relacionamento ativo e acompanhar evolução.
15797964,0.015,Baixo,Manter relacionamento ativo e acompanhar evolução.
15659807,0.015,Baixo,Manter relacionamento ativo e acompanhar evolução.
15700650,0.015,Baixo,Manter relacionamento ativo e acompanhar evolução.
15804256,0.015,Baixo,Manter relacionamento ativo e acompanhar evolução.
15575438,0.015,Baixo,Manter relacionamento ativo e acompanhar evolução.
15761692,0.015,Baixo,Manter relacionamento ativo e acompanhar evolução.
15770554,0.015,Baixo,Manter relacionamento ativo e acompanhar evolução.
15644686,0.015,Baixo,Manter relacionamento ativo e acompanhar evolução.
15608166,0.015,Baixo,Manter relacionamento ativo e acompanhar evolução.
15747014,0.015,Baixo,Manter relacionamento ativo e acompanhar evolução.
15697283,0.015,Baixo,Manter relacionamento ativo e acompanhar evolução.
15740356,0.015,Baixo,Manter relacionamento ativo e acompanhar evolução.
15768244,0.015,Baixo,Manter relacionamento ativo e acompanhar evolução.
15795228,0.015,Baixo,Manter relacionamento ativo e acompanhar evolução.
15707681,0.015,Baixo,Manter relacionamento ativo e acompanhar evolução.
15812073,0.015,Baixo,Manter relacionamento ativo e acompanhar evolução.
15756850,0.015,Baixo,Manter relacionamento ativo e acompanhar evolução.
15700366,0.015,Baixo,Manter relacionamento ativo e acompanhar evolução.
15612109,0.015,Baixo,Manter relacionamento ativo e acompanhar evolução.
15645766,0.015,Baixo,Manter relacionamento ativo e acompanhar evolução.
15766667,0.015,Baixo,Manter relacionamento ativo e acompanhar evolução.
15742504,0.015,Baixo,Manter relacionamento ativo e acompanhar evolução.
15796434,0.015,Baixo,Manter relacionamento ativo e acompanhar evolução.
15750458,0.015,Baixo,Manter relacionamento ativo e acompanhar evolução.
15656454,0.015,Baixo,Manter relacionamento ativo e acompanhar evolução.
15720820,0.015,Baixo,Manter relacionamento ativo e acompanhar evolução.
15814022,0.015,Baixo,Manter relacionamento ativo e acompanhar evolução.
15784890,0.015,Baixo,Manter relacionamento ativo e acompanhar evolução.
15603378,0.015,Baixo,Manter relacionamento ativo e acompanhar evolução.
15696900,0.015,Baixo,Manter relacionamento ativo e acompanhar evolução.
15793803,0.015,Baixo,Manter relacionamento ativo e acompanhar evolução.
15570004,0.015,Baixo,Manter relacionamento ativo e acompanhar evolução.
15708193,0.015,Baixo,Manter relacionamento ativo e acompanhar evolução.
15738150,0.015,Baixo,Manter relacionamento ativo e acompanhar evolução.
15590199,0.015,Baixo,Manter relacionamento ativo e acompanhar evolução.
15610557,0.015,Baixo,Manter relacionamento ativo e acompanhar evolução.
15619898,0.015,Baixo,Manter relacionamento ativo e acompanhar evolução.
15797227,0.015,Baixo,Manter relacionamento ativo e acompanhar evolução.
15737051,0.015,Baixo,Manter relacionamento ativo e acompanhar evolução.
15645045,0.015,Baixo,Manter relacionamento ativo e acompanhar evolução.
15612769,0.015,Baixo,Manter relacionamento ativo e acompanhar evolução.
15697625,0.015,Baixo,Manter relacionamento ativo e acompanhar evolução.
15728564,0.015,Baixo,Manter relacionamento ativo e acompanhar evolução.
15787196,0.015,Baixo,Manter relacionamento ativo e acompanhar evolução.
15775433,0.015,Baixo,Manter relacionamento ativo e acompanhar evolução.
15686909,0.015,Baixo,Manter relacionamento ativo e acompanhar evolução.
15715184,0.015,Baixo,Manter relacionamento ativo e acompanhar evolução.
15596060,0.015,Baixo,Manter relacionamento ativo e acompanhar evolução.
15723886,0.015,Baixo,Manter relacionamento ativo e acompanhar evolução.
15636024,0.015,Baixo,Manter relacionamento ativo e acompanhar evolução.
15697460,0.015,Baixo,Manter relacionamento ativo e acompanhar evolução.
15801473,0.015,Baixo,Manter relacionamento ativo e acompanhar evolução.
15735688,0.015,Baixo,Manter relacionamento ativo e acompanhar evolução.
15594039,0.015,Baixo,Manter relacionamento ativo e acompanhar evolução.
15718280,0.015,Baixo,Manter relacionamento ativo e acompanhar evolução.
15792004,0.015,Baixo,Manter relacionamento ativo e acompanhar evolução.
15593470,0.015,Baixo,Manter relacionamento ativo e acompanhar evolução.
15700083,0.015,Baixo,Manter relacionamento ativo e acompanhar evolução.
15779743,0.015,Baixo,Manter relacionamento ativo e acompanhar evolução.
15701166,0.015,Baixo,Manter relacionamento ativo e acompanhar evolução.
15752694,0.015,Baixo,Manter relacionamento ativo e acompanhar evolução.
15775124,0.015,Baixo,Manter relacionamento ativo e acompanhar evolução.
15632848,0.015,Baixo,Manter relacionamento ativo e acompanhar evolução.
15589563,0.015,Baixo,Manter relacionamento ativo e acompanhar evolução.
15693162,0.015,Baixo,Manter relacionamento ativo e acompanhar evolução.
15635256,0.015,Baixo,Manter relacionamento ativo e acompanhar evolução.
15594409,0.015,Baixo,Manter relacionamento ativo e acompanhar evolução.
15743760,0.015,Baixo,Manter relacionamento ativo e acompanhar evolução.
15626742,0.015,Baixo,Manter relacionamento ativo e acompanhar evolução.
15704081,0.015,Baixo,Manter relacionamento ativo e acompanhar evolução.
15708650,0.015,Baixo,Manter relacionamento ativo e acompanhar evolução.
15626385,0.015,Baixo,Manter relacionamento ativo e acompanhar evolução.
15746127,0.015,Baixo,Manter relacionamento ativo e acompanhar evolução.
15730418,0.015,Baixo,Manter relacionamento ativo e acompanhar evolução.
15617082,0.015,Baixo,Manter relacionamento ativo e acompanhar evolução.
15648721,0.015,Baixo,Manter relacionamento ativo e acompanhar evolução.
15583480,0.015,Baixo,Manter relacionamento ativo e acompanhar evolução.
15650322,0.015,Baixo,Manter relacionamento ativo e acompanhar evolução.
15794345,0.015,Baixo,Manter relacionamento ativo e acompanhar evolução.
15763097,0.015,Baixo,Manter relacionamento ativo e acompanhar evolução.
15665062,0.015,Baixo,Manter relacionamento ativo e acompanhar evolução.
15632826,0.015,Baixo,Manter relacionamento ativo e acompanhar evolução.
15627830,0.015,Baixo,Manter relacionamento ativo e acompanhar evolução.
15570855,0.015,Baixo,Manter relacionamento ativo e acompanhar evolução.
15782778,0.015,Baixo,Manter relacionamento ativo e acompanhar evolução.
15598883,0.015,Baixo,Manter relacionamento ativo e acompanhar evolução.
15706764,0.015,Baixo,Manter relacionamento ativo e acompanhar evolução.
15709511,0.015,Baixo,Manter relacionamento ativo e acompanhar evolução.
15624068,0.015,Baixo,Manter relacionamento ativo e acompanhar evolução.
15748920,0.015,Baixo,Manter relacionamento ativo e acompanhar evolução.
15709604,0.015,Baixo,Manter relacionamento ativo e acompanhar evolução.
15610727,0.015,Baixo,Manter relacionamento ativo e acompanhar evolução.
15723153,0.015,Baixo,Manter relacionamento ativo e acompanhar evolução.
15646756,0.015,Baixo,Manter relacionamento ativo e acompanhar evolução.
15717498,0.015,Baixo,Manter relacionamento ativo e acompanhar evolução.
15719265,0.015,Baixo,Manter relacionamento ativo e acompanhar evolução.
15624936,0.015,Baixo,Manter relacionamento ativo e acompanhar evolução.
15739168,0.015,Baixo,Manter relacionamento ativo e acompanhar evolução.
15775803,0.015,Baixo,Manter relacionamento ativo e acompanhar evolução.
15749807,0.015,Baixo,Manter relacionamento ativo e acompanhar evolução.
15766869,0.015,Baixo,Manter relacionamento ativo e acompanhar evolução.
15721585,0.015,Baixo,Manter relacionamento ativo e acompanhar evolução.
15699450,0.015,Baixo,Manter relacionamento ativo e acompanhar evolução.
15778694,0.015,Baixo,Manter relacionamento ativo e acompanhar evolução.
15619029,0.015,Baixo,Manter relacionamento ativo e acompanhar evolução.
15600821,0.015,Baixo,Manter relacionamento ativo e acompanhar evolução.
15618647,0.015,Baixo,Manter relacionamento ativo e acompanhar evolução.
15707696,0.015,Baixo,Manter relacionamento ativo e acompanhar evolução.
15661532,0.015,Baixo,Manter relacionamento ativo e acompanhar evolução.
15784700,0.015,Baixo,Manter relacionamento ativo e acompanhar evolução.
15763065,0.015,Baixo,Manter relacionamento ativo e acompanhar evolução.
15792232,0.015,Baixo,Manter relacionamento ativo e acompanhar evolução.
15783349,0.015,Baixo,Manter relacionamento ativo e acompanhar evolução.
15653784,0.015,Baixo,Manter relacionamento ativo e acompanhar evolução.
15578375,0.015,Baixo,Manter relacionamento ativo e acompanhar evolução.
15604482,0.015,Baixo,Manter relacionamento ativo e acompanhar evolução.
15690526,0.015,Baixo,Manter relacionamento ativo e acompanhar evolução.
15619537,0.015,Baixo,Manter relacionamento ativo e acompanhar evolução.
15732563,0.015,Baixo,Manter relacionamento ativo e acompanhar evolução.
15798429,0.015,Baixo,Manter relacionamento ativo e acompanhar evolução.
15774164,0.015,Baixo,Manter relacionamento ativo e acompanhar evolução.
15662294,0.015,Baixo,Manter relacionamento ativo e acompanhar evolução.
15759317,0.015,Baixo,Manter relacionamento ativo e acompanhar evolução.
15732199,0.015,Baixo,Manter relacionamento ativo e acompanhar evolução.
15793854,0.015,Baixo,Manter relacionamento ativo e acompanhar evolução.
15757473,0.015,Baixo,Manter relacionamento ativo e acompanhar evolução.
15715939,0.015,Baixo,Manter relacionamento ativo e acompanhar evolução.
15752139,0.015,Baixo,Manter relacionamento ativo e acompanhar evolução.
15666200,0.015,Baixo,Manter relacionamento ativo e acompanhar evolução.
15694192,0.015,Baixo,Manter relacionamento ativo e acompanhar evolução.
15574142,0.015,Baixo,Manter relacionamento ativo e acompanhar evolução.
15632365,0.015,Baixo,Manter relacionamento ativo e acompanhar evolução.
15734737,0.015,Baixo,Manter relacionamento ativo e acompanhar evolução.
15631201,0.015,Baixo,Manter relacionamento ativo e acompanhar evolução.
15621093,0.015,Baixo,Manter relacionamento ativo e acompanhar evolução.
15815645,0.015,Baixo,Manter relacionamento ativo e acompanhar evolução.
15763798,0.015,Baixo,Manter relacionamento ativo e acompanhar evolução.
15758013,0.015,Baixo,Manter relacionamento ativo e acompanhar evolução.
15740283,0.015,Baixo,Manter relacionamento ativo e acompanhar evolução.
15799480,0.015,Baixo,Manter relacionamento ativo e acompanhar evolução.
15795166,0.015,Baixo,Manter relacionamento ativo e acompanhar evolução.
15733111,0.015,Baixo,Manter relacionamento ativo e acompanhar evolução.
15613197,0.015,Baixo,Manter relacionamento ativo e acompanhar evolução.
15714883,0.015,Baixo,Manter relacionamento ativo e acompanhar evolução.
15617029,0.015,Baixo,Manter relacionamento ativo e acompanhar evolução.
15654183,0.015,Baixo,Manter relacionamento ativo e acompanhar evolução.
15729515,0.015,Baixo,Manter relacionamento ativo e acompanhar evolução.
15584477,0.015,Baixo,Manter relacionamento ativo e acompanhar evolução.
15589493,0.015,Baixo,Manter relacionamento ativo e acompanhar evolução.
15746028,0.015,Baixo,Manter relacionamento ativo e acompanhar evolução.
15641575,0.015,Baixo,Manter relacionamento ativo e acompanhar evolução.
15637354,0.015,Baixo,Manter relacionamento ativo e acompanhar evolução.
15793331,0.015,Baixo,Manter relacionamento ativo e acompanhar evolução.
15614137,0.015,Baixo,Manter relacionamento ativo e acompanhar evolução.
15768387,0.015,Baixo,Manter relacionamento ativo e acompanhar evolução.
15790659,0.015,Baixo,Manter relacionamento ativo e acompanhar evolução.
15691446,0.015,Baixo,Manter relacionamento ativo e acompanhar evolução.
15699195,0.015,Baixo,Manter relacionamento ativo e acompanhar evolução.
15792077,0.015,Baixo,Manter relacionamento ativo e acompanhar evolução.
15665008,0.015,Baixo,Manter relacionamento ativo e acompanhar evolução.
15591386,0.015,Baixo,Manter relacionamento ativo e acompanhar evolução.
15765322,0.015,Baixo,Manter relacionamento ativo e acompanhar evolução.
15644962,0.015,Baixo,Manter relacionamento ativo e acompanhar evolução.
15578307,0.015,Baixo,Manter relacionamento ativo e acompanhar evolução.
15655632,0.015,Baixo,Manter relacionamento ativo e acompanhar evolução.
15612140,0.015,Baixo,Manter relacionamento ativo e acompanhar evolução.
15684592,0.015,Baixo,Manter relacionamento ativo e acompanhar evolução.
15788151,0.015,Baixo,Manter relacionamento ativo e acompanhar evolução.
15777922,0.015,Baixo,Manter relacionamento ativo e acompanhar evolução.
15677173,0.015,Baixo,Manter relacionamento ativo e acompanhar evolução.
15671358,0.015,Baixo,Manter relacionamento ativo e acompanhar evolução.
15572294,0.015,Baixo,Manter relacionamento ativo e acompanhar evolução.
15798385,0.015,Baixo,Manter relacionamento ativo e acompanhar evolução.
15720187,0.015,Baixo,Manter relacionamento ativo e acompanhar evolução.
15717046,0.015,Baixo,Manter relacionamento ativo e acompanhar evolução.
15758513,0.015,Baixo,Manter relacionamento ativo e acompanhar evolução.
15815428,0.015,Baixo,Manter relacionamento ativo e acompanhar evolução.
15615444,0.015,Baixo,Manter relacionamento ativo e acompanhar evolução.
15681342,0.015,Baixo,Manter relacionamento ativo e acompanhar evolução.
15747345,0.015,Baixo,Manter relacionamento ativo e acompanhar evolução.
15584452,0.015,Baixo,Manter relacionamento ativo e acompanhar evolução.
15606435,0.015,Baixo,Manter relacionamento ativo e acompanhar evolução.
15661548,0.015,Baixo,Manter relacionamento ativo e acompanhar evolução.
15625632,0.015,Baixo,Manter relacionamento ativo e acompanhar evolução.
15772604,0.015,Baixo,Manter relacionamento ativo e acompanhar evolução.
15591135,0.015,Baixo,Manter relacionamento ativo e acompanhar evolução.
15588587,0.015,Baixo,Manter relacionamento ativo e acompanhar evolução.
15773709,0.015,Baixo,Manter relacionamento ativo e acompanhar evolução.
15724834,0.015,Baixo,Manter relacionamento ativo e acompanhar evolução.
15653696,0.015,Baixo,Manter relacionamento ativo e acompanhar evolução.
15589948,0.015,Baixo,Manter relacionamento ativo e acompanhar evolução.
15795738,0.015,Baixo,Manter relacionamento ativo e acompanhar evolução.
15607874,0.015,Baixo,Manter relacionamento ativo e acompanhar evolução.
15797065,0.015,Baixo,Manter relacionamento ativo e acompanhar evolução.
15705085,0.015,Baixo,Manter relacionamento ativo e acompanhar evolução.
15650889,0.015,Baixo,Manter relacionamento ativo e acompanhar evolução.
15763665,0.015,Baixo,Manter relacionamento ativo e acompanhar evolução.
15715707,0.015,Baixo,Manter relacionamento ativo e acompanhar evolução.
15634719,0.015,Baixo,Manter relacionamento ativo e acompanhar evolução.
15745433,0.015,Baixo,Manter relacionamento ativo e acompanhar evolução.
15701176,0.015,Baixo,Manter relacionamento ativo e acompanhar evolução.
15708422,0.015,Baixo,Manter relacionamento ativo e acompanhar evolução.
15648032,0.015,Baixo,Manter relacionamento ativo e acompanhar evolução.
15778959,0.015,Baixo,Manter relacionamento ativo e acompanhar evolução.
15800703,0.015,Baixo,Manter relacionamento ativo e acompanhar evolução.
15689044,0.015,Baixo,Manter relacionamento ativo e acompanhar evolução.
15747130,0.015,Baixo,Manter relacionamento ativo e acompanhar evolução.
15643819,0.015,Baixo,Manter relacionamento ativo e acompanhar evolução.
15777855,0.015,Baixo,Manter relacionamento ativo e acompanhar evolução.
15701206,0.015,Baixo,Manter relacionamento ativo e acompanhar evolução.
15581280,0.015,Baixo,Manter relacionamento ativo e acompanhar evolução.
15609356,0.015,Baixo,Manter relacionamento ativo e acompanhar evolução.
15656188,0.015,Baixo,Manter relacionamento ativo e acompanhar evolução.
15715643,0.015,Baixo,Manter relacionamento ativo e acompanhar evolução.
15702656,0.015,Baixo,Manter relacionamento ativo e acompanhar evolução.
15580953,0.015,Baixo,Manter relacionamento ativo e acompanhar evolução.
15805151,0.015,Baixo,Manter relacionamento ativo e acompanhar evolução.
15606849,0.015,Baixo,Manter relacionamento ativo e acompanhar evolução.
15718779,0.015,Baixo,Manter relacionamento ativo e acompanhar evolução.
15666430,0.015,Baixo,Manter relacionamento ativo e acompanhar evolução.
15636016,0.015,Baixo,Manter relacionamento ativo e acompanhar evolução.
15627042,0.015,Baixo,Manter relacionamento ativo e acompanhar evolução.
15704586,0.015,Baixo,Manter relacionamento ativo e acompanhar evolução.
15674526,0.015,Baixo,Manter relacionamento ativo e acompanhar evolução.
15790019,0.015,Baixo,Manter relacionamento ativo e acompanhar evolução.
15618314,0.015,Baixo,Manter relacionamento ativo e acompanhar evolução.
15697702,0.015,Baixo,Manter relacionamento ativo e acompanhar evolução.
15674991,0.015,Baixo,Manter relacionamento ativo e acompanhar evolução.
15704681,0.015,Baixo,Manter relacionamento ativo e acompanhar evolução.
15667392,0.015,Baixo,Manter relacionamento ativo e acompanhar evolução.
15643361,0.015,Baixo,Manter relacionamento ativo e acompanhar evolução.
15581968,0.015,Baixo,Manter relacionamento ativo e acompanhar evolução.
15613337,0.015,Baixo,Manter relacionamento ativo e acompanhar evolução.
15645942,0.015,Baixo,Manter relacionamento ativo e acompanhar evolução.
15635240,0.015,Baixo,Manter relacionamento ativo e acompanhar evolução.
15727857,0.015,Baixo,Manter relacionamento ativo e acompanhar evolução.
15683560,0.015,Baixo,Manter relacionamento ativo e acompanhar evolução.
15622230,0.015,Baixo,Manter relacionamento ativo e acompanhar evolução.
15738220,0.015,Baixo,Manter relacionamento ativo e acompanhar evolução.
15670866,0.015,Baixo,Manter relacionamento ativo e acompanhar evolução.
15774536,0.015,Baixo,Manter relacionamento ativo e acompanhar evolução.
15788218,0.015,Baixo,Manter relacionamento ativo e acompanhar evolução.
15692259,0.015,Baixo,Manter relacionamento ativo e acompanhar evolução.
15801605,0.015,Baixo,Manter relacionamento ativo e acompanhar evolução.
15639669,0.015,Baixo,Manter relacionamento ativo e acompanhar evolução.
15622578,0.015,Baixo,Manter relacionamento ativo e acompanhar evolução.
15737888,0.015,Baixo,Manter relacionamento ativo e acompanhar evolução.
15773469,0.015,Baixo,Manter relacionamento ativo e acompanhar evolução.
15703354,0.015,Baixo,Manter relacionamento ativo e acompanhar evolução.
15727251,0.015,Baixo,Manter relacionamento ativo e acompanhar evolução.
15653997,0.015,Baixo,Manter relacionamento ativo e acompanhar evolução.
15649086,0.015,Baixo,Manter relacionamento ativo e acompanhar evolução.
15634262,0.015,Baixo,Manter relacionamento ativo e acompanhar evolução.
15814536,0.015,Baixo,Manter relacionamento ativo e acompanhar evolução.
15738042,0.015,Baixo,Manter relacionamento ativo e acompanhar evolução.
15567422,0.015,Baixo,Manter relacionamento ativo e acompanhar evolução.
15600882,0.015,Baixo,Manter relacionamento ativo e acompanhar evolução.
15659710,0.015,Baixo,Manter relacionamento ativo e acompanhar evolução.
15694506,0.015,Baixo,Manter relacionamento ativo e acompanhar evolução.
15791342,0.015,Baixo,Manter relacionamento ativo e acompanhar evolução.
15770631,0.015,Baixo,Manter relacionamento ativo e acompanhar evolução.
15687719,0.015,Baixo,Manter relacionamento ativo e acompanhar evolução.
15758750,0.015,Baixo,Manter relacionamento ativo e acompanhar evolução.
15723685,0.015,Baixo,Manter relacionamento ativo e acompanhar evolução.
15720745,0.015,Baixo,Manter relacionamento ativo e acompanhar evolução.
15795079,0.015,Baixo,Manter relacionamento ativo e acompanhar evolução.
15757434,0.015,Baixo,Manter relacionamento ativo e acompanhar evolução.
15586757,0.015,Baixo,Manter relacionamento ativo e acompanhar evolução.
15633870,0.015,Baixo,Manter relacionamento ativo e acompanhar evolução.
15715920,0.015,Baixo,Manter relacionamento ativo e acompanhar evolução.
15707025,0.015,Baixo,Manter relacionamento ativo e acompanhar evolução.
15698028,0.015,Baixo,Manter relacionamento ativo e acompanhar evolução.
15738721,0.015,Baixo,Manter relacionamento ativo e acompanhar evolução.
15592461,0.01,Baixo,Manter relacionamento ativo e acompanhar evolução.
15589329,0.01,Baixo,Manter relacionamento ativo e acompanhar evolução.
15772995,0.01,Baixo,Manter relacionamento ativo e acompanhar evolução.
15599386,0.01,Baixo,Manter relacionamento ativo e acompanhar evolução.
15610002,0.01,Baixo,Manter relacionamento ativo e acompanhar evolução.
15574480,0.01,Baixo,Manter relacionamento ativo e acompanhar evolução.
15690673,0.01,Baixo,Manter relacionamento ativo e acompanhar evolução.
15682472,0.01,Baixo,Manter relacionamento ativo e acompanhar evolução.
15637829,0.01,Baixo,Manter relacionamento ativo e acompanhar evolução.
15702277,0.01,Baixo,Manter relacionamento ativo e acompanhar evolução.
15633260,0.01,Baixo,Manter relacionamento ativo e acompanhar evolução.
15815660,0.01,Baixo,Manter relacionamento ativo e acompanhar evolução.
15632850,0.01,Baixo,Manter relacionamento ativo e acompanhar evolução.
15686957,0.01,Baixo,Manter relacionamento ativo e acompanhar evolução.
15711750,0.01,Baixo,Manter relacionamento ativo e acompanhar evolução.
15706128,0.01,Baixo,Manter relacionamento ativo e acompanhar evolução.
15611024,0.01,Baixo,Manter relacionamento ativo e acompanhar evolução.
15646310,0.01,Baixo,Manter relacionamento ativo e acompanhar evolução.
15675522,0.01,Baixo,Manter relacionamento ativo e acompanhar evolução.
15645717,0.01,Baixo,Manter relacionamento ativo e acompanhar evolução.
15793346,0.01,Baixo,Manter relacionamento ativo e acompanhar evolução.
15679663,0.01,Baixo,Manter relacionamento ativo e acompanhar evolução.
15718231,0.01,Baixo,Manter relacionamento ativo e acompanhar evolução.
15776051,0.01,Baixo,Manter relacionamento ativo e acompanhar evolução.
15814209,0.01,Baixo,Manter relacionamento ativo e acompanhar evolução.
15723620,0.01,Baixo,Manter relacionamento ativo e acompanhar evolução.
15611599,0.01,Baixo,Manter relacionamento ativo e acompanhar evolução.
15709142,0.01,Baixo,Manter relacionamento ativo e acompanhar evolução.
15577398,0.01,Baixo,Manter relacionamento ativo e acompanhar evolução.
15623196,0.01,Baixo,Manter relacionamento ativo e acompanhar evolução.
15617401,0.01,Baixo,Manter relacionamento ativo e acompanhar evolução.
15806420,0.01,Baixo,Manter relacionamento ativo e acompanhar evolução.
15737404,0.01,Baixo,Manter relacionamento ativo e acompanhar evolução.
15631162,0.01,Baixo,Manter relacionamento ativo e acompanhar evolução.
15567486,0.01,Baixo,Manter relacionamento ativo e acompanhar evolução.
15800482,0.01,Baixo,Manter relacionamento ativo e acompanhar evolução.
15658148,0.01,Baixo,Manter relacionamento ativo e acompanhar evolução.
15721719,0.01,Baixo,Manter relacionamento ativo e acompanhar evolução.
15717898,0.01,Baixo,Manter relacionamento ativo e acompanhar evolução.
15729065,0.01,Baixo,Manter relacionamento ativo e acompanhar evolução.
15750574,0.01,Baixo,Manter relacionamento ativo e acompanhar evolução.
15605827,0.01,Baixo,Manter relacionamento ativo e acompanhar evolução.
15794323,0.01,Baixo,Manter relacionamento ativo e acompanhar evolução.
15780492,0.01,Baixo,Manter relacionamento ativo e acompanhar evolução.
15735968,0.01,Baixo,Manter relacionamento ativo e acompanhar evolução.
15591179,0.01,Baixo,Manter relacionamento ativo e acompanhar evolução.
15761348,0.01,Baixo,Manter relacionamento ativo e acompanhar evolução.
15612615,0.01,Baixo,Manter relacionamento ativo e acompanhar evolução.
15704483,0.01,Baixo,Manter relacionamento ativo e acompanhar evolução.
15589496,0.01,Baixo,Manter relacionamento ativo e acompanhar evolução.
15649451,0.01,Baixo,Manter relacionamento ativo e acompanhar evolução.
15748995,0.01,Baixo,Manter relacionamento ativo e acompanhar evolução.
15764726,0.01,Baixo,Manter relacionamento ativo e acompanhar evolução.
15619626,0.01,Baixo,Manter relacionamento ativo e acompanhar evolução.
15634267,0.01,Baixo,Manter relacionamento ativo e acompanhar evolução.
15713637,0.01,Baixo,Manter relacionamento ativo e acompanhar evolução.
15615032,0.01,Baixo,Manter relacionamento ativo e acompanhar evolução.
15658306,0.01,Baixo,Manter relacionamento ativo e acompanhar evolução.
15802823,0.01,Baixo,Manter relacionamento ativo e acompanhar evolução.
15629617,0.01,Baixo,Manter relacionamento ativo e acompanhar evolução.
15721487,0.01,Baixo,Manter relacionamento ativo e acompanhar evolução.
15720838,0.01,Baixo,Manter relacionamento ativo e acompanhar evolução.
15716518,0.01,Baixo,Manter relacionamento ativo e acompanhar evolução.
15612071,0.01,Baixo,Manter relacionamento ativo e acompanhar evolução.
15750547,0.01,Baixo,Manter relacionamento ativo e acompanhar evolução.
15631170,0.01,Baixo,Manter relacionamento ativo e acompanhar evolução.
15723400,0.01,Baixo,Manter relacionamento ativo e acompanhar evolução.
15694995,0.01,Baixo,Manter relacionamento ativo e acompanhar evolução.
15682890,0.01,Baixo,Manter relacionamento ativo e acompanhar evolução.
15699550,0.01,Baixo,Manter relacionamento ativo e acompanhar evolução.
15742323,0.01,Baixo,Manter relacionamento ativo e acompanhar evolução.
15705352,0.01,Baixo,Manter relacionamento ativo e acompanhar evolução.
15709412,0.01,Baixo,Manter relacionamento ativo e acompanhar evolução.
15578515,0.01,Baixo,Manter relacionamento ativo e acompanhar evolução.
15654229,0.01,Baixo,Manter relacionamento ativo e acompanhar evolução.
15753895,0.01,Baixo,Manter relacionamento ativo e acompanhar evolução.
15739502,0.01,Baixo,Manter relacionamento ativo e acompanhar evolução.
15754112,0.01,Baixo,Manter relacionamento ativo e acompanhar evolução.
15743051,0.01,Baixo,Manter relacionamento ativo e acompanhar evolução.
15682834,0.01,Baixo,Manter relacionamento ativo e acompanhar evolução.
15662662,0.01,Baixo,Manter relacionamento ativo e acompanhar evolução.
15775234,0.01,Baixo,Manter relacionamento ativo e acompanhar evolução.
15685109,0.01,Baixo,Manter relacionamento ativo e acompanhar evolução.
15759290,0.01,Baixo,Manter relacionamento ativo e acompanhar evolução.
15682728,0.01,Baixo,Manter relacionamento ativo e acompanhar evolução.
15725509,0.01,Baixo,Manter relacionamento ativo e acompanhar evolução.
15715667,0.01,Baixo,Manter relacionamento ativo e acompanhar evolução.
15791045,0.01,Baixo,Manter relacionamento ativo e acompanhar evolução.
15791316,0.01,Baixo,Manter relacionamento ativo e acompanhar evolução.
15711396,0.01,Baixo,Manter relacionamento ativo e acompanhar evolução.
15680224,0.01,Baixo,Manter relacionamento ativo e acompanhar evolução.
15813681,0.01,Baixo,Manter relacionamento ativo e acompanhar evolução.
15716284,0.01,Baixo,Manter relacionamento ativo e acompanhar evolução.
15599251,0.01,Baixo,Manter relacionamento ativo e acompanhar evolução.
15751175,0.01,Baixo,Manter relacionamento ativo e acompanhar evolução.
15719931,0.01,Baixo,Manter relacionamento ativo e acompanhar evolução.
15584190,0.01,Baixo,Manter relacionamento ativo e acompanhar evolução.
15573769,0.01,Baixo,Manter relacionamento ativo e acompanhar evolução.
15639882,0.01,Baixo,Manter relacionamento ativo e acompanhar evolução.
15693347,0.01,Baixo,Manter relacionamento ativo e acompanhar evolução.
15765048,0.01,Baixo,Manter relacionamento ativo e acompanhar evolução.
15605965,0.01,Baixo,Manter relacionamento ativo e acompanhar evolução.
15641007,0.01,Baixo,Manter relacionamento ativo e acompanhar evolução.
15569394,0.01,Baixo,Manter relacionamento ativo e acompanhar evolução.
15713043,0.01,Baixo,Manter relacionamento ativo e acompanhar evolução.
15745623,0.01,Baixo,Manter relacionamento ativo e acompanhar evolução.
15600997,0.01,Baixo,Manter relacionamento ativo e acompanhar evolução.
15576526,0.01,Baixo,Manter relacionamento ativo e acompanhar evolução.
15670914,0.01,Baixo,Manter relacionamento ativo e acompanhar evolução.
15625904,0.01,Baixo,Manter relacionamento ativo e acompanhar evolução.
15671789,0.01,Baixo,Manter relacionamento ativo e acompanhar evolução.
15663888,0.01,Baixo,Manter relacionamento ativo e acompanhar evolução.
15599124,0.01,Baixo,Manter relacionamento ativo e acompanhar evolução.
15624428,0.01,Baixo,Manter relacionamento ativo e acompanhar evolução.
15618258,0.01,Baixo,Manter relacionamento ativo e acompanhar evolução.
15711759,0.01,Baixo,Manter relacionamento ativo e acompanhar evolução.
15665014,0.01,Baixo,Manter relacionamento ativo e acompanhar evolução.
15697686,0.01,Baixo,Manter relacionamento ativo e acompanhar evolução.
15685476,0.01,Baixo,Manter relacionamento ativo e acompanhar evolução.
15706899,0.01,Baixo,Manter relacionamento ativo e acompanhar evolução.
15664204,0.01,Baixo,Manter relacionamento ativo e acompanhar evolução.
15693904,0.01,Baixo,Manter relacionamento ativo e acompanhar evolução.
15743456,0.01,Baixo,Manter relacionamento ativo e acompanhar evolução.
15728362,0.01,Baixo,Manter relacionamento ativo e acompanhar evolução.
15743075,0.01,Baixo,Manter relacionamento ativo e acompanhar evolução.
15606901,0.01,Baixo,Manter relacionamento ativo e acompanhar evolução.
15744919,0.01,Baixo,Manter relacionamento ativo e acompanhar evolução.
15629133,0.01,Baixo,Manter relacionamento ativo e acompanhar evolução.
15758477,0.01,Baixo,Manter relacionamento ativo e acompanhar evolução.
15675328,0.01,Baixo,Manter relacionamento ativo e acompanhar evolução.
15716024,0.01,Baixo,Manter relacionamento ativo e acompanhar evolução.
15741633,0.01,Baixo,Manter relacionamento ativo e acompanhar evolução.
15575581,0.01,Baixo,Manter relacionamento ativo e acompanhar evolução.
15668504,0.01,Baixo,Manter relacionamento ativo e acompanhar evolução.
15800295,0.01,Baixo,Manter relacionamento ativo e acompanhar evolução.
15782219,0.01,Baixo,Manter relacionamento ativo e acompanhar evolução.
15790497,0.01,Baixo,Manter relacionamento ativo e acompanhar evolução.
15736146,0.01,Baixo,Manter relacionamento ativo e acompanhar evolução.
15623695,0.01,Baixo,Manter relacionamento ativo e acompanhar evolução.
15775430,0.01,Baixo,Manter relacionamento ativo e acompanhar evolução.
15674750,0.01,Baixo,Manter relacionamento ativo e acompanhar evolução.
15600280,0.01,Baixo,Manter relacionamento ativo e acompanhar evolução.
15692977,0.01,Baixo,Manter relacionamento ativo e acompanhar evolução.
15600027,0.01,Baixo,Manter relacionamento ativo e acompanhar evolução.
15764419,0.01,Baixo,Manter relacionamento ativo e acompanhar evolução.
15689425,0.01,Baixo,Manter relacionamento ativo e acompanhar evolução.
15723250,0.01,Baixo,Manter relacionamento ativo e acompanhar evolução.
15793813,0.01,Baixo,Manter relacionamento ativo e acompanhar evolução.
15710138,0.01,Baixo,Manter relacionamento ativo e acompanhar evolução.
15783029,0.01,Baixo,Manter relacionamento ativo e acompanhar evolução.
15617134,0.01,Baixo,Manter relacionamento ativo e acompanhar evolução.
15757837,0.01,Baixo,Manter relacionamento ativo e acompanhar evolução.
15744279,0.01,Baixo,Manter relacionamento ativo e acompanhar evolução.
15589541,0.01,Baixo,Manter relacionamento ativo e acompanhar evolução.
15640133,0.01,Baixo,Manter relacionamento ativo e acompanhar evolução.
15661656,0.01,Baixo,Manter relacionamento ativo e acompanhar evolução.
15700353,0.01,Baixo,Manter relacionamento ativo e acompanhar evolução.
15576219,0.01,Baixo,Manter relacionamento ativo e acompanhar evolução.
15805104,0.01,Baixo,Manter relacionamento ativo e acompanhar evolução.
15748856,0.01,Baixo,Manter relacionamento ativo e acompanhar evolução.
15720968,0.01,Baixo,Manter relacionamento ativo e acompanhar evolução.
15602030,0.01,Baixo,Manter relacionamento ativo e acompanhar evolução.
15678168,0.01,Baixo,Manter relacionamento ativo e acompanhar evolução.
15741049,0.01,Baixo,Manter relacionamento ativo e acompanhar evolução.
15599533,0.01,Baixo,Manter relacionamento ativo e acompanhar evolução.
15652615,0.01,Baixo,Manter relacionamento ativo e acompanhar evolução.
15638272,0.01,Baixo,Manter relacionamento ativo e acompanhar evolução.
15773277,0.01,Baixo,Manter relacionamento ativo e acompanhar evolução.
15579915,0.01,Baixo,Manter relacionamento ativo e acompanhar evolução.
15682322,0.01,Baixo,Manter relacionamento ativo e acompanhar evolução.
15707042,0.01,Baixo,Manter relacionamento ativo e acompanhar evolução.
15683118,0.01,Baixo,Manter relacionamento ativo e acompanhar evolução.
15698349,0.01,Baixo,Manter relacionamento ativo e acompanhar evolução.
15623966,0.01,Baixo,Manter relacionamento ativo e acompanhar evolução.
15757577,0.01,Baixo,Manter relacionamento ativo e acompanhar evolução.
15674206,0.01,Baixo,Manter relacionamento ativo e acompanhar evolução.
15594577,0.01,Baixo,Manter relacionamento ativo e acompanhar evolução.
15706186,0.01,Baixo,Manter relacionamento ativo e acompanhar evolução.
15743016,0.01,Baixo,Manter relacionamento ativo e acompanhar evolução.
15785980,0.01,Baixo,Manter relacionamento ativo e acompanhar evolução.
15602500,0.01,Baixo,Manter relacionamento ativo e acompanhar evolução.
15617877,0.01,Baixo,Manter relacionamento ativo e acompanhar evolução.
15721592,0.01,Baixo,Manter relacionamento ativo e acompanhar evolução.
15794493,0.01,Baixo,Manter relacionamento ativo e acompanhar evolução.
15640260,0.01,Baixo,Manter relacionamento ativo e acompanhar evolução.
15631333,0.01,Baixo,Manter relacionamento ativo e acompanhar evolução.
15739576,0.01,Baixo,Manter relacionamento ativo e acompanhar evolução.
15714397,0.01,Baixo,Manter relacionamento ativo e acompanhar evolução.
15609058,0.01,Baixo,Manter relacionamento ativo e acompanhar evolução.
15764708,0.01,Baixo,Manter relacionamento ativo e acompanhar evolução.
15694879,0.01,Baixo,Manter relacionamento ativo e acompanhar evolução.
15673907,0.01,Baixo,Manter relacionamento ativo e acompanhar evolução.
15662901,0.01,Baixo,Manter relacionamento ativo e acompanhar evolução.
15724536,0.01,Baixo,Manter relacionamento ativo e acompanhar evolução.
15715078,0.01,Baixo,Manter relacionamento ativo e acompanhar evolução.
15665579,0.01,Baixo,Manter relacionamento ativo e acompanhar evolução.
15610433,0.01,Baixo,Manter relacionamento ativo e acompanhar evolução.
15796351,0.01,Baixo,Manter relacionamento ativo e acompanhar evolução.
15756475,0.01,Baixo,Manter relacionamento ativo e acompanhar evolução.
15582616,0.01,Baixo,Manter relacionamento ativo e acompanhar evolução.
15749679,0.01,Baixo,Manter relacionamento ativo e acompanhar evolução.
15779711,0.01,Baixo,Manter relacionamento ativo e acompanhar evolução.
15720893,0.01,Baixo,Manter relacionamento ativo e acompanhar evolução.
15703588,0.01,Baixo,Manter relacionamento ativo e acompanhar evolução.
15812945,0.01,Baixo,Manter relacionamento ativo e acompanhar evolução.
15808784,0.01,Baixo,Manter relacionamento ativo e acompanhar evolução.
15637427,0.01,Baixo,Manter relacionamento ativo e acompanhar evolução.
15605968,0.01,Baixo,Manter relacionamento ativo e acompanhar evolução.
15736397,0.01,Baixo,Manter relacionamento ativo e acompanhar evolução.
15566689,0.01,Baixo,Manter relacionamento ativo e acompanhar evolução.
15625395,0.01,Baixo,Manter relacionamento ativo e acompanhar evolução.
15727467,0.01,Baixo,Manter relacionamento ativo e acompanhar evolução.
15688172,0.01,Baixo,Manter relacionamento ativo e acompanhar evolução.
15671249,0.01,Baixo,Manter relacionamento ativo e acompanhar evolução.
15801072,0.01,Baixo,Manter relacionamento ativo e acompanhar evolução.
15691863,0.01,Baixo,Manter relacionamento ativo e acompanhar evolução.
15592570,0.01,Baixo,Manter relacionamento ativo e acompanhar evolução.
15689517,0.01,Baixo,Manter relacionamento ativo e acompanhar evolução.
15617419,0.01,Baixo,Manter relacionamento ativo e acompanhar evolução.
15598940,0.01,Baixo,Manter relacionamento ativo e acompanhar evolução.
15758546,0.01,Baixo,Manter relacionamento ativo e acompanhar evolução.
15813363,0.01,Baixo,Manter relacionamento ativo e acompanhar evolução.
15677135,0.01,Baixo,Manter relacionamento ativo e acompanhar evolução.
15671139,0.01,Baixo,Manter relacionamento ativo e acompanhar evolução.
15806926,0.01,Baixo,Manter relacionamento ativo e acompanhar evolução.
15666012,0.01,Baixo,Manter relacionamento ativo e acompanhar evolução.
15665760,0.01,Baixo,Manter relacionamento ativo e acompanhar evolução.
15814553,0.01,Baixo,Manter relacionamento ativo e acompanhar evolução.
15623072,0.01,Baixo,Manter relacionamento ativo e acompanhar evolução.
15659937,0.01,Baixo,Manter relacionamento ativo e acompanhar evolução.
15681327,0.01,Baixo,Manter relacionamento ativo e acompanhar evolução.
15814275,0.01,Baixo,Manter relacionamento ativo e acompanhar evolução.
15733119,0.01,Baixo,Manter relacionamento ativo e acompanhar evolução.
15813871,0.01,Baixo,Manter relacionamento ativo e acompanhar evolução.
15615575,0.01,Baixo,Manter relacionamento ativo e acompanhar evolução.
15763662,0.01,Baixo,Manter relacionamento ativo e acompanhar evolução.
15775108,0.01,Baixo,Manter relacionamento ativo e acompanhar evolução.
15627741,0.01,Baixo,Manter relacionamento ativo e acompanhar evolução.
15807989,0.01,Baixo,Manter relacionamento ativo e acompanhar evolução.
15665629,0.01,Baixo,Manter relacionamento ativo e acompanhar evolução.
15811947,0.01,Baixo,Manter relacionamento ativo e acompanhar evolução.
15785183,0.01,Baixo,Manter relacionamento ativo e acompanhar evolução.
15706706,0.01,Baixo,Manter relacionamento ativo e acompanhar evolução.
15801417,0.01,Baixo,Manter relacionamento ativo e acompanhar evolução.
15675316,0.01,Baixo,Manter relacionamento ativo e acompanhar evolução.
15728906,0.01,Baixo,Manter relacionamento ativo e acompanhar evolução.
15676810,0.01,Baixo,Manter relacionamento ativo e acompanhar evolução.
15754713,0.01,Baixo,Manter relacionamento ativo e acompanhar evolução.
15747647,0.01,Baixo,Manter relacionamento ativo e acompanhar evolução.
15589312,0.01,Baixo,Manter relacionamento ativo e acompanhar evolução.
15724889,0.01,Baixo,Manter relacionamento ativo e acompanhar evolução.
15701200,0.01,Baixo,Manter relacionamento ativo e acompanhar evolução.
15599956,0.01,Baixo,Manter relacionamento ativo e acompanhar evolução.
15783276,0.01,Baixo,Manter relacionamento ativo e acompanhar evolução.
15660833,0.01,Baixo,Manter relacionamento ativo e acompanhar evolução.
15739223,0.01,Baixo,Manter relacionamento ativo e acompanhar evolução.
15657439,0.01,Baixo,Manter relacionamento ativo e acompanhar evolução.
15623668,0.01,Baixo,Manter relacionamento ativo e acompanhar evolução.
15604832,0.01,Baixo,Manter relacionamento ativo e acompanhar evolução.
15713621,0.01,Baixo,Manter relacionamento ativo e acompanhar evolução.
15763327,0.01,Baixo,Manter relacionamento ativo e acompanhar evolução.
15720353,0.01,Baixo,Manter relacionamento ativo e acompanhar evolução.
15734609,0.01,Baixo,Manter relacionamento ativo e acompanhar evolução.
15627412,0.01,Baixo,Manter relacionamento ativo e acompanhar evolução.
15739042,0.01,Baixo,Manter relacionamento ativo e acompanhar evolução.
15575486,0.01,Baixo,Manter relacionamento ativo e acompanhar evolução.
15667554,0.01,Baixo,Manter relacionamento ativo e acompanhar evolução.
15603328,0.01,Baixo,Manter relacionamento ativo e acompanhar evolução.
15720662,0.01,Baixo,Manter relacionamento ativo e acompanhar evolução.
15752488,0.01,Baixo,Manter relacionamento ativo e acompanhar evolução.
15600912,0.01,Baixo,Manter relacionamento ativo e acompanhar evolução.
15753550,0.01,Baixo,Manter relacionamento ativo e acompanhar evolução.
15793196,0.01,Baixo,Manter relacionamento ativo e acompanhar evolução.
15691624,0.01,Baixo,Manter relacionamento ativo e acompanhar evolução.
15752534,0.01,Baixo,Manter relacionamento ativo e acompanhar evolução.
15718921,0.01,Baixo,Manter relacionamento ativo e acompanhar evolução.
15582016,0.01,Baixo,Manter relacionamento ativo e acompanhar evolução.
15775826,0.01,Baixo,Manter relacionamento ativo e acompanhar evolução.
15753229,0.01,Baixo,Manter relacionamento ativo e acompanhar evolução.
15810864,0.01,Baixo,Manter relacionamento ativo e acompanhar evolução.
15815364,0.01,Baixo,Manter relacionamento ativo e acompanhar evolução.
15652469,0.01,Baixo,Manter relacionamento ativo e acompanhar evolução.
15636700,0.01,Baixo,Manter relacionamento ativo e acompanhar evolução.
15569626,0.01,Baixo,Manter relacionamento ativo e acompanhar evolução.
15592451,0.01,Baixo,Manter relacionamento ativo e acompanhar evolução.
15758372,0.01,Baixo,Manter relacionamento ativo e acompanhar evolução.
15720050,0.01,Baixo,Manter relacionamento ativo e acompanhar evolução.
15572390,0.01,Baixo,Manter relacionamento ativo e acompanhar evolução.
15614230,0.01,Baixo,Manter relacionamento ativo e acompanhar evolução.
15621244,0.01,Baixo,Manter relacionamento ativo e acompanhar evolução.
15660155,0.01,Baixo,Manter relacionamento ativo e acompanhar evolução.
15797246,0.01,Baixo,Manter relacionamento ativo e acompanhar evolução.
15786680,0.01,Baixo,Manter relacionamento ativo e acompanhar evolução.
15809227,0.01,Baixo,Manter relacionamento ativo e acompanhar evolução.
15711130,0.01,Baixo,Manter relacionamento ativo e acompanhar evolução.
15790336,0.01,Baixo,Manter relacionamento ativo e acompanhar evolução.
15723884,0.01,Baixo,Manter relacionamento ativo e acompanhar evolução.
15767921,0.01,Baixo,Manter relacionamento ativo e acompanhar evolução.
15586300,0.01,Baixo,Manter relacionamento ativo e acompanhar evolução.
15598700,0.01,Baixo,Manter relacionamento ativo e acompanhar evolução.
15583033,0.01,Baixo,Manter relacionamento ativo e acompanhar evolução.
15739997,0.01,Baixo,Manter relacionamento ativo e acompanhar evolução.
15626042,0.01,Baixo,Manter relacionamento ativo e acompanhar evolução.
15745196,0.01,Baixo,Manter relacionamento ativo e acompanhar evolução.
15698271,0.01,Baixo,Manter relacionamento ativo e acompanhar evolução.
15682686,0.01,Baixo,Manter relacionamento ativo e acompanhar evolução.
15636478,0.01,Baixo,Manter relacionamento ativo e acompanhar evolução.
15783859,0.01,Baixo,Manter relacionamento ativo e acompanhar evolução.
15681509,0.01,Baixo,Manter relacionamento ativo e acompanhar evolução.
15566292,0.01,Baixo,Manter relacionamento ativo e acompanhar evolução.
15637993,0.01,Baixo,Manter relacionamento ativo e acompanhar evolução.
15763806,0.01,Baixo,Manter relacionamento ativo e acompanhar evolução.
15626233,0.01,Baixo,Manter relacionamento ativo e acompanhar evolução.
15569572,0.01,Baixo,Manter relacionamento ativo e acompanhar evolução.
15808621,0.01,Baixo,Manter relacionamento ativo e acompanhar evolução.
15700937,0.01,Baixo,Manter relacionamento ativo e acompanhar evolução.
15705918,0.01,Baixo,Manter relacionamento ativo e acompanhar evolução.
15671351,0.01,Baixo,Manter relacionamento ativo e acompanhar evolução.
15763515,0.01,Baixo,Manter relacionamento ativo e acompanhar evolução.
15725767,0.01,Baixo,Manter relacionamento ativo e acompanhar evolução.
15605835,0.01,Baixo,Manter relacionamento ativo e acompanhar evolução.
15741745,0.01,Baixo,Manter relacionamento ativo e acompanhar evolução.
15792151,0.01,Baixo,Manter relacionamento ativo e acompanhar evolução.
15734246,0.01,Baixo,Manter relacionamento ativo e acompanhar evolução.
15656829,0.01,Baixo,Manter relacionamento ativo e acompanhar evolução.
15721024,0.01,Baixo,Manter relacionamento ativo e acompanhar evolução.
15748625,0.01,Baixo,Manter relacionamento ativo e acompanhar evolução.
15596962,0.01,Baixo,Manter relacionamento ativo e acompanhar evolução.
15602551,0.01,Baixo,Manter relacionamento ativo e acompanhar evolução.
15589224,0.01,Baixo,Manter relacionamento ativo e acompanhar evolução.
15615096,0.01,Baixo,Manter relacionamento ativo e acompanhar evolução.
15757916,0.01,Baixo,Manter relacionamento ativo e acompanhar evolução.
15592123,0.01,Baixo,Manter relacionamento ativo e acompanhar evolução.
15599552,0.01,Baixo,Manter relacionamento ativo e acompanhar evolução.
15618581,0.01,Baixo,Manter relacionamento ativo e acompanhar evolução.
15807294,0.01,Baixo,Manter relacionamento ativo e acompanhar evolução.
15652540,0.01,Baixo,Manter relacionamento ativo e acompanhar evolução.
15736431,0.01,Baixo,Manter relacionamento ativo e acompanhar evolução.
15704581,0.01,Baixo,Manter relacionamento ativo e acompanhar evolução.
15804864,0.01,Baixo,Manter relacionamento ativo e acompanhar evolução.
15635752,0.01,Baixo,Manter relacionamento ativo e acompanhar evolução.
15685314,0.01,Baixo,Manter relacionamento ativo e acompanhar evolução.
15581102,0.01,Baixo,Manter relacionamento ativo e acompanhar evolução.
15568834,0.01,Baixo,Manter relacionamento ativo e acompanhar evolução.
15596212,0.01,Baixo,Manter relacionamento ativo e acompanhar evolução.
15617304,0.01,Baixo,Manter relacionamento ativo e acompanhar evolução.
15767794,0.01,Baixo,Manter relacionamento ativo e acompanhar evolução.
15682467,0.01,Baixo,Manter relacionamento ativo e acompanhar evolução.
15794014,0.01,Baixo,Manter relacionamento ativo e acompanhar evolução.
15785488,0.01,Baixo,Manter relacionamento ativo e acompanhar evolução.
15783541,0.01,Baixo,Manter relacionamento ativo e acompanhar evolução.
15645835,0.01,Baixo,Manter relacionamento ativo e acompanhar evolução.
15707551,0.01,Baixo,Manter relacionamento ativo e acompanhar evolução.
15715394,0.01,Baixo,Manter relacionamento ativo e acompanhar evolução.
15626806,0.01,Baixo,Manter relacionamento ativo e acompanhar evolução.
15786237,0.01,Baixo,Manter relacionamento ativo e acompanhar evolução.
15648951,0.01,Baixo,Manter relacionamento ativo e acompanhar evolução.
15659355,0.01,Baixo,Manter relacionamento ativo e acompanhar evolução.
15717185,0.01,Baixo,Manter relacionamento ativo e acompanhar evolução.
15770567,0.01,Baixo,Manter relacionamento ativo e acompanhar evolução.
15565879,0.01,Baixo,Manter relacionamento ativo e acompanhar evolução.
15679909,0.01,Baixo,Manter relacionamento ativo e acompanhar evolução.
15744770,0.01,Baixo,Manter relacionamento ativo e acompanhar evolução.
15605950,0.01,Baixo,Manter relacionamento ativo e acompanhar evolução.
15732448,0.01,Baixo,Manter relacionamento ativo e acompanhar evolução.
15751774,0.01,Baixo,Manter relacionamento ativo e acompanhar evolução.
15590344,0.01,Baixo,Manter relacionamento ativo e acompanhar evolução.
15605130,0.01,Baixo,Manter relacionamento ativo e acompanhar evolução.
15686743,0.01,Baixo,Manter relacionamento ativo e acompanhar evolução.
15589030,0.01,Baixo,Manter relacionamento ativo e acompanhar evolução.
15809663,0.01,Baixo,Manter relacionamento ativo e acompanhar evolução.
15694805,0.01,Baixo,Manter relacionamento ativo e acompanhar evolução.
15750396,0.01,Baixo,Manter relacionamento ativo e acompanhar evolução.
15694272,0.01,Baixo,Manter relacionamento ativo e acompanhar evolução.
15772341,0.01,Baixo,Manter relacionamento ativo e acompanhar evolução.
15700601,0.01,Baixo,Manter relacionamento ativo e acompanhar evolução.
15760851,0.01,Baixo,Manter relacionamento ativo e acompanhar evolução.
15593683,0.01,Baixo,Manter relacionamento ativo e acompanhar evolução.
15622454,0.01,Baixo,Manter relacionamento ativo e acompanhar evolução.
15679024,0.01,Baixo,Manter relacionamento ativo e acompanhar evolução.
15657214,0.01,Baixo,Manter relacionamento ativo e acompanhar evolução.
15734311,0.01,Baixo,Manter relacionamento ativo e acompanhar evolução.
15766787,0.01,Baixo,Manter relacionamento ativo e acompanhar evolução.
15652948,0.01,Baixo,Manter relacionamento ativo e acompanhar evolução.
15618950,0.01,Baixo,Manter relacionamento ativo e acompanhar evolução.
15692671,0.01,Baixo,Manter relacionamento ativo e acompanhar evolução.
15726945,0.01,Baixo,Manter relacionamento ativo e acompanhar evolução.
15714610,0.01,Baixo,Manter relacionamento ativo e acompanhar evolução.
15575748,0.01,Baixo,Manter relacionamento ativo e acompanhar evolução.
15714256,0.01,Baixo,Manter relacionamento ativo e acompanhar evolução.
15591995,0.01,Baixo,Manter relacionamento ativo e acompanhar evolução.
15786063,0.01,Baixo,Manter relacionamento ativo e acompanhar evolução.
15595766,0.01,Baixo,Manter relacionamento ativo e acompanhar evolução.
15643392,0.01,Baixo,Manter relacionamento ativo e acompanhar evolução.
15804064,0.01,Baixo,Manter relacionamento ativo e acompanhar evolução.
15631813,0.01,Baixo,Manter relacionamento ativo e acompanhar evolução.
15615012,0.01,Baixo,Manter relacionamento ativo e acompanhar evolução.
15786167,0.01,Baixo,Manter relacionamento ativo e acompanhar evolução.
15654611,0.01,Baixo,Manter relacionamento ativo e acompanhar evolução.
15610165,0.01,Baixo,Manter relacionamento ativo e acompanhar evolução.
15685826,0.01,Baixo,Manter relacionamento ativo e acompanhar evolução.
15613518,0.01,Baixo,Manter relacionamento ativo e acompanhar evolução.
15689412,0.01,Baixo,Manter relacionamento ativo e acompanhar evolução.
15680436,0.01,Baixo,Manter relacionamento ativo e acompanhar evolução.
15634628,0.01,Baixo,Manter relacionamento ativo e acompanhar evolução.
15678571,0.01,Baixo,Manter relacionamento ativo e acompanhar evolução.
15581237,0.01,Baixo,Manter relacionamento ativo e acompanhar evolução.
15806403,0.01,Baixo,Manter relacionamento ativo e acompanhar evolução.
15758726,0.01,Baixo,Manter relacionamento ativo e acompanhar evolução.
15640865,0.01,Baixo,Manter relacionamento ativo e acompanhar evolução.
15775206,0.01,Baixo,Manter relacionamento ativo e acompanhar evolução.
15812422,0.01,Baixo,Manter relacionamento ativo e acompanhar evolução.
15751912,0.01,Baixo,Manter relacionamento ativo e acompanhar evolução.
15682489,0.01,Baixo,Manter relacionamento ativo e acompanhar evolução.
15603088,0.01,Baixo,Manter relacionamento ativo e acompanhar evolução.
15592091,0.01,Baixo,Manter relacionamento ativo e acompanhar evolução.
15713094,0.01,Baixo,Manter relacionamento ativo e acompanhar evolução.
15631603,0.01,Baixo,Manter relacionamento ativo e acompanhar evolução.
15643523,0.01,Baixo,Manter relacionamento ativo e acompanhar evolução.
15771222,0.01,Baixo,Manter relacionamento ativo e acompanhar evolução.
15787884,0.01,Baixo,Manter relacionamento ativo e acompanhar evolução.
15624170,0.01,Baixo,Manter relacionamento ativo e acompanhar evolução.
15690440,0.01,Baixo,Manter relacionamento ativo e acompanhar evolução.
15767391,0.01,Baixo,Manter relacionamento ativo e acompanhar evolução.
15702190,0.01,Baixo,Manter relacionamento ativo e acompanhar evolução.
15645184,0.01,Baixo,Manter relacionamento ativo e acompanhar evolução.
15814236,0.01,Baixo,Manter relacionamento ativo e acompanhar evolução.
15672053,0.01,Baixo,Manter relacionamento ativo e acompanhar evolução.
15755138,0.01,Baixo,Manter relacionamento ativo e acompanhar evolução.
15789548,0.01,Baixo,Manter relacionamento ativo e acompanhar evolução.
15580134,0.01,Baixo,Manter relacionamento ativo e acompanhar evolução.
15746183,0.01,Baixo,Manter relacionamento ativo e acompanhar evolução.
15624975,0.01,Baixo,Manter relacionamento ativo e acompanhar evolução.
15683483,0.01,Baixo,Manter relacionamento ativo e acompanhar evolução.
15593250,0.01,Baixo,Manter relacionamento ativo e acompanhar evolução.
15691952,0.01,Baixo,Manter relacionamento ativo e acompanhar evolução.
15641794,0.01,Baixo,Manter relacionamento ativo e acompanhar evolução.
15696277,0.01,Baixo,Manter relacionamento ativo e acompanhar evolução.
15670343,0.01,Baixo,Manter relacionamento ativo e acompanhar evolução.
15758775,0.01,Baixo,Manter relacionamento ativo e acompanhar evolução.
15749365,0.01,Baixo,Manter relacionamento ativo e acompanhar evolução.
15586993,0.01,Baixo,Manter relacionamento ativo e acompanhar evolução.
15688128,0.01,Baixo,Manter relacionamento ativo e acompanhar evolução.
15770309,0.01,Baixo,Manter relacionamento ativo e acompanhar evolução.
15569187,0.01,Baixo,Manter relacionamento ativo e acompanhar evolução.
15657812,0.01,Baixo,Manter relacionamento ativo e acompanhar evolução.
15762821,0.01,Baixo,Manter relacionamento ativo e acompanhar evolução.
15709741,0.01,Baixo,Manter relacionamento ativo e acompanhar evolução.
15705034,0.01,Baixo,Manter relacionamento ativo e acompanhar evolução.
15589544,0.01,Baixo,Manter relacionamento ativo e acompanhar evolução.
15613786,0.01,Baixo,Manter relacionamento ativo e acompanhar evolução.
15666767,0.01,Baixo,Manter relacionamento ativo e acompanhar evolução.
15782311,0.01,Baixo,Manter relacionamento ativo e acompanhar evolução.
15724924,0.01,Baixo,Manter relacionamento ativo e acompanhar evolução.
15701376,0.01,Baixo,Manter relacionamento ativo e acompanhar evolução.
15642291,0.01,Baixo,Manter relacionamento ativo e acompanhar evolução.
15746338,0.01,Baixo,Manter relacionamento ativo e acompanhar evolução.
15597309,0.01,Baixo,Manter relacionamento ativo e acompanhar evolução.
15719479,0.01,Baixo,Manter relacionamento ativo e acompanhar evolução.
15741554,0.01,Baixo,Manter relacionamento ativo e acompanhar evolução.
15749119,0.01,Baixo,Manter relacionamento ativo e acompanhar evolução.
15608408,0.01,Baixo,Manter relacionamento ativo e acompanhar evolução.
15753837,0.01,Baixo,Manter relacionamento ativo e acompanhar evolução.
15615624,0.01,Baixo,Manter relacionamento ativo e acompanhar evolução.
15790596,0.01,Baixo,Manter relacionamento ativo e acompanhar evolução.
15567557,0.01,Baixo,Manter relacionamento ativo e acompanhar evolução.
15794297,0.01,Baixo,Manter relacionamento ativo e acompanhar evolução.
15797692,0.01,Baixo,Manter relacionamento ativo e acompanhar evolução.
15610105,0.01,Baixo,Manter relacionamento ativo e acompanhar evolução.
15711316,0.01,Baixo,Manter relacionamento ativo e acompanhar evolução.
15810432,0.01,Baixo,Manter relacionamento ativo e acompanhar evolução.
15605067,0.01,Baixo,Manter relacionamento ativo e acompanhar evolução.
15720924,0.01,Baixo,Manter relacionamento ativo e acompanhar evolução.
15723013,0.01,Baixo,Manter relacionamento ativo e acompanhar evolução.
15626983,0.01,Baixo,Manter relacionamento ativo e acompanhar evolução.
15617538,0.01,Baixo,Manter relacionamento ativo e acompanhar evolução.
15735428,0.01,Baixo,Manter relacionamento ativo e acompanhar evolução.
15796969,0.01,Baixo,Manter relacionamento ativo e acompanhar evolução.
15662955,0.01,Baixo,Manter relacionamento ativo e acompanhar evolução.
15669945,0.01,Baixo,Manter relacionamento ativo e acompanhar evolução.
15732674,0.01,Baixo,Manter relacionamento ativo e acompanhar evolução.
15580805,0.01,Baixo,Manter relacionamento ativo e acompanhar evolução.
15691061,0.01,Baixo,Manter relacionamento ativo e acompanhar evolução.
15702175,0.01,Baixo,Manter relacionamento ativo e acompanhar evolução.
15731751,0.01,Baixo,Manter relacionamento ativo e acompanhar evolução.
15789936,0.01,Baixo,Manter relacionamento ativo e acompanhar evolução.
15759456,0.01,Baixo,Manter relacionamento ativo e acompanhar evolução.
15804822,0.01,Baixo,Manter relacionamento ativo e acompanhar evolução.
15666332,0.01,Baixo,Manter relacionamento ativo e acompanhar evolução.
15768095,0.01,Baixo,Manter relacionamento ativo e acompanhar evolução.
15678333,0.01,Baixo,Manter relacionamento ativo e acompanhar evolução.
15590606,0.01,Baixo,Manter relacionamento ativo e acompanhar evolução.
15699515,0.01,Baixo,Manter relacionamento ativo e acompanhar evolução.
15652401,0.01,Baixo,Manter relacionamento ativo e acompanhar evolução.
15707132,0.01,Baixo,Manter relacionamento ativo e acompanhar evolução.
15759537,0.01,Baixo,Manter relacionamento ativo e acompanhar evolução.
15684042,0.01,Baixo,Manter relacionamento ativo e acompanhar evolução.
15633181,0.01,Baixo,Manter relacionamento ativo e acompanhar evolução.
15803685,0.01,Baixo,Manter relacionamento ativo e acompanhar evolução.
15720463,0.01,Baixo,Manter relacionamento ativo e acompanhar evolução.
15742126,0.01,Baixo,Manter relacionamento ativo e acompanhar evolução.
15699446,0.01,Baixo,Manter relacionamento ativo e acompanhar evolução.
15742028,0.01,Baixo,Manter relacionamento ativo e acompanhar evolução.
15598157,0.01,Baixo,Manter relacionamento ativo e acompanhar evolução.
15632185,0.01,Baixo,Manter relacionamento ativo e acompanhar evolução.
15728542,0.01,Baixo,Manter relacionamento ativo e acompanhar evolução.
15663830,0.01,Baixo,Manter relacionamento ativo e acompanhar evolução.
15718106,0.01,Baixo,Manter relacionamento ativo e acompanhar evolução.
15759872,0.01,Baixo,Manter relacionamento ativo e acompanhar evolução.
15631739,0.01,Baixo,Manter relacionamento ativo e acompanhar evolução.
15601387,0.01,Baixo,Manter relacionamento ativo e acompanhar evolução.
15582276,0.01,Baixo,Manter relacionamento ativo e acompanhar evolução.
15608760,0.01,Baixo,Manter relacionamento ativo e acompanhar evolução.
15611544,0.01,Baixo,Manter relacionamento ativo e acompanhar evolução.
15786170,0.01,Baixo,Manter relacionamento ativo e acompanhar evolução.
15622993,0.01,Baixo,Manter relacionamento ativo e acompanhar evolução.
15568240,0.01,Baixo,Manter relacionamento ativo e acompanhar evolução.
15766163,0.01,Baixo,Manter relacionamento ativo e acompanhar evolução.
15790093,0.01,Baixo,Manter relacionamento ativo e acompanhar evolução.
15767594,0.01,Baixo,Manter relacionamento ativo e acompanhar evolução.
15631868,0.01,Baixo,Manter relacionamento ativo e acompanhar evolução.
15783526,0.01,Baixo,Manter relacionamento ativo e acompanhar evolução.
15667456,0.01,Baixo,Manter relacionamento ativo e acompanhar evolução.
15772383,0.01,Baixo,Manter relacionamento ativo e acompanhar evolução.
15758836,0.01,Baixo,Manter relacionamento ativo e acompanhar evolução.
15811236,0.01,Baixo,Manter relacionamento ativo e acompanhar evolução.
15677828,0.01,Baixo,Manter relacionamento ativo e acompanhar evolução.
15781127,0.01,Baixo,Manter relacionamento ativo e acompanhar evolução.
15692931,0.01,Baixo,Manter relacionamento ativo e acompanhar evolução.
15609643,0.01,Baixo,Manter relacionamento ativo e acompanhar evolução.
15789413,0.01,Baixo,Manter relacionamento ativo e acompanhar evolução.
15585215,0.01,Baixo,Manter relacionamento ativo e acompanhar evolução.
15762573,0.01,Baixo,Manter relacionamento ativo e acompanhar evolução.
15627630,0.01,Baixo,Manter relacionamento ativo e acompanhar evolução.
15787071,0.01,Baixo,Manter relacionamento ativo e acompanhar evolução.
15636684,0.01,Baixo,Manter relacionamento ativo e acompanhar evolução.
15599792,0.01,Baixo,Manter relacionamento ativo e acompanhar evolução.
15642833,0.01,Baixo,Manter relacionamento ativo e acompanhar evolução.
15669410,0.01,Baixo,Manter relacionamento ativo e acompanhar evolução.
15665879,0.01,Baixo,Manter relacionamento ativo e acompanhar evolução.
15727041,0.01,Baixo,Manter relacionamento ativo e acompanhar evolução.
15595391,0.01,Baixo,Manter relacionamento ativo e acompanhar evolução.
15719170,0.01,Baixo,Manter relacionamento ativo e acompanhar evolução.
15811970,0.01,Baixo,Manter relacionamento ativo e acompanhar evolução.
15668943,0.01,Baixo,Manter relacionamento ativo e acompanhar evolução.
15755978,0.01,Baixo,Manter relacionamento ativo e acompanhar evolução.
15701522,0.01,Baixo,Manter relacionamento ativo e acompanhar evolução.
15750549,0.01,Baixo,Manter relacionamento ativo e acompanhar evolução.
15628292,0.01,Baixo,Manter relacionamento ativo e acompanhar evolução.
15768530,0.01,Baixo,Manter relacionamento ativo e acompanhar evolução.
15776743,0.01,Baixo,Manter relacionamento ativo e acompanhar evolução.
15680167,0.01,Baixo,Manter relacionamento ativo e acompanhar evolução.
15594917,0.01,Baixo,Manter relacionamento ativo e acompanhar evolução.
15579777,0.01,Baixo,Manter relacionamento ativo e acompanhar evolução.
15694125,0.01,Baixo,Manter relacionamento ativo e acompanhar evolução.
15731281,0.01,Baixo,Manter relacionamento ativo e acompanhar evolução.
15663168,0.01,Baixo,Manter relacionamento ativo e acompanhar evolução.
15661830,0.01,Baixo,Manter relacionamento ativo e acompanhar evolução.
15676835,0.01,Baixo,Manter relacionamento ativo e acompanhar evolução.
15656029,0.01,Baixo,Manter relacionamento ativo e acompanhar evolução.
15655648,0.01,Baixo,Manter relacionamento ativo e acompanhar evolução.
15807473,0.01,Baixo,Manter relacionamento ativo e acompanhar evolução.
15812611,0.01,Baixo,Manter relacionamento ativo e acompanhar evolução.
15690695,0.01,Baixo,Manter relacionamento ativo e acompanhar evolução.
15637118,0.01,Baixo,Manter relacionamento ativo e acompanhar evolução.
15664035,0.01,Baixo,Manter relacionamento ativo e acompanhar evolução.
15778304,0.01,Baixo,Manter relacionamento ativo e acompanhar evolução.
15607877,0.01,Baixo,Manter relacionamento ativo e acompanhar evolução.
15578073,0.01,Baixo,Manter relacionamento ativo e acompanhar evolução.
15587421,0.01,Baixo,Manter relacionamento ativo e acompanhar evolução.
15789669,0.01,Baixo,Manter relacionamento ativo e acompanhar evolução.
15645248,0.01,Baixo,Manter relacionamento ativo e acompanhar evolução.
15774258,0.01,Baixo,Manter relacionamento ativo e acompanhar evolução.
15613471,0.01,Baixo,Manter relacionamento ativo e acompanhar evolução.
15637131,0.01,Baixo,Manter relacionamento ativo e acompanhar evolução.
15740428,0.01,Baixo,Manter relacionamento ativo e acompanhar evolução.
15611329,0.01,Baixo,Manter relacionamento ativo e acompanhar evolução.
15623744,0.01,Baixo,Manter relacionamento ativo e acompanhar evolução.
15788494,0.01,Baixo,Manter relacionamento ativo e acompanhar evolução.
15738224,0.01,Baixo,Manter relacionamento ativo e acompanhar evolução.
15574523,0.01,Baixo,Manter relacionamento ativo e acompanhar evolução.
15697391,0.01,Baixo,Manter relacionamento ativo e acompanhar evolução.
15736963,0.01,Baixo,Manter relacionamento ativo e acompanhar evolução.
15568046,0.01,Baixo,Manter relacionamento ativo e acompanhar evolução.
15719541,0.01,Baixo,Manter relacionamento ativo e acompanhar evolução.
15605263,0.01,Baixo,Manter relacionamento ativo e acompanhar evolução.
15621432,0.01,Baixo,Manter relacionamento ativo e acompanhar evolução.
15734491,0.01,Baixo,Manter relacionamento ativo e acompanhar evolução.
15725076,0.01,Baixo,Manter relacionamento ativo e acompanhar evolução.
15740557,0.01,Baixo,Manter relacionamento ativo e acompanhar evolução.
15713673,0.01,Baixo,Manter relacionamento ativo e acompanhar evolução.
15769781,0.01,Baixo,Manter relacionamento ativo e acompanhar evolução.
15718245,0.01,Baixo,Manter relacionamento ativo e acompanhar evolução.
15792565,0.01,Baixo,Manter relacionamento ativo e acompanhar evolução.
15794895,0.01,Baixo,Manter relacionamento ativo e acompanhar evolução.
15765643,0.01,Baixo,Manter relacionamento ativo e acompanhar evolução.
15677550,0.01,Baixo,Manter relacionamento ativo e acompanhar evolução.
15641732,0.01,Baixo,Manter relacionamento ativo e acompanhar evolução.
15618171,0.01,Baixo,Manter relacionamento ativo e acompanhar evolução.
15632264,0.01,Baixo,Manter relacionamento ativo e acompanhar evolução.
15585777,0.01,Baixo,Manter relacionamento ativo e acompanhar evolução.
15809991,0.01,Baixo,Manter relacionamento ativo e acompanhar evolução.
15615896,0.01,Baixo,Manter relacionamento ativo e acompanhar evolução.
15723858,0.01,Baixo,Manter relacionamento ativo e acompanhar evolução.
15786789,0.01,Baixo,Manter relacionamento ativo e acompanhar evolução.
15756155,0.01,Baixo,Manter relacionamento ativo e acompanhar evolução.
15756071,0.01,Baixo,Manter relacionamento ativo e acompanhar evolução.
15583278,0.01,Baixo,Manter relacionamento ativo e acompanhar evolução.
15727198,0.01,Baixo,Manter relacionamento ativo e acompanhar evolução.
15568982,0.01,Baixo,Manter relacionamento ativo e acompanhar evolução.
15800251,0.01,Baixo,Manter relacionamento ativo e acompanhar evolução.
15803526,0.01,Baixo,Manter relacionamento ativo e acompanhar evolução.
15604348,0.01,Baixo,Manter relacionamento ativo e acompanhar evolução.
15739068,0.01,Baixo,Manter relacionamento ativo e acompanhar evolução.
15577064,0.01,Baixo,Manter relacionamento ativo e acompanhar evolução.
15668445,0.01,Baixo,Manter relacionamento ativo e acompanhar evolução.
15731569,0.01,Baixo,Manter relacionamento ativo e acompanhar evolução.
15608209,0.01,Baixo,Manter relacionamento ativo e acompanhar evolução.
15622305,0.01,Baixo,Manter relacionamento ativo e acompanhar evolução.
15693902,0.01,Baixo,Manter relacionamento ativo e acompanhar evolução.
15683618,0.01,Baixo,Manter relacionamento ativo e acompanhar evolução.
15812767,0.01,Baixo,Manter relacionamento ativo e acompanhar evolução.
15748069,0.01,Baixo,Manter relacionamento ativo e acompanhar evolução.
15656484,0.01,Baixo,Manter relacionamento ativo e acompanhar evolução.
15723006,0.01,Baixo,Manter relacionamento ativo e acompanhar evolução.
15791767,0.01,Baixo,Manter relacionamento ativo e acompanhar evolução.
15694409,0.01,Baixo,Manter relacionamento ativo e acompanhar evolução.
15764174,0.01,Baixo,Manter relacionamento ativo e acompanhar evolução.
15571148,0.01,Baixo,Manter relacionamento ativo e acompanhar evolução.
15633818,0.005,Baixo,Manter relacionamento ativo e acompanhar evolução.
15737173,0.005,Baixo,Manter relacionamento ativo e acompanhar evolução.
15729599,0.005,Baixo,Manter relacionamento ativo e acompanhar evolução.
15577657,0.005,Baixo,Manter relacionamento ativo e acompanhar evolução.
15791972,0.005,Baixo,Manter relacionamento ativo e acompanhar evolução.
15676869,0.005,Baixo,Manter relacionamento ativo e acompanhar evolução.
15719294,0.005,Baixo,Manter relacionamento ativo e acompanhar evolução.
15742638,0.005,Baixo,Manter relacionamento ativo e acompanhar evolução.
15637947,0.005,Baixo,Manter relacionamento ativo e acompanhar evolução.
15672930,0.005,Baixo,Manter relacionamento ativo e acompanhar evolução.
15606841,0.005,Baixo,Manter relacionamento ativo e acompanhar evolução.
15774931,0.005,Baixo,Manter relacionamento ativo e acompanhar evolução.
15683471,0.005,Baixo,Manter relacionamento ativo e acompanhar evolução.
15636353,0.005,Baixo,Manter relacionamento ativo e acompanhar evolução.
15768566,0.005,Baixo,Manter relacionamento ativo e acompanhar evolução.
15643229,0.005,Baixo,Manter relacionamento ativo e acompanhar evolução.
15680046,0.005,Baixo,Manter relacionamento ativo e acompanhar evolução.
15697678,0.005,Baixo,Manter relacionamento ativo e acompanhar evolução.
15679429,0.005,Baixo,Manter relacionamento ativo e acompanhar evolução.
15718773,0.005,Baixo,Manter relacionamento ativo e acompanhar evolução.
15618661,0.005,Baixo,Manter relacionamento ativo e acompanhar evolução.
15649129,0.005,Baixo,Manter relacionamento ativo e acompanhar evolução.
15702380,0.005,Baixo,Manter relacionamento ativo e acompanhar evolução.
15683027,0.005,Baixo,Manter relacionamento ativo e acompanhar evolução.
15580068,0.005,Baixo,Manter relacionamento ativo e acompanhar evolução.
15731553,0.005,Baixo,Manter relacionamento ativo e acompanhar evolução.
15749947,0.005,Baixo,Manter relacionamento ativo e acompanhar evolução.
15659194,0.005,Baixo,Manter relacionamento ativo e acompanhar evolução.
15791535,0.005,Baixo,Manter relacionamento ativo e acompanhar evolução.
15616833,0.005,Baixo,Manter relacionamento ativo e acompanhar evolução.
15627385,0.005,Baixo,Manter relacionamento ativo e acompanhar evolução.
15616954,0.005,Baixo,Manter relacionamento ativo e acompanhar evolução.
15655007,0.005,Baixo,Manter relacionamento ativo e acompanhar evolução.
15642004,0.005,Baixo,Manter relacionamento ativo e acompanhar evolução.
15591100,0.005,Baixo,Manter relacionamento ativo e acompanhar evolução.
15655903,0.005,Baixo,Manter relacionamento ativo e acompanhar evolução.
15813140,0.005,Baixo,Manter relacionamento ativo e acompanhar evolução.
15776605,0.005,Baixo,Manter relacionamento ativo e acompanhar evolução.
15599195,0.005,Baixo,Manter relacionamento ativo e acompanhar evolução.
15707488,0.005,Baixo,Manter relacionamento ativo e acompanhar evolução.
15671514,0.005,Baixo,Manter relacionamento ativo e acompanhar evolução.
15673820,0.005,Baixo,Manter relacionamento ativo e acompanhar evolução.
15747772,0.005,Baixo,Manter relacionamento ativo e acompanhar evolução.
15572467,0.005,Baixo,Manter relacionamento ativo e acompanhar evolução.
15738219,0.005,Baixo,Manter relacionamento ativo e acompanhar evolução.
15713843,0.005,Baixo,Manter relacionamento ativo e acompanhar evolução.
15758050,0.005,Baixo,Manter relacionamento ativo e acompanhar evolução.
15680772,0.005,Baixo,Manter relacionamento ativo e acompanhar evolução.
15611325,0.005,Baixo,Manter relacionamento ativo e acompanhar evolução.
15625524,0.005,Baixo,Manter relacionamento ativo e acompanhar evolução.
15691457,0.005,Baixo,Manter relacionamento ativo e acompanhar evolução.
15778897,0.005,Baixo,Manter relacionamento ativo e acompanhar evolução.
15722083,0.005,Baixo,Manter relacionamento ativo e acompanhar evolução.
15798960,0.005,Baixo,Manter relacionamento ativo e acompanhar evolução.
15709621,0.005,Baixo,Manter relacionamento ativo e acompanhar evolução.
15643048,0.005,Baixo,Manter relacionamento ativo e acompanhar evolução.
15747222,0.005,Baixo,Manter relacionamento ativo e acompanhar evolução.
15573741,0.005,Baixo,Manter relacionamento ativo e acompanhar evolução.
15804104,0.005,Baixo,Manter relacionamento ativo e acompanhar evolução.
15809006,0.005,Baixo,Manter relacionamento ativo e acompanhar evolução.
15783875,0.005,Baixo,Manter relacionamento ativo e acompanhar evolução.
15673599,0.005,Baixo,Manter relacionamento ativo e acompanhar evolução.
15815097,0.005,Baixo,Manter relacionamento ativo e acompanhar evolução.
15810845,0.005,Baixo,Manter relacionamento ativo e acompanhar evolução.
15651958,0.005,Baixo,Manter relacionamento ativo e acompanhar evolução.
15632446,0.005,Baixo,Manter relacionamento ativo e acompanhar evolução.
15620936,0.005,Baixo,Manter relacionamento ativo e acompanhar evolução.
15782231,0.005,Baixo,Manter relacionamento ativo e acompanhar evolução.
15779886,0.005,Baixo,Manter relacionamento ativo e acompanhar evolução.
15687492,0.005,Baixo,Manter relacionamento ativo e acompanhar evolução.
15713854,0.005,Baixo,Manter relacionamento ativo e acompanhar evolução.
15605673,0.005,Baixo,Manter relacionamento ativo e acompanhar evolução.
15650454,0.005,Baixo,Manter relacionamento ativo e acompanhar evolução.
15619083,0.005,Baixo,Manter relacionamento ativo e acompanhar evolução.
15749688,0.005,Baixo,Manter relacionamento ativo e acompanhar evolução.
15760063,0.005,Baixo,Manter relacionamento ativo e acompanhar evolução.
15782574,0.005,Baixo,Manter relacionamento ativo e acompanhar evolução.
15759690,0.005,Baixo,Manter relacionamento ativo e acompanhar evolução.
15746704,0.005,Baixo,Manter relacionamento ativo e acompanhar evolução.
15624611,0.005,Baixo,Manter relacionamento ativo e acompanhar evolução.
15653065,0.005,Baixo,Manter relacionamento ativo e acompanhar evolução.
15615828,0.005,Baixo,Manter relacionamento ativo e acompanhar evolução.
15656471,0.005,Baixo,Manter relacionamento ativo e acompanhar evolução.
15799932,0.005,Baixo,Manter relacionamento ativo e acompanhar evolução.
15814750,0.005,Baixo,Manter relacionamento ativo e acompanhar evolução.
15630511,0.005,Baixo,Manter relacionamento ativo e acompanhar evolução.
15763055,0.005,Baixo,Manter relacionamento ativo e acompanhar evolução.
15707114,0.005,Baixo,Manter relacionamento ativo e acompanhar evolução.
15667134,0.005,Baixo,Manter relacionamento ativo e acompanhar evolução.
15642636,0.005,Baixo,Manter relacionamento ativo e acompanhar evolução.
15704651,0.005,Baixo,Manter relacionamento ativo e acompanhar evolução.
15681671,0.005,Baixo,Manter relacionamento ativo e acompanhar evolução.
15604588,0.005,Baixo,Manter relacionamento ativo e acompanhar evolução.
15582259,0.005,Baixo,Manter relacionamento ativo e acompanhar evolução.
15672875,0.005,Baixo,Manter relacionamento ativo e acompanhar evolução.
15754820,0.005,Baixo,Manter relacionamento ativo e acompanhar evolução.
15801821,0.005,Baixo,Manter relacionamento ativo e acompanhar evolução.
15567442,0.005,Baixo,Manter relacionamento ativo e acompanhar evolução.
15758081,0.005,Baixo,Manter relacionamento ativo e acompanhar evolução.
15707219,0.005,Baixo,Manter relacionamento ativo e acompanhar evolução.
15648367,0.005,Baixo,Manter relacionamento ativo e acompanhar evolução.
15630321,0.005,Baixo,Manter relacionamento ativo e acompanhar evolução.
15623649,0.005,Baixo,Manter relacionamento ativo e acompanhar evolução.
15770291,0.005,Baixo,Manter relacionamento ativo e acompanhar evolução.
15785167,0.005,Baixo,Manter relacionamento ativo e acompanhar evolução.
15567147,0.005,Baixo,Manter relacionamento ativo e acompanhar evolução.
15757931,0.005,Baixo,Manter relacionamento ativo e acompanhar evolução.
15624995,0.005,Baixo,Manter relacionamento ativo e acompanhar evolução.
15629475,0.005,Baixo,Manter relacionamento ativo e acompanhar evolução.
15629793,0.005,Baixo,Manter relacionamento ativo e acompanhar evolução.
15752047,0.005,Baixo,Manter relacionamento ativo e acompanhar evolução.
15786308,0.005,Baixo,Manter relacionamento ativo e acompanhar evolução.
15727829,0.005,Baixo,Manter relacionamento ativo e acompanhar evolução.
15604891,0.005,Baixo,Manter relacionamento ativo e acompanhar evolução.
15646632,0.005,Baixo,Manter relacionamento ativo e acompanhar evolução.
15810786,0.005,Baixo,Manter relacionamento ativo e acompanhar evolução.
15697948,0.005,Baixo,Manter relacionamento ativo e acompanhar evolução.
15700965,0.005,Baixo,Manter relacionamento ativo e acompanhar evolução.
15687310,0.005,Baixo,Manter relacionamento ativo e acompanhar evolução.
15698321,0.005,Baixo,Manter relacionamento ativo e acompanhar evolução.
15756680,0.005,Baixo,Manter relacionamento ativo e acompanhar evolução.
15813844,0.005,Baixo,Manter relacionamento ativo e acompanhar evolução.
15776558,0.005,Baixo,Manter relacionamento ativo e acompanhar evolução.
15774393,0.005,Baixo,Manter relacionamento ativo e acompanhar evolução.
15627000,0.005,Baixo,Manter relacionamento ativo e acompanhar evolução.
15585455,0.005,Baixo,Manter relacionamento ativo e acompanhar evolução.
15761654,0.005,Baixo,Manter relacionamento ativo e acompanhar evolução.
15642991,0.005,Baixo,Manter relacionamento ativo e acompanhar evolução.
15739514,0.005,Baixo,Manter relacionamento ativo e acompanhar evolução.
15714046,0.005,Baixo,Manter relacionamento ativo e acompanhar evolução.
15668893,0.005,Baixo,Manter relacionamento ativo e acompanhar evolução.
15697879,0.005,Baixo,Manter relacionamento ativo e acompanhar evolução.
15748718,0.005,Baixo,Manter relacionamento ativo e acompanhar evolução.
15671930,0.005,Baixo,Manter relacionamento ativo e acompanhar evolução.
15635728,0.005,Baixo,Manter relacionamento ativo e acompanhar evolução.
15635597,0.005,Baixo,Manter relacionamento ativo e acompanhar evolução.
15669169,0.005,Baixo,Manter relacionamento ativo e acompanhar evolução.
15814040,0.005,Baixo,Manter relacionamento ativo e acompanhar evolução.
15658211,0.005,Baixo,Manter relacionamento ativo e acompanhar evolução.
15653857,0.005,Baixo,Manter relacionamento ativo e acompanhar evolução.
15777759,0.005,Baixo,Manter relacionamento ativo e acompanhar evolução.
15623102,0.005,Baixo,Manter relacionamento ativo e acompanhar evolução.
15595136,0.005,Baixo,Manter relacionamento ativo e acompanhar evolução.
15651144,0.005,Baixo,Manter relacionamento ativo e acompanhar evolução.
15698462,0.005,Baixo,Manter relacionamento ativo e acompanhar evolução.
15739692,0.005,Baixo,Manter relacionamento ativo e acompanhar evolução.
15758685,0.005,Baixo,Manter relacionamento ativo e acompanhar evolução.
15688395,0.005,Baixo,Manter relacionamento ativo e acompanhar evolução.
15787035,0.005,Baixo,Manter relacionamento ativo e acompanhar evolução.
15719212,0.005,Baixo,Manter relacionamento ativo e acompanhar evolução.
15666252,0.005,Baixo,Manter relacionamento ativo e acompanhar evolução.
15713599,0.005,Baixo,Manter relacionamento ativo e acompanhar evolução.
15799825,0.005,Baixo,Manter relacionamento ativo e acompanhar evolução.
15655238,0.005,Baixo,Manter relacionamento ativo e acompanhar evolução.
15626243,0.005,Baixo,Manter relacionamento ativo e acompanhar evolução.
15598088,0.005,Baixo,Manter relacionamento ativo e acompanhar evolução.
15785819,0.005,Baixo,Manter relacionamento ativo e acompanhar evolução.
15606855,0.005,Baixo,Manter relacionamento ativo e acompanhar evolução.
15800233,0.005,Baixo,Manter relacionamento ativo e acompanhar evolução.
15701412,0.005,Baixo,Manter relacionamento ativo e acompanhar evolução.
15702464,0.005,Baixo,Manter relacionamento ativo e acompanhar evolução.
15635197,0.005,Baixo,Manter relacionamento ativo e acompanhar evolução.
15592761,0.005,Baixo,Manter relacionamento ativo e acompanhar evolução.
15622192,0.005,Baixo,Manter relacionamento ativo e acompanhar evolução.
15670163,0.005,Baixo,Manter relacionamento ativo e acompanhar evolução.
15577905,0.005,Baixo,Manter relacionamento ativo e acompanhar evolução.
15635531,0.005,Baixo,Manter relacionamento ativo e acompanhar evolução.
15569503,0.005,Baixo,Manter relacionamento ativo e acompanhar evolução.
15581840,0.005,Baixo,Manter relacionamento ativo e acompanhar evolução.
15711015,0.005,Baixo,Manter relacionamento ativo e acompanhar evolução.
15679550,0.005,Baixo,Manter relacionamento ativo e acompanhar evolução.
15787655,0.005,Baixo,Manter relacionamento ativo e acompanhar evolução.
15723658,0.005,Baixo,Manter relacionamento ativo e acompanhar evolução.
15583221,0.005,Baixo,Manter relacionamento ativo e acompanhar evolução.
15797293,0.005,Baixo,Manter relacionamento ativo e acompanhar evolução.
15620751,0.005,Baixo,Manter relacionamento ativo e acompanhar evolução.
15805523,0.005,Baixo,Manter relacionamento ativo e acompanhar evolução.
15617655,0.005,Baixo,Manter relacionamento ativo e acompanhar evolução.
15665802,0.005,Baixo,Manter relacionamento ativo e acompanhar evolução.
15571144,0.005,Baixo,Manter relacionamento ativo e acompanhar evolução.
15702919,0.005,Baixo,Manter relacionamento ativo e acompanhar evolução.
15674398,0.005,Baixo,Manter relacionamento ativo e acompanhar evolução.
15577683,0.005,Baixo,Manter relacionamento ativo e acompanhar evolução.
15788686,0.005,Baixo,Manter relacionamento ativo e acompanhar evolução.
15689168,0.005,Baixo,Manter relacionamento ativo e acompanhar evolução.
15804814,0.005,Baixo,Manter relacionamento ativo e acompanhar evolução.
15608886,0.005,Baixo,Manter relacionamento ativo e acompanhar evolução.
15775131,0.005,Baixo,Manter relacionamento ativo e acompanhar evolução.
15664737,0.005,Baixo,Manter relacionamento ativo e acompanhar evolução.
15772503,0.005,Baixo,Manter relacionamento ativo e acompanhar evolução.
15726774,0.005,Baixo,Manter relacionamento ativo e acompanhar evolução.
15615004,0.005,Baixo,Manter relacionamento ativo e acompanhar evolução.
15605134,0.005,Baixo,Manter relacionamento ativo e acompanhar evolução.
15737910,0.005,Baixo,Manter relacionamento ativo e acompanhar evolução.
15761364,0.005,Baixo,Manter relacionamento ativo e acompanhar evolução.
15682757,0.005,Baixo,Manter relacionamento ativo e acompanhar evolução.
15624528,0.005,Baixo,Manter relacionamento ativo e acompanhar evolução.
15615330,0.005,Baixo,Manter relacionamento ativo e acompanhar evolução.
15762138,0.005,Baixo,Manter relacionamento ativo e acompanhar evolução.
15751531,0.005,Baixo,Manter relacionamento ativo e acompanhar evolução.
15585041,0.005,Baixo,Manter relacionamento ativo e acompanhar evolução.
15613712,0.005,Baixo,Manter relacionamento ativo e acompanhar evolução.
15574167,0.005,Baixo,Manter relacionamento ativo e acompanhar evolução.
15723411,0.005,Baixo,Manter relacionamento ativo e acompanhar evolução.
15754072,0.005,Baixo,Manter relacionamento ativo e acompanhar evolução.
15572374,0.005,Baixo,Manter relacionamento ativo e acompanhar evolução.
15684484,0.005,Baixo,Manter relacionamento ativo e acompanhar evolução.
15659420,0.005,Baixo,Manter relacionamento ativo e acompanhar evolução.
15680370,0.005,Baixo,Manter relacionamento ativo e acompanhar evolução.
15625141,0.005,Baixo,Manter relacionamento ativo e acompanhar evolução.
15711991,0.005,Baixo,Manter relacionamento ativo e acompanhar evolução.
15690670,0.005,Baixo,Manter relacionamento ativo e acompanhar evolução.
15791302,0.005,Baixo,Manter relacionamento ativo e acompanhar evolução.
15786199,0.005,Baixo,Manter relacionamento ativo e acompanhar evolução.
15689147,0.005,Baixo,Manter relacionamento ativo e acompanhar evolução.
15589320,0.005,Baixo,Manter relacionamento ativo e acompanhar evolução.
15588566,0.005,Baixo,Manter relacionamento ativo e acompanhar evolução.
15636551,0.005,Baixo,Manter relacionamento ativo e acompanhar evolução.
15768476,0.005,Baixo,Manter relacionamento ativo e acompanhar evolução.
15748352,0.005,Baixo,Manter relacionamento ativo e acompanhar evolução.
15770225,0.005,Baixo,Manter relacionamento ativo e acompanhar evolução.
15682435,0.005,Baixo,Manter relacionamento ativo e acompanhar evolução.
15584453,0.005,Baixo,Manter relacionamento ativo e acompanhar evolução.
15719778,0.005,Baixo,Manter relacionamento ativo e acompanhar evolução.
15804787,0.005,Baixo,Manter relacionamento ativo e acompanhar evolução.
15570145,0.005,Baixo,Manter relacionamento ativo e acompanhar evolução.
15794257,0.005,Baixo,Manter relacionamento ativo e acompanhar evolução.
15651740,0.005,Baixo,Manter relacionamento ativo e acompanhar evolução.
15721937,0.005,Baixo,Manter relacionamento ativo e acompanhar evolução.
15744046,0.005,Baixo,Manter relacionamento ativo e acompanhar evolução.
15566790,0.005,Baixo,Manter relacionamento ativo e acompanhar evolução.
15637644,0.005,Baixo,Manter relacionamento ativo e acompanhar evolução.
15586974,0.005,Baixo,Manter relacionamento ativo e acompanhar evolução.
15773973,0.005,Baixo,Manter relacionamento ativo e acompanhar evolução.
15773146,0.005,Baixo,Manter relacionamento ativo e acompanhar evolução.
15677146,0.005,Baixo,Manter relacionamento ativo e acompanhar evolução.
15722425,0.005,Baixo,Manter relacionamento ativo e acompanhar evolução.
15579548,0.005,Baixo,Manter relacionamento ativo e acompanhar evolução.
15599182,0.005,Baixo,Manter relacionamento ativo e acompanhar evolução.
15732293,0.005,Baixo,Manter relacionamento ativo e acompanhar evolução.
15725772,0.005,Baixo,Manter relacionamento ativo e acompanhar evolução.
15715031,0.005,Baixo,Manter relacionamento ativo e acompanhar evolução.
15586517,0.005,Baixo,Manter relacionamento ativo e acompanhar evolução.
15745794,0.005,Baixo,Manter relacionamento ativo e acompanhar evolução.
15752467,0.005,Baixo,Manter relacionamento ativo e acompanhar evolução.
15651336,0.005,Baixo,Manter relacionamento ativo e acompanhar evolução.
15763980,0.005,Baixo,Manter relacionamento ativo e acompanhar evolução.
15592194,0.005,Baixo,Manter relacionamento ativo e acompanhar evolução.
15760431,0.005,Baixo,Manter relacionamento ativo e acompanhar evolução.
15803352,0.005,Baixo,Manter relacionamento ativo e acompanhar evolução.
15580149,0.005,Baixo,Manter relacionamento ativo e acompanhar evolução.
15715988,0.005,Baixo,Manter relacionamento ativo e acompanhar evolução.
15630551,0.005,Baixo,Manter relacionamento ativo e acompanhar evolução.
15680141,0.005,Baixo,Manter relacionamento ativo e acompanhar evolução.
15646168,0.005,Baixo,Manter relacionamento ativo e acompanhar evolução.
15741652,0.005,Baixo,Manter relacionamento ativo e acompanhar evolução.
15575858,0.005,Baixo,Manter relacionamento ativo e acompanhar evolução.
15702337,0.005,Baixo,Manter relacionamento ativo e acompanhar evolução.
15751297,0.005,Baixo,Manter relacionamento ativo e acompanhar evolução.
15666559,0.005,Baixo,Manter relacionamento ativo e acompanhar evolução.
15610226,0.005,Baixo,Manter relacionamento ativo e acompanhar evolução.
15790717,0.005,Baixo,Manter relacionamento ativo e acompanhar evolução.
15813095,0.005,Baixo,Manter relacionamento ativo e acompanhar evolução.
15812594,0.005,Baixo,Manter relacionamento ativo e acompanhar evolução.
15799631,0.005,Baixo,Manter relacionamento ativo e acompanhar evolução.
15759733,0.005,Baixo,Manter relacionamento ativo e acompanhar evolução.
15623277,0.005,Baixo,Manter relacionamento ativo e acompanhar evolução.
15625592,0.005,Baixo,Manter relacionamento ativo e acompanhar evolução.
15620557,0.005,Baixo,Manter relacionamento ativo e acompanhar evolução.
15596624,0.005,Baixo,Manter relacionamento ativo e acompanhar evolução.
15641091,0.005,Baixo,Manter relacionamento ativo e acompanhar evolução.
15591747,0.005,Baixo,Manter relacionamento ativo e acompanhar evolução.
15572145,0.005,Baixo,Manter relacionamento ativo e acompanhar evolução.
15642710,0.005,Baixo,Manter relacionamento ativo e acompanhar evolução.
15726960,0.005,Baixo,Manter relacionamento ativo e acompanhar evolução.
15757588,0.005,Baixo,Manter relacionamento ativo e acompanhar evolução.
15745354,0.005,Baixo,Manter relacionamento ativo e acompanhar evolução.
15704771,0.005,Baixo,Manter relacionamento ativo e acompanhar evolução.
15765902,0.005,Baixo,Manter relacionamento ativo e acompanhar evolução.
15748882,0.005,Baixo,Manter relacionamento ativo e acompanhar evolução.
15696834,0.005,Baixo,Manter relacionamento ativo e acompanhar evolução.
15797710,0.005,Baixo,Manter relacionamento ativo e acompanhar evolução.
15762984,0.005,Baixo,Manter relacionamento ativo e acompanhar evolução.
15729574,0.005,Baixo,Manter relacionamento ativo e acompanhar evolução.
15711921,0.005,Baixo,Manter relacionamento ativo e acompanhar evolução.
15569945,0.005,Baixo,Manter relacionamento ativo e acompanhar evolução.
15644005,0.005,Baixo,Manter relacionamento ativo e acompanhar evolução.
15607509,0.005,Baixo,Manter relacionamento ativo e acompanhar evolução.
15642619,0.005,Baixo,Manter relacionamento ativo e acompanhar evolução.
15596713,0.005,Baixo,Manter relacionamento ativo e acompanhar evolução.
15741921,0.005,Baixo,Manter relacionamento ativo e acompanhar evolução.
15673584,0.005,Baixo,Manter relacionamento ativo e acompanhar evolução.
15747808,0.005,Baixo,Manter relacionamento ativo e acompanhar evolução.
15698246,0.005,Baixo,Manter relacionamento ativo e acompanhar evolução.
15762123,0.005,Baixo,Manter relacionamento ativo e acompanhar evolução.
15714380,0.005,Baixo,Manter relacionamento ativo e acompanhar evolução.
15806307,0.005,Baixo,Manter relacionamento ativo e acompanhar evolução.
15574886,0.005,Baixo,Manter relacionamento ativo e acompanhar evolução.
15699830,0.005,Baixo,Manter relacionamento ativo e acompanhar evolução.
15639004,0.005,Baixo,Manter relacionamento ativo e acompanhar evolução.
15810839,0.005,Baixo,Manter relacionamento ativo e acompanhar evolução.
15714877,0.005,Baixo,Manter relacionamento ativo e acompanhar evolução.
15782941,0.005,Baixo,Manter relacionamento ativo e acompanhar evolução.
15630167,0.005,Baixo,Manter relacionamento ativo e acompanhar evolução.
15810826,0.005,Baixo,Manter relacionamento ativo e acompanhar evolução.
15701037,0.005,Baixo,Manter relacionamento ativo e acompanhar evolução.
15748068,0.005,Baixo,Manter relacionamento ativo e acompanhar evolução.
15698927,0.005,Baixo,Manter relacionamento ativo e acompanhar evolução.
15687363,0.005,Baixo,Manter relacionamento ativo e acompanhar evolução.
15611088,0.005,Baixo,Manter relacionamento ativo e acompanhar evolução.
15737571,0.005,Baixo,Manter relacionamento ativo e acompanhar evolução.
15667602,0.005,Baixo,Manter relacionamento ativo e acompanhar evolução.
15760880,0.005,Baixo,Manter relacionamento ativo e acompanhar evolução.
15756901,0.005,Baixo,Manter relacionamento ativo e acompanhar evolução.
15772632,0.005,Baixo,Manter relacionamento ativo e acompanhar evolução.
15798053,0.005,Baixo,Manter relacionamento ativo e acompanhar evolução.
15645815,0.005,Baixo,Manter relacionamento ativo e acompanhar evolução.
15723437,0.005,Baixo,Manter relacionamento ativo e acompanhar evolução.
15809872,0.005,Baixo,Manter relacionamento ativo e acompanhar evolução.
15607837,0.005,Baixo,Manter relacionamento ativo e acompanhar evolução.
15670481,0.005,Baixo,Manter relacionamento ativo e acompanhar evolução.
15709639,0.005,Baixo,Manter relacionamento ativo e acompanhar evolução.
15718153,0.005,Baixo,Manter relacionamento ativo e acompanhar evolução.
15623430,0.005,Baixo,Manter relacionamento ativo e acompanhar evolução.
15802483,0.005,Baixo,Manter relacionamento ativo e acompanhar evolução.
15772479,0.005,Baixo,Manter relacionamento ativo e acompanhar evolução.
15719809,0.005,Baixo,Manter relacionamento ativo e acompanhar evolução.
15661219,0.005,Baixo,Manter relacionamento ativo e acompanhar evolução.
15671973,0.005,Baixo,Manter relacionamento ativo e acompanhar evolução.
15629519,0.005,Baixo,Manter relacionamento ativo e acompanhar evolução.
15750671,0.005,Baixo,Manter relacionamento ativo e acompanhar evolução.
15758639,0.005,Baixo,Manter relacionamento ativo e acompanhar evolução.
15749167,0.005,Baixo,Manter relacionamento ativo e acompanhar evolução.
15663386,0.005,Baixo,Manter relacionamento ativo e acompanhar evolução.
15647207,0.005,Baixo,Manter relacionamento ativo e acompanhar evolução.
15571244,0.005,Baixo,Manter relacionamento ativo e acompanhar evolução.
15574558,0.005,Baixo,Manter relacionamento ativo e acompanhar evolução.
15680399,0.005,Baixo,Manter relacionamento ativo e acompanhar evolução.
15652069,0.005,Baixo,Manter relacionamento ativo e acompanhar evolução.
15693752,0.005,Baixo,Manter relacionamento ativo e acompanhar evolução.
15736124,0.005,Baixo,Manter relacionamento ativo e acompanhar evolução.
15637954,0.005,Baixo,Manter relacionamento ativo e acompanhar evolução.
15806184,0.005,Baixo,Manter relacionamento ativo e acompanhar evolução.
15585734,0.005,Baixo,Manter relacionamento ativo e acompanhar evolução.
15681220,0.005,Baixo,Manter relacionamento ativo e acompanhar evolução.
15745001,0.005,Baixo,Manter relacionamento ativo e acompanhar evolução.
15675256,0.005,Baixo,Manter relacionamento ativo e acompanhar evolução.
15758056,0.005,Baixo,Manter relacionamento ativo e acompanhar evolução.
15579287,0.005,Baixo,Manter relacionamento ativo e acompanhar evolução.
15777179,0.005,Baixo,Manter relacionamento ativo e acompanhar evolução.
15592645,0.005,Baixo,Manter relacionamento ativo e acompanhar evolução.
15624374,0.005,Baixo,Manter relacionamento ativo e acompanhar evolução.
15576623,0.005,Baixo,Manter relacionamento ativo e acompanhar evolução.
15773890,0.005,Baixo,Manter relacionamento ativo e acompanhar evolução.
15617507,0.005,Baixo,Manter relacionamento ativo e acompanhar evolução.
15718789,0.005,Baixo,Manter relacionamento ativo e acompanhar evolução.
15677739,0.005,Baixo,Manter relacionamento ativo e acompanhar evolução.
15738627,0.005,Baixo,Manter relacionamento ativo e acompanhar evolução.
15627854,0.005,Baixo,Manter relacionamento ativo e acompanhar evolução.
15714634,0.005,Baixo,Manter relacionamento ativo e acompanhar evolução.
15567855,0.005,Baixo,Manter relacionamento ativo e acompanhar evolução.
15709780,0.005,Baixo,Manter relacionamento ativo e acompanhar evolução.
15664772,0.005,Baixo,Manter relacionamento ativo e acompanhar evolução.
15672966,0.005,Baixo,Manter relacionamento ativo e acompanhar evolução.
15567333,0.005,Baixo,Manter relacionamento ativo e acompanhar evolução.
15601892,0.005,Baixo,Manter relacionamento ativo e acompanhar evolução.
15750441,0.005,Baixo,Manter relacionamento ativo e acompanhar evolução.
15612418,0.005,Baixo,Manter relacionamento ativo e acompanhar evolução.
15729763,0.005,Baixo,Manter relacionamento ativo e acompanhar evolução.
15755416,0.005,Baixo,Manter relacionamento ativo e acompanhar evolução.
15587735,0.005,Baixo,Manter relacionamento ativo e acompanhar evolução.
15598521,0.005,Baixo,Manter relacionamento ativo e acompanhar evolução.
15594436,0.005,Baixo,Manter relacionamento ativo e acompanhar evolução.
15569867,0.005,Baixo,Manter relacionamento ativo e acompanhar evolução.
15639217,0.005,Baixo,Manter relacionamento ativo e acompanhar evolução.
15688644,0.005,Baixo,Manter relacionamento ativo e acompanhar evolução.
15675749,0.005,Baixo,Manter relacionamento ativo e acompanhar evolução.
15604544,0.005,Baixo,Manter relacionamento ativo e acompanhar evolução.
15716000,0.005,Baixo,Manter relacionamento ativo e acompanhar evolução.
15684296,0.005,Baixo,Manter relacionamento ativo e acompanhar evolução.
15593601,0.005,Baixo,Manter relacionamento ativo e acompanhar evolução.
15746902,0.005,Baixo,Manter relacionamento ativo e acompanhar evolução.
15600258,0.005,Baixo,Manter relacionamento ativo e acompanhar evolução.
15669490,0.005,Baixo,Manter relacionamento ativo e acompanhar evolução.
15695168,0.005,Baixo,Manter relacionamento ativo e acompanhar evolução.
15786643,0.005,Baixo,Manter relacionamento ativo e acompanhar evolução.
15572767,0.005,Baixo,Manter relacionamento ativo e acompanhar evolução.
15777033,0.005,Baixo,Manter relacionamento ativo e acompanhar evolução.
15671915,0.005,Baixo,Manter relacionamento ativo e acompanhar evolução.
15595047,0.005,Baixo,Manter relacionamento ativo e acompanhar evolução.
15732334,0.005,Baixo,Manter relacionamento ativo e acompanhar evolução.
15800856,0.005,Baixo,Manter relacionamento ativo e acompanhar evolução.
15576131,0.005,Baixo,Manter relacionamento ativo e acompanhar evolução.
15713267,0.005,Baixo,Manter relacionamento ativo e acompanhar evolução.
15797010,0.005,Baixo,Manter relacionamento ativo e acompanhar evolução.
15750410,0.005,Baixo,Manter relacionamento ativo e acompanhar evolução.
15665221,0.005,Baixo,Manter relacionamento ativo e acompanhar evolução.
15727539,0.005,Baixo,Manter relacionamento ativo e acompanhar evolução.
15707441,0.005,Baixo,Manter relacionamento ativo e acompanhar evolução.
15609804,0.005,Baixo,Manter relacionamento ativo e acompanhar evolução.
15792922,0.005,Baixo,Manter relacionamento ativo e acompanhar evolução.
15665678,0.005,Baixo,Manter relacionamento ativo e acompanhar evolução.
15622003,0.005,Baixo,Manter relacionamento ativo e acompanhar evolução.
15626452,0.005,Baixo,Manter relacionamento ativo e acompanhar evolução.
15772618,0.005,Baixo,Manter relacionamento ativo e acompanhar evolução.
15754574,0.005,Baixo,Manter relacionamento ativo e acompanhar evolução.
15793883,0.005,Baixo,Manter relacionamento ativo e acompanhar evolução.
15579787,0.005,Baixo,Manter relacionamento ativo e acompanhar evolução.
15732102,0.005,Baixo,Manter relacionamento ativo e acompanhar evolução.
15672115,0.005,Baixo,Manter relacionamento ativo e acompanhar evolução.
15778287,0.005,Baixo,Manter relacionamento ativo e acompanhar evolução.
15687752,0.005,Baixo,Manter relacionamento ativo e acompanhar evolução.
15584363,0.005,Baixo,Manter relacionamento ativo e acompanhar evolução.
15786433,0.005,Baixo,Manter relacionamento ativo e acompanhar evolução.
15695932,0.005,Baixo,Manter relacionamento ativo e acompanhar evolução.
15775741,0.005,Baixo,Manter relacionamento ativo e acompanhar evolução.
15682547,0.005,Baixo,Manter relacionamento ativo e acompanhar evolução.
15629150,0.005,Baixo,Manter relacionamento ativo e acompanhar evolução.
15695356,0.005,Baixo,Manter relacionamento ativo e acompanhar evolução.
15656840,0.005,Baixo,Manter relacionamento ativo e acompanhar evolução.
15609286,0.005,Baixo,Manter relacionamento ativo e acompanhar evolução.
15767894,0.005,Baixo,Manter relacionamento ativo e acompanhar evolução.
15616240,0.005,Baixo,Manter relacionamento ativo e acompanhar evolução.
15568328,0.005,Baixo,Manter relacionamento ativo e acompanhar evolução.
15735788,0.005,Baixo,Manter relacionamento ativo e acompanhar evolução.
15628420,0.005,Baixo,Manter relacionamento ativo e acompanhar evolução.
15641690,0.005,Baixo,Manter relacionamento ativo e acompanhar evolução.
15631063,0.005,Baixo,Manter relacionamento ativo e acompanhar evolução.
15793901,0.005,Baixo,Manter relacionamento ativo e acompanhar evolução.
15586504,0.005,Baixo,Manter relacionamento ativo e acompanhar evolução.
15682995,0.005,Baixo,Manter relacionamento ativo e acompanhar evolução.
15584776,0.005,Baixo,Manter relacionamento ativo e acompanhar evolução.
15742886,0.005,Baixo,Manter relacionamento ativo e acompanhar evolução.
15668142,0.005,Baixo,Manter relacionamento ativo e acompanhar evolução.
15576760,0.005,Baixo,Manter relacionamento ativo e acompanhar evolução.
15597385,0.005,Baixo,Manter relacionamento ativo e acompanhar evolução.
15807194,0.005,Baixo,Manter relacionamento ativo e acompanhar evolução.
15718531,0.005,Baixo,Manter relacionamento ativo e acompanhar evolução.
15805162,0.005,Baixo,Manter relacionamento ativo e acompanhar evolução.
15684358,0.005,Baixo,Manter relacionamento ativo e acompanhar evolução.
15648067,0.005,Baixo,Manter relacionamento ativo e acompanhar evolução.
15594502,0.005,Baixo,Manter relacionamento ativo e acompanhar evolução.
15679928,0.005,Baixo,Manter relacionamento ativo e acompanhar evolução.
15636590,0.005,Baixo,Manter relacionamento ativo e acompanhar evolução.
15642093,0.005,Baixo,Manter relacionamento ativo e acompanhar evolução.
15602554,0.005,Baixo,Manter relacionamento ativo e acompanhar evolução.
15632859,0.005,Baixo,Manter relacionamento ativo e acompanhar evolução.
15703119,0.005,Baixo,Manter relacionamento ativo e acompanhar evolução.
15667889,0.005,Baixo,Manter relacionamento ativo e acompanhar evolução.
15729836,0.005,Baixo,Manter relacionamento ativo e acompanhar evolução.
15697597,0.005,Baixo,Manter relacionamento ativo e acompanhar evolução.
15668347,0.005,Baixo,Manter relacionamento ativo e acompanhar evolução.
15597265,0.005,Baixo,Manter relacionamento ativo e acompanhar evolução.
15676707,0.005,Baixo,Manter relacionamento ativo e acompanhar evolução.
15595388,0.005,Baixo,Manter relacionamento ativo e acompanhar evolução.
15687540,0.005,Baixo,Manter relacionamento ativo e acompanhar evolução.
15700693,0.005,Baixo,Manter relacionamento ativo e acompanhar evolução.
15794875,0.005,Baixo,Manter relacionamento ativo e acompanhar evolução.
15610765,0.005,Baixo,Manter relacionamento ativo e acompanhar evolução.
15645772,0.005,Baixo,Manter relacionamento ativo e acompanhar evolução.
15670562,0.005,Baixo,Manter relacionamento ativo e acompanhar evolução.
15694160,0.005,Baixo,Manter relacionamento ativo e acompanhar evolução.
15689661,0.005,Baixo,Manter relacionamento ativo e acompanhar evolução.
15697480,0.005,Baixo,Manter relacionamento ativo e acompanhar evolução.
15717935,0.005,Baixo,Manter relacionamento ativo e acompanhar evolução.
15601503,0.005,Baixo,Manter relacionamento ativo e acompanhar evolução.
15674149,0.005,Baixo,Manter relacionamento ativo e acompanhar evolução.
15811200,0.005,Baixo,Manter relacionamento ativo e acompanhar evolução.
15715877,0.005,Baixo,Manter relacionamento ativo e acompanhar evolução.
15606552,0.005,Baixo,Manter relacionamento ativo e acompanhar evolução.
15630106,0.005,Baixo,Manter relacionamento ativo e acompanhar evolução.
15669501,0.005,Baixo,Manter relacionamento ativo e acompanhar evolução.
15586699,0.005,Baixo,Manter relacionamento ativo e acompanhar evolução.
15648725,0.005,Baixo,Manter relacionamento ativo e acompanhar evolução.
15573278,0.005,Baixo,Manter relacionamento ativo e acompanhar evolução.
15742369,0.005,Baixo,Manter relacionamento ativo e acompanhar evolução.
15658435,0.005,Baixo,Manter relacionamento ativo e acompanhar evolução.
15586029,0.005,Baixo,Manter relacionamento ativo e acompanhar evolução.
15607598,0.005,Baixo,Manter relacionamento ativo e acompanhar evolução.
15584288,0.005,Baixo,Manter relacionamento ativo e acompanhar evolução.
15569451,0.005,Baixo,Manter relacionamento ativo e acompanhar evolução.
15599268,0.005,Baixo,Manter relacionamento ativo e acompanhar evolução.
15711398,0.005,Baixo,Manter relacionamento ativo e acompanhar evolução.
15692258,0.005,Baixo,Manter relacionamento ativo e acompanhar evolução.
15748473,0.005,Baixo,Manter relacionamento ativo e acompanhar evolução.
15813590,0.005,Baixo,Manter relacionamento ativo e acompanhar evolução.
15693637,0.005,Baixo,Manter relacionamento ativo e acompanhar evolução.
15598586,0.005,Baixo,Manter relacionamento ativo e acompanhar evolução.
15652667,0.005,Baixo,Manter relacionamento ativo e acompanhar evolução.
15594084,0.005,Baixo,Manter relacionamento ativo e acompanhar evolução.
15622289,0.005,Baixo,Manter relacionamento ativo e acompanhar evolução.
15790442,0.005,Baixo,Manter relacionamento ativo e acompanhar evolução.
15740900,0.005,Baixo,Manter relacionamento ativo e acompanhar evolução.
15669516,0.005,Baixo,Manter relacionamento ativo e acompanhar evolução.
15585256,0.005,Baixo,Manter relacionamento ativo e acompanhar evolução.
15599440,0.005,Baixo,Manter relacionamento ativo e acompanhar evolução.
15739548,0.005,Baixo,Manter relacionamento ativo e acompanhar evolução.
15773809,0.005,Baixo,Manter relacionamento ativo e acompanhar evolução.
15578977,0.005,Baixo,Manter relacionamento ativo e acompanhar evolução.
15804072,0.005,Baixo,Manter relacionamento ativo e acompanhar evolução.
15582903,0.005,Baixo,Manter relacionamento ativo e acompanhar evolução.
15720529,0.005,Baixo,Manter relacionamento ativo e acompanhar evolução.
15681755,0.005,Baixo,Manter relacionamento ativo e acompanhar evolução.
15682860,0.005,Baixo,Manter relacionamento ativo e acompanhar evolução.
15724955,0.005,Baixo,Manter relacionamento ativo e acompanhar evolução.
15602124,0.005,Baixo,Manter relacionamento ativo e acompanhar evolução.
15748639,0.005,Baixo,Manter relacionamento ativo e acompanhar evolução.
15766659,0.005,Baixo,Manter relacionamento ativo e acompanhar evolução.
15620443,0.005,Baixo,Manter relacionamento ativo e acompanhar evolução.
15743545,0.005,Baixo,Manter relacionamento ativo e acompanhar evolução.
15640648,0.005,Baixo,Manter relacionamento ativo e acompanhar evolução.
15701291,0.005,Baixo,Manter relacionamento ativo e acompanhar evolução.
15812917,0.005,Baixo,Manter relacionamento ativo e acompanhar evolução.
15616922,0.005,Baixo,Manter relacionamento ativo e acompanhar evolução.
15770159,0.005,Baixo,Manter relacionamento ativo e acompanhar evolução.
15696231,0.005,Baixo,Manter relacionamento ativo e acompanhar evolução.
15640059,0.005,Baixo,Manter relacionamento ativo e acompanhar evolução.
15673570,0.005,Baixo,Manter relacionamento ativo e acompanhar evolução.
15777994,0.005,Baixo,Manter relacionamento ativo e acompanhar evolução.
15684367,0.005,Baixo,Manter relacionamento ativo e acompanhar evolução.
15781678,0.005,Baixo,Manter relacionamento ativo e acompanhar evolução.
15776047,0.005,Baixo,Manter relacionamento ativo e acompanhar evolução.
15731519,0.005,Baixo,Manter relacionamento ativo e acompanhar evolução.
15804002,0.005,Baixo,Manter relacionamento ativo e acompanhar evolução.
15768881,0.005,Baixo,Manter relacionamento ativo e acompanhar evolução.
15614220,0.005,Baixo,Manter relacionamento ativo e acompanhar evolução.
15598574,0.005,Baixo,Manter relacionamento ativo e acompanhar evolução.
15768449,0.005,Baixo,Manter relacionamento ativo e acompanhar evolução.
15771483,0.005,Baixo,Manter relacionamento ativo e acompanhar evolução.
15707138,0.005,Baixo,Manter relacionamento ativo e acompanhar evolução.
15716835,0.005,Baixo,Manter relacionamento ativo e acompanhar evolução.
15746065,0.005,Baixo,Manter relacionamento ativo e acompanhar evolução.
15710408,0.005,Baixo,Manter relacionamento ativo e acompanhar evolução.
15791988,0.005,Baixo,Manter relacionamento ativo e acompanhar evolução.
15586629,0.005,Baixo,Manter relacionamento ativo e acompanhar evolução.
15749114,0.005,Baixo,Manter relacionamento ativo e acompanhar evolução.
15649136,0.005,Baixo,Manter relacionamento ativo e acompanhar evolução.
15814004,0.005,Baixo,Manter relacionamento ativo e acompanhar evolução.
15782806,0.005,Baixo,Manter relacionamento ativo e acompanhar evolução.
15732660,0.005,Baixo,Manter relacionamento ativo e acompanhar evolução.
15726358,0.005,Baixo,Manter relacionamento ativo e acompanhar evolução.
15642448,0.005,Baixo,Manter relacionamento ativo e acompanhar evolução.
15731166,0.005,Baixo,Manter relacionamento ativo e acompanhar evolução.
15710853,0.005,Baixo,Manter relacionamento ativo e acompanhar evolução.
15805212,0.005,Baixo,Manter relacionamento ativo e acompanhar evolução.
15723827,0.005,Baixo,Manter relacionamento ativo e acompanhar evolução.
15699340,0.005,Baixo,Manter relacionamento ativo e acompanhar evolução.
15608688,0.005,Baixo,Manter relacionamento ativo e acompanhar evolução.
15575243,0.005,Baixo,Manter relacionamento ativo e acompanhar evolução.
15643679,0.005,Baixo,Manter relacionamento ativo e acompanhar evolução.
15726776,0.005,Baixo,Manter relacionamento ativo e acompanhar evolução.
15784092,0.005,Baixo,Manter relacionamento ativo e acompanhar evolução.
15624347,0.005,Baixo,Manter relacionamento ativo e acompanhar evolução.
15684921,0.005,Baixo,Manter relacionamento ativo e acompanhar evolução.
15675949,0.005,Baixo,Manter relacionamento ativo e acompanhar evolução.
15667265,0.005,Baixo,Manter relacionamento ativo e acompanhar evolução.
15728082,0.005,Baixo,Manter relacionamento ativo e acompanhar evolução.
15768777,0.005,Baixo,Manter relacionamento ativo e acompanhar evolução.
15749964,0.005,Baixo,Manter relacionamento ativo e acompanhar evolução.
15576774,0.005,Baixo,Manter relacionamento ativo e acompanhar evolução.
15813640,0.005,Baixo,Manter relacionamento ativo e acompanhar evolução.
15662245,0.005,Baixo,Manter relacionamento ativo e acompanhar evolução.
15752956,0.005,Baixo,Manter relacionamento ativo e acompanhar evolução.
15665340,0.005,Baixo,Manter relacionamento ativo e acompanhar evolução.
15757821,0.005,Baixo,Manter relacionamento ativo e acompanhar evolução.
15659100,0.005,Baixo,Manter relacionamento ativo e acompanhar evolução.
15802060,0.005,Baixo,Manter relacionamento ativo e acompanhar evolução.
15729359,0.005,Baixo,Manter relacionamento ativo e acompanhar evolução.
15660200,0.005,Baixo,Manter relacionamento ativo e acompanhar evolução.
15610140,0.005,Baixo,Manter relacionamento ativo e acompanhar evolução.
15800554,0.005,Baixo,Manter relacionamento ativo e acompanhar evolução.
15611409,0.005,Baixo,Manter relacionamento ativo e acompanhar evolução.
15762228,0.005,Baixo,Manter relacionamento ativo e acompanhar evolução.
15789815,0.005,Baixo,Manter relacionamento ativo e acompanhar evolução.
15737194,0.005,Baixo,Manter relacionamento ativo e acompanhar evolução.
15777217,0.005,Baixo,Manter relacionamento ativo e acompanhar evolução.
15712825,0.005,Baixo,Manter relacionamento ativo e acompanhar evolução.
15798906,0.005,Baixo,Manter relacionamento ativo e acompanhar evolução.
15578980,0.005,Baixo,Manter relacionamento ativo e acompanhar evolução.
15641655,0.005,Baixo,Manter relacionamento ativo e acompanhar evolução.
15619708,0.005,Baixo,Manter relacionamento ativo e acompanhar evolução.
15682540,0.005,Baixo,Manter relacionamento ativo e acompanhar evolução.
15678210,0.005,Baixo,Manter relacionamento ativo e acompanhar evolução.
15729377,0.005,Baixo,Manter relacionamento ativo e acompanhar evolução.
15744423,0.005,Baixo,Manter relacionamento ativo e acompanhar evolução.
15724402,0.005,Baixo,Manter relacionamento ativo e acompanhar evolução.
15645820,0.005,Baixo,Manter relacionamento ativo e acompanhar evolução.
15598840,0.005,Baixo,Manter relacionamento ativo e acompanhar evolução.
15670619,0.005,Baixo,Manter relacionamento ativo e acompanhar evolução.
15615176,0.005,Baixo,Manter relacionamento ativo e acompanhar evolução.
15780628,0.005,Baixo,Manter relacionamento ativo e acompanhar evolução.
15596939,0.005,Baixo,Manter relacionamento ativo e acompanhar evolução.
15603830,0.005,Baixo,Manter relacionamento ativo e acompanhar evolução.
15596914,0.005,Baixo,Manter relacionamento ativo e acompanhar evolução.
15734044,0.005,Baixo,Manter relacionamento ativo e acompanhar evolução.
15636658,0.005,Baixo,Manter relacionamento ativo e acompanhar evolução.
15618213,0.005,Baixo,Manter relacionamento ativo e acompanhar evolução.
15767488,0.005,Baixo,Manter relacionamento ativo e acompanhar evolução.
15570417,0.005,Baixo,Manter relacionamento ativo e acompanhar evolução.
15598614,0.005,Baixo,Manter relacionamento ativo e acompanhar evolução.
15627328,0.005,Baixo,Manter relacionamento ativo e acompanhar evolução.
15679668,0.005,Baixo,Manter relacionamento ativo e acompanhar evolução.
15605276,0.005,Baixo,Manter relacionamento ativo e acompanhar evolução.
15636626,0.005,Baixo,Manter relacionamento ativo e acompanhar evolução.
15733303,0.005,Baixo,Manter relacionamento ativo e acompanhar evolução.
15631451,0.005,Baixo,Manter relacionamento ativo e acompanhar evolução.
15725811,0.005,Baixo,Manter relacionamento ativo e acompanhar evolução.
15745012,0.005,Baixo,Manter relacionamento ativo e acompanhar evolução.
15805627,0.005,Baixo,Manter relacionamento ativo e acompanhar evolução.
15600626,0.005,Baixo,Manter relacionamento ativo e acompanhar evolução.
15750874,0.005,Baixo,Manter relacionamento ativo e acompanhar evolução.
15588923,0.005,Baixo,Manter relacionamento ativo e acompanhar evolução.
15654519,0.005,Baixo,Manter relacionamento ativo e acompanhar evolução.
15573854,0.005,Baixo,Manter relacionamento ativo e acompanhar evolução.
15622171,0.005,Baixo,Manter relacionamento ativo e acompanhar evolução.
15667521,0.005,Baixo,Manter relacionamento ativo e acompanhar evolução.
15705379,0.005,Baixo,Manter relacionamento ativo e acompanhar evolução.
15700549,0.005,Baixo,Manter relacionamento ativo e acompanhar evolução.
15631054,0.005,Baixo,Manter relacionamento ativo e acompanhar evolução.
15698442,0.005,Baixo,Manter relacionamento ativo e acompanhar evolução.
15693814,0.005,Baixo,Manter relacionamento ativo e acompanhar evolução.
15599660,0.005,Baixo,Manter relacionamento ativo e acompanhar evolução.
15752186,0.005,Baixo,Manter relacionamento ativo e acompanhar evolução.
15574608,0.005,Baixo,Manter relacionamento ativo e acompanhar evolução.
15680901,0.005,Baixo,Manter relacionamento ativo e acompanhar evolução.
15653147,0.005,Baixo,Manter relacionamento ativo e acompanhar evolução.
15685628,0.005,Baixo,Manter relacionamento ativo e acompanhar evolução.
15611973,0.005,Baixo,Manter relacionamento ativo e acompanhar evolução.
15728010,0.005,Baixo,Manter relacionamento ativo e acompanhar evolução.
15601184,0.005,Baixo,Manter relacionamento ativo e acompanhar evolução.
15603594,0.005,Baixo,Manter relacionamento ativo e acompanhar evolução.
15717164,0.005,Baixo,Manter relacionamento ativo e acompanhar evolução.
15737971,0.005,Baixo,Manter relacionamento ativo e acompanhar evolução.
15631693,0.005,Baixo,Manter relacionamento ativo e acompanhar evolução.
15592326,0.005,Baixo,Manter relacionamento ativo e acompanhar evolução.
15647191,0.005,Baixo,Manter relacionamento ativo e acompanhar evolução.
15672821,0.005,Baixo,Manter relacionamento ativo e acompanhar evolução.
15767681,0.005,Baixo,Manter relacionamento ativo e acompanhar evolução.
15787550,0.005,Baixo,Manter relacionamento ativo e acompanhar evolução.
15740411,0.005,Baixo,Manter relacionamento ativo e acompanhar evolução.
15737977,0.005,Baixo,Manter relacionamento ativo e acompanhar evolução.
15663294,0.005,Baixo,Manter relacionamento ativo e acompanhar evolução.
15765287,0.005,Baixo,Manter relacionamento ativo e acompanhar evolução.
15628904,0.005,Baixo,Manter relacionamento ativo e acompanhar evolução.
15714431,0.005,Baixo,Manter relacionamento ativo e acompanhar evolução.
15706464,0.005,Baixo,Manter relacionamento ativo e acompanhar evolução.
15702300,0.005,Baixo,Manter relacionamento ativo e acompanhar evolução.
15660735,0.005,Baixo,Manter relacionamento ativo e acompanhar evolução.
15671390,0.005,Baixo,Manter relacionamento ativo e acompanhar evolução.
15578722,0.005,Baixo,Manter relacionamento ativo e acompanhar evolução.
15575247,0.005,Baixo,Manter relacionamento ativo e acompanhar evolução.
15676909,0.005,Baixo,Manter relacionamento ativo e acompanhar evolução.
15637593,0.005,Baixo,Manter relacionamento ativo e acompanhar evolução.
15731989,0.005,Baixo,Manter relacionamento ativo e acompanhar evolução.
15763194,0.005,Baixo,Manter relacionamento ativo e acompanhar evolução.
15676521,0.005,Baixo,Manter relacionamento ativo e acompanhar evolução.
15800620,0.005,Baixo,Manter relacionamento ativo e acompanhar evolução.
15806284,0.005,Baixo,Manter relacionamento ativo e acompanhar evolução.
15762993,0.005,Baixo,Manter relacionamento ativo e acompanhar evolução.
15651272,0.005,Baixo,Manter relacionamento ativo e acompanhar evolução.
15618566,0.005,Baixo,Manter relacionamento ativo e acompanhar evolução.
15612465,0.005,Baixo,Manter relacionamento ativo e acompanhar evolução.
15605872,0.005,Baixo,Manter relacionamento ativo e acompanhar evolução.
15801488,0.005,Baixo,Manter relacionamento ativo e acompanhar evolução.
15682523,0.005,Baixo,Manter relacionamento ativo e acompanhar evolução.
15709295,0.005,Baixo,Manter relacionamento ativo e acompanhar evolução.
15731522,0.005,Baixo,Manter relacionamento ativo e acompanhar evolução.
15720644,0.005,Baixo,Manter relacionamento ativo e acompanhar evolução.
15811742,0.005,Baixo,Manter relacionamento ativo e acompanhar evolução.
15787229,0.005,Baixo,Manter relacionamento ativo e acompanhar evolução.
15668521,0.005,Baixo,Manter relacionamento ativo e acompanhar evolução.
15611338,0.005,Baixo,Manter relacionamento ativo e acompanhar evolução.
15672237,0.005,Baixo,Manter relacionamento ativo e acompanhar evolução.
15638424,0.005,Baixo,Manter relacionamento ativo e acompanhar evolução.
15779052,0.005,Baixo,Manter relacionamento ativo e acompanhar evolução.
15683553,0.005,Baixo,Manter relacionamento ativo e acompanhar evolução.
15757646,0.005,Baixo,Manter relacionamento ativo e acompanhar evolução.
15752508,0.005,Baixo,Manter relacionamento ativo e acompanhar evolução.
15773017,0.005,Baixo,Manter relacionamento ativo e acompanhar evolução.
15719858,0.005,Baixo,Manter relacionamento ativo e acompanhar evolução.
15678725,0.005,Baixo,Manter relacionamento ativo e acompanhar evolução.
15603674,0.005,Baixo,Manter relacionamento ativo e acompanhar evolução.
15799186,0.005,Baixo,Manter relacionamento ativo e acompanhar evolução.
15765457,0.005,Baixo,Manter relacionamento ativo e acompanhar evolução.
15628319,0.005,Baixo,Manter relacionamento ativo e acompanhar evolução.
15606229,0.0,Baixo,Manter relacionamento ativo e acompanhar evolução.
15761506,0.0,Baixo,Manter relacionamento ativo e acompanhar evolução.
15627377,0.0,Baixo,Manter relacionamento ativo e acompanhar evolução.
15749799,0.0,Baixo,Manter relacionamento ativo e acompanhar evolução.
15747000,0.0,Baixo,Manter relacionamento ativo e acompanhar evolução.
15734892,0.0,Baixo,Manter relacionamento ativo e acompanhar evolução.
15708713,0.0,Baixo,Manter relacionamento ativo e acompanhar evolução.
15671800,0.0,Baixo,Manter relacionamento ativo e acompanhar evolução.
15729804,0.0,Baixo,Manter relacionamento ativo e acompanhar evolução.
15592197,0.0,Baixo,Manter relacionamento ativo e acompanhar evolução.
15716926,0.0,Baixo,Manter relacionamento ativo e acompanhar evolução.
15716800,0.0,Baixo,Manter relacionamento ativo e acompanhar evolução.
15582841,0.0,Baixo,Manter relacionamento ativo e acompanhar evolução.
15760090,0.0,Baixo,Manter relacionamento ativo e acompanhar evolução.
15677123,0.0,Baixo,Manter relacionamento ativo e acompanhar evolução.
15620758,0.0,Baixo,Manter relacionamento ativo e acompanhar evolução.
15634606,0.0,Baixo,Manter relacionamento ativo e acompanhar evolução.
15619892,0.0,Baixo,Manter relacionamento ativo e acompanhar evolução.
15576085,0.0,Baixo,Manter relacionamento ativo e acompanhar evolução.
15583499,0.0,Baixo,Manter relacionamento ativo e acompanhar evolução.
15694581,0.0,Baixo,Manter relacionamento ativo e acompanhar evolução.
15672481,0.0,Baixo,Manter relacionamento ativo e acompanhar evolução.
15693264,0.0,Baixo,Manter relacionamento ativo e acompanhar evolução.
15769902,0.0,Baixo,Manter relacionamento ativo e acompanhar evolução.
15641715,0.0,Baixo,Manter relacionamento ativo e acompanhar evolução.
15660144,0.0,Baixo,Manter relacionamento ativo e acompanhar evolução.
15655274,0.0,Baixo,Manter relacionamento ativo e acompanhar evolução.
15730360,0.0,Baixo,Manter relacionamento ativo e acompanhar evolução.
15754084,0.0,Baixo,Manter relacionamento ativo e acompanhar evolução.
15648638,0.0,Baixo,Manter relacionamento ativo e acompanhar evolução.
15601116,0.0,Baixo,Manter relacionamento ativo e acompanhar evolução.
15749669,0.0,Baixo,Manter relacionamento ativo e acompanhar evolução.
15593773,0.0,Baixo,Manter relacionamento ativo e acompanhar evolução.
15658195,0.0,Baixo,Manter relacionamento ativo e acompanhar evolução.
15750476,0.0,Baixo,Manter relacionamento ativo e acompanhar evolução.
15726167,0.0,Baixo,Manter relacionamento ativo e acompanhar evolução.
15800215,0.0,Baixo,Manter relacionamento ativo e acompanhar evolução.
15670615,0.0,Baixo,Manter relacionamento ativo e acompanhar evolução.
15815236,0.0,Baixo,Manter relacionamento ativo e acompanhar evolução.
15684861,0.0,Baixo,Manter relacionamento ativo e acompanhar evolução.
15694677,0.0,Baixo,Manter relacionamento ativo e acompanhar evolução.
15711468,0.0,Baixo,Manter relacionamento ativo e acompanhar evolução.
15724527,0.0,Baixo,Manter relacionamento ativo e acompanhar evolução.
15789498,0.0,Baixo,Manter relacionamento ativo e acompanhar evolução.
15580912,0.0,Baixo,Manter relacionamento ativo e acompanhar evolução.
15725028,0.0,Baixo,Manter relacionamento ativo e acompanhar evolução.
15768474,0.0,Baixo,Manter relacionamento ativo e acompanhar evolução.
15760570,0.0,Baixo,Manter relacionamento ativo e acompanhar evolução.
15747043,0.0,Baixo,Manter relacionamento ativo e acompanhar evolução.
15739189,0.0,Baixo,Manter relacionamento ativo e acompanhar evolução.
15762588,0.0,Baixo,Manter relacionamento ativo e acompanhar evolução.
15792360,0.0,Baixo,Manter relacionamento ativo e acompanhar evolução.
15664521,0.0,Baixo,Manter relacionamento ativo e acompanhar evolução.
15619465,0.0,Baixo,Manter relacionamento ativo e acompanhar evolução.
15686345,0.0,Baixo,Manter relacionamento ativo e acompanhar evolução.
15750243,0.0,Baixo,Manter relacionamento ativo e acompanhar evolução.
15687527,0.0,Baixo,Manter relacionamento ativo e acompanhar evolução.
15591248,0.0,Baixo,Manter relacionamento ativo e acompanhar evolução.
15780572,0.0,Baixo,Manter relacionamento ativo e acompanhar evolução.
15715519,0.0,Baixo,Manter relacionamento ativo e acompanhar evolução.
15593468,0.0,Baixo,Manter relacionamento ativo e acompanhar evolução.
15679804,0.0,Baixo,Manter relacionamento ativo e acompanhar evolução.
15721935,0.0,Baixo,Manter relacionamento ativo e acompanhar evolução.
15625021,0.0,Baixo,Manter relacionamento ativo e acompanhar evolução.
15568044,0.0,Baixo,Manter relacionamento ativo e acompanhar evolução.
15588622,0.0,Baixo,Manter relacionamento ativo e acompanhar evolução.
15722479,0.0,Baixo,Manter relacionamento ativo e acompanhar evolução.
15682639,0.0,Baixo,Manter relacionamento ativo e acompanhar evolução.
15742297,0.0,Baixo,Manter relacionamento ativo e acompanhar evolução.
15635598,0.0,Baixo,Manter relacionamento ativo e acompanhar evolução.
15599131,0.0,Baixo,Manter relacionamento ativo e acompanhar evolução.
15753679,0.0,Baixo,Manter relacionamento ativo e acompanhar evolução.
15779529,0.0,Baixo,Manter relacionamento ativo e acompanhar evolução.
15583724,0.0,Baixo,Manter relacionamento ativo e acompanhar evolução.
15645571,0.0,Baixo,Manter relacionamento ativo e acompanhar evolução.
15590637,0.0,Baixo,Manter relacionamento ativo e acompanhar evolução.
15794661,0.0,Baixo,Manter relacionamento ativo e acompanhar evolução.
15763544,0.0,Baixo,Manter relacionamento ativo e acompanhar evolução.
15745804,0.0,Baixo,Manter relacionamento ativo e acompanhar evolução.
15805449,0.0,Baixo,Manter relacionamento ativo e acompanhar evolução.
15803764,0.0,Baixo,Manter relacionamento ativo e acompanhar evolução.
15643330,0.0,Baixo,Manter relacionamento ativo e acompanhar evolução.
15668460,0.0,Baixo,Manter relacionamento ativo e acompanhar evolução.
15646227,0.0,Baixo,Manter relacionamento ativo e acompanhar evolução.
15778192,0.0,Baixo,Manter relacionamento ativo e acompanhar evolução.
15771535,0.0,Baixo,Manter relacionamento ativo e acompanhar evolução.
15586425,0.0,Baixo,Manter relacionamento ativo e acompanhar evolução.
15692991,0.0,Baixo,Manter relacionamento ativo e acompanhar evolução.
15685576,0.0,Baixo,Manter relacionamento ativo e acompanhar evolução.
15702631,0.0,Baixo,Manter relacionamento ativo e acompanhar evolução.
15794468,0.0,Baixo,Manter relacionamento ativo e acompanhar evolução.
15687903,0.0,Baixo,Manter relacionamento ativo e acompanhar evolução.
15580988,0.0,Baixo,Manter relacionamento ativo e acompanhar evolução.
15686137,0.0,Baixo,Manter relacionamento ativo e acompanhar evolução.
15585036,0.0,Baixo,Manter relacionamento ativo e acompanhar evolução.
15780215,0.0,Baixo,Manter relacionamento ativo e acompanhar evolução.
15734565,0.0,Baixo,Manter relacionamento ativo e acompanhar evolução.
15708714,0.0,Baixo,Manter relacionamento ativo e acompanhar evolução.
15586183,0.0,Baixo,Manter relacionamento ativo e acompanhar evolução.
15748673,0.0,Baixo,Manter relacionamento ativo e acompanhar evolução.
15660866,0.0,Baixo,Manter relacionamento ativo e acompanhar evolução.
15711249,0.0,Baixo,Manter relacionamento ativo e acompanhar evolução.
15709653,0.0,Baixo,Manter relacionamento ativo e acompanhar evolução.
15749130,0.0,Baixo,Manter relacionamento ativo e acompanhar evolução.
15605327,0.0,Baixo,Manter relacionamento ativo e acompanhar evolução.
15741094,0.0,Baixo,Manter relacionamento ativo e acompanhar evolução.
15780256,0.0,Baixo,Manter relacionamento ativo e acompanhar evolução.
15702061,0.0,Baixo,Manter relacionamento ativo e acompanhar evolução.
15747542,0.0,Baixo,Manter relacionamento ativo e acompanhar evolução.
15587297,0.0,Baixo,Manter relacionamento ativo e acompanhar evolução.
15632789,0.0,Baixo,Manter relacionamento ativo e acompanhar evolução.
15677377,0.0,Baixo,Manter relacionamento ativo e acompanhar evolução.
15626412,0.0,Baixo,Manter relacionamento ativo e acompanhar evolução.
15805769,0.0,Baixo,Manter relacionamento ativo e acompanhar evolução.
15581654,0.0,Baixo,Manter relacionamento ativo e acompanhar evolução.
15660528,0.0,Baixo,Manter relacionamento ativo e acompanhar evolução.
15568104,0.0,Baixo,Manter relacionamento ativo e acompanhar evolução.
15732265,0.0,Baixo,Manter relacionamento ativo e acompanhar evolução.
15673055,0.0,Baixo,Manter relacionamento ativo e acompanhar evolução.
15692406,0.0,Baixo,Manter relacionamento ativo e acompanhar evolução.
15697035,0.0,Baixo,Manter relacionamento ativo e acompanhar evolução.
15694946,0.0,Baixo,Manter relacionamento ativo e acompanhar evolução.
15626679,0.0,Baixo,Manter relacionamento ativo e acompanhar evolução.
15729117,0.0,Baixo,Manter relacionamento ativo e acompanhar evolução.
15749671,0.0,Baixo,Manter relacionamento ativo e acompanhar evolução.
15699238,0.0,Baixo,Manter relacionamento ativo e acompanhar evolução.
15812324,0.0,Baixo,Manter relacionamento ativo e acompanhar evolução.
15701972,0.0,Baixo,Manter relacionamento ativo e acompanhar evolução.
15572073,0.0,Baixo,Manter relacionamento ativo e acompanhar evolução.
15645744,0.0,Baixo,Manter relacionamento ativo e acompanhar evolução.
15779904,0.0,Baixo,Manter relacionamento ativo e acompanhar evolução.
15595640,0.0,Baixo,Manter relacionamento ativo e acompanhar evolução.
15591257,0.0,Baixo,Manter relacionamento ativo e acompanhar evolução.
15798521,0.0,Baixo,Manter relacionamento ativo e acompanhar evolução.
15616330,0.0,Baixo,Manter relacionamento ativo e acompanhar evolução.
15756932,0.0,Baixo,Manter relacionamento ativo e acompanhar evolução.
15774179,0.0,Baixo,Manter relacionamento ativo e acompanhar evolução.
15643574,0.0,Baixo,Manter relacionamento ativo e acompanhar evolução.
15667460,0.0,Baixo,Manter relacionamento ativo e acompanhar evolução.
15670492,0.0,Baixo,Manter relacionamento ativo e acompanhar evolução.
15639314,0.0,Baixo,Manter relacionamento ativo e acompanhar evolução.
15752137,0.0,Baixo,Manter relacionamento ativo e acompanhar evolução.
15654060,0.0,Baixo,Manter relacionamento ativo e acompanhar evolução.
15795129,0.0,Baixo,Manter relacionamento ativo e acompanhar evolução.
15598802,0.0,Baixo,Manter relacionamento ativo e acompanhar evolução.
15691150,0.0,Baixo,Manter relacionamento ativo e acompanhar evolução.
15748432,0.0,Baixo,Manter relacionamento ativo e acompanhar evolução.
15645517,0.0,Baixo,Manter relacionamento ativo e acompanhar evolução.
15621687,0.0,Baixo,Manter relacionamento ativo e acompanhar evolução.
15604295,0.0,Baixo,Manter relacionamento ativo e acompanhar evolução.
15733883,0.0,Baixo,Manter relacionamento ativo e acompanhar evolução.
15714658,0.0,Baixo,Manter relacionamento ativo e acompanhar evolução.
15781875,0.0,Baixo,Manter relacionamento ativo e acompanhar evolução.
15794278,0.0,Baixo,Manter relacionamento ativo e acompanhar evolução.
15637414,0.0,Baixo,Manter relacionamento ativo e acompanhar evolução.
15682955,0.0,Baixo,Manter relacionamento ativo e acompanhar evolução.
15649354,0.0,Baixo,Manter relacionamento ativo e acompanhar evolução.
15795881,0.0,Baixo,Manter relacionamento ativo e acompanhar evolução.
15569120,0.0,Baixo,Manter relacionamento ativo e acompanhar evolução.
15594827,0.0,Baixo,Manter relacionamento ativo e acompanhar evolução.
15672970,0.0,Baixo,Manter relacionamento ativo e acompanhar evolução.
15775562,0.0,Baixo,Manter relacionamento ativo e acompanhar evolução.
15772798,0.0,Baixo,Manter relacionamento ativo e acompanhar evolução.
15713250,0.0,Baixo,Manter relacionamento ativo e acompanhar evolução.
15605737,0.0,Baixo,Manter relacionamento ativo e acompanhar evolução.
15804052,0.0,Baixo,Manter relacionamento ativo e acompanhar evolução.
15695078,0.0,Baixo,Manter relacionamento ativo e acompanhar evolução.
15588854,0.0,Baixo,Manter relacionamento ativo e acompanhar evolução.
15667451,0.0,Baixo,Manter relacionamento ativo e acompanhar evolução.
15575605,0.0,Baixo,Manter relacionamento ativo e acompanhar evolução.
15771855,0.0,Baixo,Manter relacionamento ativo e acompanhar evolução.
15736879,0.0,Baixo,Manter relacionamento ativo e acompanhar evolução.
15571689,0.0,Baixo,Manter relacionamento ativo e acompanhar evolução.
15730469,0.0,Baixo,Manter relacionamento ativo e acompanhar evolução.
15609475,0.0,Baixo,Manter relacionamento ativo e acompanhar evolução.
15808662,0.0,Baixo,Manter relacionamento ativo e acompanhar evolução.
15632669,0.0,Baixo,Manter relacionamento ativo e acompanhar evolução.
15685829,0.0,Baixo,Manter relacionamento ativo e acompanhar evolução.
15678779,0.0,Baixo,Manter relacionamento ativo e acompanhar evolução.
15587443,0.0,Baixo,Manter relacionamento ativo e acompanhar evolução.
15763625,0.0,Baixo,Manter relacionamento ativo e acompanhar evolução.
15773906,0.0,Baixo,Manter relacionamento ativo e acompanhar evolução.
15660390,0.0,Baixo,Manter relacionamento ativo e acompanhar evolução.
15637324,0.0,Baixo,Manter relacionamento ativo e acompanhar evolução.
15683977,0.0,Baixo,Manter relacionamento ativo e acompanhar evolução.
15591980,0.0,Baixo,Manter relacionamento ativo e acompanhar evolução.
15738487,0.0,Baixo,Manter relacionamento ativo e acompanhar evolução.
15729689,0.0,Baixo,Manter relacionamento ativo e acompanhar evolução.
15662865,0.0,Baixo,Manter relacionamento ativo e acompanhar evolução.
15693203,0.0,Baixo,Manter relacionamento ativo e acompanhar evolução.
15721292,0.0,Baixo,Manter relacionamento ativo e acompanhar evolução.
15604217,0.0,Baixo,Manter relacionamento ativo e acompanhar evolução.
15651369,0.0,Baixo,Manter relacionamento ativo e acompanhar evolução.
15570326,0.0,Baixo,Manter relacionamento ativo e acompanhar evolução.
15600992,0.0,Baixo,Manter relacionamento ativo e acompanhar evolução.
15690664,0.0,Baixo,Manter relacionamento ativo e acompanhar evolução.
15697567,0.0,Baixo,Manter relacionamento ativo e acompanhar evolução.
15582404,0.0,Baixo,Manter relacionamento ativo e acompanhar evolução.
15619280,0.0,Baixo,Manter relacionamento ativo e acompanhar evolução.
15738174,0.0,Baixo,Manter relacionamento ativo e acompanhar evolução.
15624229,0.0,Baixo,Manter relacionamento ativo e acompanhar evolução.
15636935,0.0,Baixo,Manter relacionamento ativo e acompanhar evolução.
15813444,0.0,Baixo,Manter relacionamento ativo e acompanhar evolução.
15764153,0.0,Baixo,Manter relacionamento ativo e acompanhar evolução.
15813192,0.0,Baixo,Manter relacionamento ativo e acompanhar evolução.
15699294,0.0,Baixo,Manter relacionamento ativo e acompanhar evolução.
15749693,0.0,Baixo,Manter relacionamento ativo e acompanhar evolução.
15803457,0.0,Baixo,Manter relacionamento ativo e acompanhar evolução.
15642394,0.0,Baixo,Manter relacionamento ativo e acompanhar evolução.
15576185,0.0,Baixo,Manter relacionamento ativo e acompanhar evolução.
15660809,0.0,Baixo,Manter relacionamento ativo e acompanhar evolução.
15723721,0.0,Baixo,Manter relacionamento ativo e acompanhar evolução.
15777122,0.0,Baixo,Manter relacionamento ativo e acompanhar evolução.
15636395,0.0,Baixo,Manter relacionamento ativo e acompanhar evolução.
15786717,0.0,Baixo,Manter relacionamento ativo e acompanhar evolução.
15649793,0.0,Baixo,Manter relacionamento ativo e acompanhar evolução.
15678317,0.0,Baixo,Manter relacionamento ativo e acompanhar evolução.
15752409,0.0,Baixo,Manter relacionamento ativo e acompanhar evolução.
15638803,0.0,Baixo,Manter relacionamento ativo e acompanhar evolução.
15793042,0.0,Baixo,Manter relacionamento ativo e acompanhar evolução.
15578211,0.0,Baixo,Manter relacionamento ativo e acompanhar evolução.
15628274,0.0,Baixo,Manter relacionamento ativo e acompanhar evolução.
15796336,0.0,Baixo,Manter relacionamento ativo e acompanhar evolução.
15569624,0.0,Baixo,Manter relacionamento ativo e acompanhar evolução.
15662434,0.0,Baixo,Manter relacionamento ativo e acompanhar evolução.
15773503,0.0,Baixo,Manter relacionamento ativo e acompanhar evolução.
15665181,0.0,Baixo,Manter relacionamento ativo e acompanhar evolução.
15805261,0.0,Baixo,Manter relacionamento ativo e acompanhar evolução.
15625522,0.0,Baixo,Manter relacionamento ativo e acompanhar evolução.
15714057,0.0,Baixo,Manter relacionamento ativo e acompanhar evolução.
15733876,0.0,Baixo,Manter relacionamento ativo e acompanhar evolução.
15774104,0.0,Baixo,Manter relacionamento ativo e acompanhar evolução.
15688973,0.0,Baixo,Manter relacionamento ativo e acompanhar evolução.
15721189,0.0,Baixo,Manter relacionamento ativo e acompanhar evolução.
15711288,0.0,Baixo,Manter relacionamento ativo e acompanhar evolução.
15612729,0.0,Baixo,Manter relacionamento ativo e acompanhar evolução.
15713379,0.0,Baixo,Manter relacionamento ativo e acompanhar evolução.
15814237,0.0,Baixo,Manter relacionamento ativo e acompanhar evolução.
15603065,0.0,Baixo,Manter relacionamento ativo e acompanhar evolução.
15667215,0.0,Baixo,Manter relacionamento ativo e acompanhar evolução.
15575024,0.0,Baixo,Manter relacionamento ativo e acompanhar evolução.
15581089,0.0,Baixo,Manter relacionamento ativo e acompanhar evolução.
15728605,0.0,Baixo,Manter relacionamento ativo e acompanhar evolução.
15786035,0.0,Baixo,Manter relacionamento ativo e acompanhar evolução.
15699486,0.0,Baixo,Manter relacionamento ativo e acompanhar evolução.
15687413,0.0,Baixo,Manter relacionamento ativo e acompanhar evolução.
15647259,0.0,Baixo,Manter relacionamento ativo e acompanhar evolução.
15718406,0.0,Baixo,Manter relacionamento ativo e acompanhar evolução.
15810227,0.0,Baixo,Manter relacionamento ativo e acompanhar evolução.
15660422,0.0,Baixo,Manter relacionamento ativo e acompanhar evolução.
15680843,0.0,Baixo,Manter relacionamento ativo e acompanhar evolução.
15644724,0.0,Baixo,Manter relacionamento ativo e acompanhar evolução.
15655794,0.0,Baixo,Manter relacionamento ativo e acompanhar evolução.
15768746,0.0,Baixo,Manter relacionamento ativo e acompanhar evolução.
15774491,0.0,Baixo,Manter relacionamento ativo e acompanhar evolução.
15683195,0.0,Baixo,Manter relacionamento ativo e acompanhar evolução.
15730830,0.0,Baixo,Manter relacionamento ativo e acompanhar evolução.
15620988,0.0,Baixo,Manter relacionamento ativo e acompanhar evolução.
15607170,0.0,Baixo,Manter relacionamento ativo e acompanhar evolução.
15773394,0.0,Baixo,Manter relacionamento ativo e acompanhar evolução.
15766417,0.0,Baixo,Manter relacionamento ativo e acompanhar evolução.
15748616,0.0,Baixo,Manter relacionamento ativo e acompanhar evolução.
15723856,0.0,Baixo,Manter relacionamento ativo e acompanhar evolução.
15729435,0.0,Baixo,Manter relacionamento ativo e acompanhar evolução.
15674929,0.0,Baixo,Manter relacionamento ativo e acompanhar evolução.
15746341,0.0,Baixo,Manter relacionamento ativo e acompanhar evolução.
15682585,0.0,Baixo,Manter relacionamento ativo e acompanhar evolução.
15756992,0.0,Baixo,Manter relacionamento ativo e acompanhar evolução.
15629117,0.0,Baixo,Manter relacionamento ativo e acompanhar evolução.
15658032,0.0,Baixo,Manter relacionamento ativo e acompanhar evolução.
15565878,0.0,Baixo,Manter relacionamento ativo e acompanhar evolução.
15580623,0.0,Baixo,Manter relacionamento ativo e acompanhar evolução.
15810910,0.0,Baixo,Manter relacionamento ativo e acompanhar evolução.
15770030,0.0,Baixo,Manter relacionamento ativo e acompanhar evolução.
15803681,0.0,Baixo,Manter relacionamento ativo e acompanhar evolução.
15647402,0.0,Baixo,Manter relacionamento ativo e acompanhar evolução.
15712584,0.0,Baixo,Manter relacionamento ativo e acompanhar evolução.
15641480,0.0,Baixo,Manter relacionamento ativo e acompanhar evolução.
15598338,0.0,Baixo,Manter relacionamento ativo e acompanhar evolução.
15616029,0.0,Baixo,Manter relacionamento ativo e acompanhar evolução.
15769582,0.0,Baixo,Manter relacionamento ativo e acompanhar evolução.
15591577,0.0,Baixo,Manter relacionamento ativo e acompanhar evolução.
15611105,0.0,Baixo,Manter relacionamento ativo e acompanhar evolução.
15786200,0.0,Baixo,Manter relacionamento ativo e acompanhar evolução.
15662571,0.0,Baixo,Manter relacionamento ativo e acompanhar evolução.
15661380,0.0,Baixo,Manter relacionamento ativo e acompanhar evolução.
15811773,0.0,Baixo,Manter relacionamento ativo e acompanhar evolução.
15768887,0.0,Baixo,Manter relacionamento ativo e acompanhar evolução.
15637138,0.0,Baixo,Manter relacionamento ativo e acompanhar evolução.
15631927,0.0,Baixo,Manter relacionamento ativo e acompanhar evolução.
15671590,0.0,Baixo,Manter relacionamento ativo e acompanhar evolução.
15622494,0.0,Baixo,Manter relacionamento ativo e acompanhar evolução.
15736274,0.0,Baixo,Manter relacionamento ativo e acompanhar evolução.
15627697,0.0,Baixo,Manter relacionamento ativo e acompanhar evolução.
15660636,0.0,Baixo,Manter relacionamento ativo e acompanhar evolução.
15708916,0.0,Baixo,Manter relacionamento ativo e acompanhar evolução.
15780409,0.0,Baixo,Manter relacionamento ativo e acompanhar evolução.
15621140,0.0,Baixo,Manter relacionamento ativo e acompanhar evolução.
15682454,0.0,Baixo,Manter relacionamento ativo e acompanhar evolução.
15797787,0.0,Baixo,Manter relacionamento ativo e acompanhar evolução.
15611171,0.0,Baixo,Manter relacionamento ativo e acompanhar evolução.
15809462,0.0,Baixo,Manter relacionamento ativo e acompanhar evolução.
15652789,0.0,Baixo,Manter relacionamento ativo e acompanhar evolução.
15602841,0.0,Baixo,Manter relacionamento ativo e acompanhar evolução.
15663478,0.0,Baixo,Manter relacionamento ativo e acompanhar evolução.
15609160,0.0,Baixo,Manter relacionamento ativo e acompanhar evolução.
15600173,0.0,Baixo,Manter relacionamento ativo e acompanhar evolução.
15606003,0.0,Baixo,Manter relacionamento ativo e acompanhar evolução.
15688007,0.0,Baixo,Manter relacionamento ativo e acompanhar evolução.
15687852,0.0,Baixo,Manter relacionamento ativo e acompanhar evolução.
15666453,0.0,Baixo,Manter relacionamento ativo e acompanhar evolução.
15566269,0.0,Baixo,Manter relacionamento ativo e acompanhar evolução.
15576602,0.0,Baixo,Manter relacionamento ativo e acompanhar evolução.
15808689,0.0,Baixo,Manter relacionamento ativo e acompanhar evolução.
15622117,0.0,Baixo,Manter relacionamento ativo e acompanhar evolução.
15688637,0.0,Baixo,Manter relacionamento ativo e acompanhar evolução.
15698619,0.0,Baixo,Manter relacionamento ativo e acompanhar evolução.
15667896,0.0,Baixo,Manter relacionamento ativo e acompanhar evolução.
15626578,0.0,Baixo,Manter relacionamento ativo e acompanhar evolução.
15782236,0.0,Baixo,Manter relacionamento ativo e acompanhar evolução.
15573318,0.0,Baixo,Manter relacionamento ativo e acompanhar evolução.
15621031,0.0,Baixo,Manter relacionamento ativo e acompanhar evolução.
15813894,0.0,Baixo,Manter relacionamento ativo e acompanhar evolução.
15575676,0.0,Baixo,Manter relacionamento ativo e acompanhar evolução.
15640917,0.0,Baixo,Manter relacionamento ativo e acompanhar evolução.
15629603,0.0,Baixo,Manter relacionamento ativo e acompanhar evolução.
15587311,0.0,Baixo,Manter relacionamento ativo e acompanhar evolução.
15748123,0.0,Baixo,Manter relacionamento ativo e acompanhar evolução.
15628007,0.0,Baixo,Manter relacionamento ativo e acompanhar evolução.
15610936,0.0,Baixo,Manter relacionamento ativo e acompanhar evolução.
15740264,0.0,Baixo,Manter relacionamento ativo e acompanhar evolução.
15618391,0.0,Baixo,Manter relacionamento ativo e acompanhar evolução.
15627027,0.0,Baixo,Manter relacionamento ativo e acompanhar evolução.
15727688,0.0,Baixo,Manter relacionamento ativo e acompanhar evolução.
15677522,0.0,Baixo,Manter relacionamento ativo e acompanhar evolução.
15764072,0.0,Baixo,Manter relacionamento ativo e acompanhar evolução.
15700656,0.0,Baixo,Manter relacionamento ativo e acompanhar evolução.
15739803,0.0,Baixo,Manter relacionamento ativo e acompanhar evolução.
15618437,0.0,Baixo,Manter relacionamento ativo e acompanhar evolução.
15654106,0.0,Baixo,Manter relacionamento ativo e acompanhar evolução.
15645463,0.0,Baixo,Manter relacionamento ativo e acompanhar evolução.
15588446,0.0,Baixo,Manter relacionamento ativo e acompanhar evolução.
15627999,0.0,Baixo,Manter relacionamento ativo e acompanhar evolução.
15787258,0.0,Baixo,Manter relacionamento ativo e acompanhar evolução.
15681991,0.0,Baixo,Manter relacionamento ativo e acompanhar evolução.
15615016,0.0,Baixo,Manter relacionamento ativo e acompanhar evolução.
15652700,0.0,Baixo,Manter relacionamento ativo e acompanhar evolução.
15651955,0.0,Baixo,Manter relacionamento ativo e acompanhar evolução.
15580227,0.0,Baixo,Manter relacionamento ativo e acompanhar evolução.
15698294,0.0,Baixo,Manter relacionamento ativo e acompanhar evolução.
15780779,0.0,Baixo,Manter relacionamento ativo e acompanhar evolução.
15787602,0.0,Baixo,Manter relacionamento ativo e acompanhar evolução.
15709136,0.0,Baixo,Manter relacionamento ativo e acompanhar evolução.
15754068,0.0,Baixo,Manter relacionamento ativo e acompanhar evolução.
15789095,0.0,Baixo,Manter relacionamento ativo e acompanhar evolução.
15719958,0.0,Baixo,Manter relacionamento ativo e acompanhar evolução.
15745843,0.0,Baixo,Manter relacionamento ativo e acompanhar evolução.
15623644,0.0,Baixo,Manter relacionamento ativo e acompanhar evolução.
15606507,0.0,Baixo,Manter relacionamento ativo e acompanhar evolução.
15727281,0.0,Baixo,Manter relacionamento ativo e acompanhar evolução.
15717307,0.0,Baixo,Manter relacionamento ativo e acompanhar evolução.
15624323,0.0,Baixo,Manter relacionamento ativo e acompanhar evolução.
15803840,0.0,Baixo,Manter relacionamento ativo e acompanhar evolução.
15662500,0.0,Baixo,Manter relacionamento ativo e acompanhar evolução.
15684248,0.0,Baixo,Manter relacionamento ativo e acompanhar evolução.
15752588,0.0,Baixo,Manter relacionamento ativo e acompanhar evolução.
15704910,0.0,Baixo,Manter relacionamento ativo e acompanhar evolução.
15659236,0.0,Baixo,Manter relacionamento ativo e acompanhar evolução.
15633283,0.0,Baixo,Manter relacionamento ativo e acompanhar evolução.
15681705,0.0,Baixo,Manter relacionamento ativo e acompanhar evolução.
15772030,0.0,Baixo,Manter relacionamento ativo e acompanhar evolução.
15701392,0.0,Baixo,Manter relacionamento ativo e acompanhar evolução.
15643826,0.0,Baixo,Manter relacionamento ativo e acompanhar evolução.
15659962,0.0,Baixo,Manter relacionamento ativo e acompanhar evolução.
15712176,0.0,Baixo,Manter relacionamento ativo e acompanhar evolução.
15759555,0.0,Baixo,Manter relacionamento ativo e acompanhar evolução.
15797113,0.0,Baixo,Manter relacionamento ativo e acompanhar evolução.
15653448,0.0,Baixo,Manter relacionamento ativo e acompanhar evolução.
15667085,0.0,Baixo,Manter relacionamento ativo e acompanhar evolução.
15588197,0.0,Baixo,Manter relacionamento ativo e acompanhar evolução.
15603156,0.0,Baixo,Manter relacionamento ativo e acompanhar evolução.
15733444,0.0,Baixo,Manter relacionamento ativo e acompanhar evolução.
15758306,0.0,Baixo,Manter relacionamento ativo e acompanhar evolução.
15606861,0.0,Baixo,Manter relacionamento ativo e acompanhar evolução.
15595874,0.0,Baixo,Manter relacionamento ativo e acompanhar evolução.
15751336,0.0,Baixo,Manter relacionamento ativo e acompanhar evolução.
15775546,0.0,Baixo,Manter relacionamento ativo e acompanhar evolução.
15641136,0.0,Baixo,Manter relacionamento ativo e acompanhar evolução.
15643635,0.0,Baixo,Manter relacionamento ativo e acompanhar evolução.
15774316,0.0,Baixo,Manter relacionamento ativo e acompanhar evolução.
15766552,0.0,Baixo,Manter relacionamento ativo e acompanhar evolução.
15730738,0.0,Baixo,Manter relacionamento ativo e acompanhar evolução.
15654463,0.0,Baixo,Manter relacionamento ativo e acompanhar evolução.
15648005,0.0,Baixo,Manter relacionamento ativo e acompanhar evolução.
15802390,0.0,Baixo,Manter relacionamento ativo e acompanhar evolução.
15783816,0.0,Baixo,Manter relacionamento ativo e acompanhar evolução.
15623346,0.0,Baixo,Manter relacionamento ativo e acompanhar evolução.
15614054,0.0,Baixo,Manter relacionamento ativo e acompanhar evolução.
15599024,0.0,Baixo,Manter relacionamento ativo e acompanhar evolução.
15706170,0.0,Baixo,Manter relacionamento ativo e acompanhar evolução.
15614778,0.0,Baixo,Manter relacionamento ativo e acompanhar evolução.
15735388,0.0,Baixo,Manter relacionamento ativo e acompanhar evolução.
15755642,0.0,Baixo,Manter relacionamento ativo e acompanhar evolução.
15807221,0.0,Baixo,Manter relacionamento ativo e acompanhar evolução.
15732476,0.0,Baixo,Manter relacionamento ativo e acompanhar evolução.
15657396,0.0,Baixo,Manter relacionamento ativo e acompanhar evolução.
15640627,0.0,Baixo,Manter relacionamento ativo e acompanhar evolução.
15765345,0.0,Baixo,Manter relacionamento ativo e acompanhar evolução.
15646969,0.0,Baixo,Manter relacionamento ativo e acompanhar evolução.
15726556,0.0,Baixo,Manter relacionamento ativo e acompanhar evolução.
15722053,0.0,Baixo,Manter relacionamento ativo e acompanhar evolução.
15760849,0.0,Baixo,Manter relacionamento ativo e acompanhar evolução.
15621440,0.0,Baixo,Manter relacionamento ativo e acompanhar evolução.
15715510,0.0,Baixo,Manter relacionamento ativo e acompanhar evolução.
15642570,0.0,Baixo,Manter relacionamento ativo e acompanhar evolução.
15665158,0.0,Baixo,Manter relacionamento ativo e acompanhar evolução.
15682778,0.0,Baixo,Manter relacionamento ativo e acompanhar evolução.
15709354,0.0,Baixo,Manter relacionamento ativo e acompanhar evolução.
15792679,0.0,Baixo,Manter relacionamento ativo e acompanhar evolução.
15579062,0.0,Baixo,Manter relacionamento ativo e acompanhar evolução.
15796958,0.0,Baixo,Manter relacionamento ativo e acompanhar evolução.
15592230,0.0,Baixo,Manter relacionamento ativo e acompanhar evolução.
15789546,0.0,Baixo,Manter relacionamento ativo e acompanhar evolução.
15590730,0.0,Baixo,Manter relacionamento ativo e acompanhar evolução.
15700752,0.0,Baixo,Manter relacionamento ativo e acompanhar evolução.
15569222,0.0,Baixo,Manter relacionamento ativo e acompanhar evolução.
15762803,0.0,Baixo,Manter relacionamento ativo e acompanhar evolução.
15809616,0.0,Baixo,Manter relacionamento ativo e acompanhar evolução.
15603221,0.0,Baixo,Manter relacionamento ativo e acompanhar evolução.
15589401,0.0,Baixo,Manter relacionamento ativo e acompanhar evolução.
15660611,0.0,Baixo,Manter relacionamento ativo e acompanhar evolução.
15752912,0.0,Baixo,Manter relacionamento ativo e acompanhar evolução.
15738785,0.0,Baixo,Manter relacionamento ativo e acompanhar evolução.
15734438,0.0,Baixo,Manter relacionamento ativo e acompanhar evolução.
15778947,0.0,Baixo,Manter relacionamento ativo e acompanhar evolução.
15715199,0.0,Baixo,Manter relacionamento ativo e acompanhar evolução.
15792934,0.0,Baixo,Manter relacionamento ativo e acompanhar evolução.
15779064,0.0,Baixo,Manter relacionamento ativo e acompanhar evolução.
15764237,0.0,Baixo,Manter relacionamento ativo e acompanhar evolução.
15656263,0.0,Baixo,Manter relacionamento ativo e acompanhar evolução.
15589435,0.0,Baixo,Manter relacionamento ativo e acompanhar evolução.
15781689,0.0,Baixo,Manter relacionamento ativo e acompanhar evolução.
15578098,0.0,Baixo,Manter relacionamento ativo e acompanhar evolução.
15718064,0.0,Baixo,Manter relacionamento ativo e acompanhar evolução.
15693817,0.0,Baixo,Manter relacionamento ativo e acompanhar evolução.
15720847,0.0,Baixo,Manter relacionamento ativo e acompanhar evolução.
15596228,0.0,Baixo,Manter relacionamento ativo e acompanhar evolução.
15645904,0.0,Baixo,Manter relacionamento ativo e acompanhar evolução.
15671969,0.0,Baixo,Manter relacionamento ativo e acompanhar evolução.
15615352,0.0,Baixo,Manter relacionamento ativo e acompanhar evolução.
15801701,0.0,Baixo,Manter relacionamento ativo e acompanhar evolução.
15729246,0.0,Baixo,Manter relacionamento ativo e acompanhar evolução.
15770539,0.0,Baixo,Manter relacionamento ativo e acompanhar evolução.
15727546,0.0,Baixo,Manter relacionamento ativo e acompanhar evolução.
15766137,0.0,Baixo,Manter relacionamento ativo e acompanhar evolução.
15630349,0.0,Baixo,Manter relacionamento ativo e acompanhar evolução.
15798532,0.0,Baixo,Manter relacionamento ativo e acompanhar evolução.
15572415,0.0,Baixo,Manter relacionamento ativo e acompanhar evolução.
15574237,0.0,Baixo,Manter relacionamento ativo e acompanhar evolução.
15655335,0.0,Baixo,Manter relacionamento ativo e acompanhar evolução.
15607112,0.0,Baixo,Manter relacionamento ativo e acompanhar evolução.
15812007,0.0,Baixo,Manter relacionamento ativo e acompanhar evolução.
15739438,0.0,Baixo,Manter relacionamento ativo e acompanhar evolução.
15803716,0.0,Baixo,Manter relacionamento ativo e acompanhar evolução.
15666652,0.0,Baixo,Manter relacionamento ativo e acompanhar evolução.
15792029,0.0,Baixo,Manter relacionamento ativo e acompanhar evolução.
15581505,0.0,Baixo,Manter relacionamento ativo e acompanhar evolução.
15613292,0.0,Baixo,Manter relacionamento ativo e acompanhar evolução.
15634375,0.0,Baixo,Manter relacionamento ativo e acompanhar evolução.
15761976,0.0,Baixo,Manter relacionamento ativo e acompanhar evolução.
15671609,0.0,Baixo,Manter relacionamento ativo e acompanhar evolução.
15791836,0.0,Baixo,Manter relacionamento ativo e acompanhar evolução.
15811842,0.0,Baixo,Manter relacionamento ativo e acompanhar evolução.
15775116,0.0,Baixo,Manter relacionamento ativo e acompanhar evolução.
15606177,0.0,Baixo,Manter relacionamento ativo e acompanhar evolução.
15591130,0.0,Baixo,Manter relacionamento ativo e acompanhar evolução.
15781210,0.0,Baixo,Manter relacionamento ativo e acompanhar evolução.
15728823,0.0,Baixo,Manter relacionamento ativo e acompanhar evolução.
15685564,0.0,Baixo,Manter relacionamento ativo e acompanhar evolução.
15754926,0.0,Baixo,Manter relacionamento ativo e acompanhar evolução.
15785869,0.0,Baixo,Manter relacionamento ativo e acompanhar evolução.
15576256,0.0,Baixo,Manter relacionamento ativo e acompanhar evolução.
15620579,0.0,Baixo,Manter relacionamento ativo e acompanhar evolução.
15773242,0.0,Baixo,Manter relacionamento ativo e acompanhar evolução.
15742404,0.0,Baixo,Manter relacionamento ativo e acompanhar evolução.
15808831,0.0,Baixo,Manter relacionamento ativo e acompanhar evolução.
15798737,0.0,Baixo,Manter relacionamento ativo e acompanhar evolução.
15603216,0.0,Baixo,Manter relacionamento ativo e acompanhar evolução.
15617617,0.0,Baixo,Manter relacionamento ativo e acompanhar evolução.
15793585,0.0,Baixo,Manter relacionamento ativo e acompanhar evolução.
15592025,0.0,Baixo,Manter relacionamento ativo e acompanhar evolução.
15568487,0.0,Baixo,Manter relacionamento ativo e acompanhar evolução.
15682084,0.0,Baixo,Manter relacionamento ativo e acompanhar evolução.
15768270,0.0,Baixo,Manter relacionamento ativo e acompanhar evolução.
15701768,0.0,Baixo,Manter relacionamento ativo e acompanhar evolução.
15577402,0.0,Baixo,Manter relacionamento ativo e acompanhar evolução.
15574137,0.0,Baixo,Manter relacionamento ativo e acompanhar evolução.
15717995,0.0,Baixo,Manter relacionamento ativo e acompanhar evolução.
15773852,0.0,Baixo,Manter relacionamento ativo e acompanhar evolução.
15710111,0.0,Baixo,Manter relacionamento ativo e acompanhar evolução.
15608726,0.0,Baixo,Manter relacionamento ativo e acompanhar evolução.
15727421,0.0,Baixo,Manter relacionamento ativo e acompanhar evolução.
15772777,0.0,Baixo,Manter relacionamento ativo e acompanhar evolução.
15649523,0.0,Baixo,Manter relacionamento ativo e acompanhar evolução.
15791452,0.0,Baixo,Manter relacionamento ativo e acompanhar evolução.
15585466,0.0,Baixo,Manter relacionamento ativo e acompanhar evolução.
15697214,0.0,Baixo,Manter relacionamento ativo e acompanhar evolução.
15730868,0.0,Baixo,Manter relacionamento ativo e acompanhar evolução.
15637461,0.0,Baixo,Manter relacionamento ativo e acompanhar evolução.
15712287,0.0,Baixo,Manter relacionamento ativo e acompanhar evolução.
15574283,0.0,Baixo,Manter relacionamento ativo e acompanhar evolução.
15752846,0.0,Baixo,Manter relacionamento ativo e acompanhar evolução.
15739857,0.0,Baixo,Manter relacionamento ativo e acompanhar evolução.
15581539,0.0,Baixo,Manter relacionamento ativo e acompanhar evolução.
15806249,0.0,Baixo,Manter relacionamento ativo e acompanhar evolução.
15589200,0.0,Baixo,Manter relacionamento ativo e acompanhar evolução.
15595158,0.0,Baixo,Manter relacionamento ativo e acompanhar evolução.
15680197,0.0,Baixo,Manter relacionamento ativo e acompanhar evolução.
15703394,0.0,Baixo,Manter relacionamento ativo e acompanhar evolução.
15634373,0.0,Baixo,Manter relacionamento ativo e acompanhar evolução.
15711386,0.0,Baixo,Manter relacionamento ativo e acompanhar evolução.
15636756,0.0,Baixo,Manter relacionamento ativo e acompanhar evolução.
15756875,0.0,Baixo,Manter relacionamento ativo e acompanhar evolução.
15599976,0.0,Baixo,Manter relacionamento ativo e acompanhar evolução.
15734177,0.0,Baixo,Manter relacionamento ativo e acompanhar evolução.
15603883,0.0,Baixo,Manter relacionamento ativo e acompanhar evolução.
15781530,0.0,Baixo,Manter relacionamento ativo e acompanhar evolução.
15697307,0.0,Baixo,Manter relacionamento ativo e acompanhar evolução.
15655774,0.0,Baixo,Manter relacionamento ativo e acompanhar evolução.
15628279,0.0,Baixo,Manter relacionamento ativo e acompanhar evolução.
15736413,0.0,Baixo,Manter relacionamento ativo e acompanhar evolução.
15775042,0.0,Baixo,Manter relacionamento ativo e acompanhar evolução.
15626143,0.0,Baixo,Manter relacionamento ativo e acompanhar evolução.
15696703,0.0,Baixo,Manter relacionamento ativo e acompanhar evolução.
15790935,0.0,Baixo,Manter relacionamento ativo e acompanhar evolução.
15708256,0.0,Baixo,Manter relacionamento ativo e acompanhar evolução.
15811490,0.0,Baixo,Manter relacionamento ativo e acompanhar evolução.
15695699,0.0,Baixo,Manter relacionamento ativo e acompanhar evolução.
15624188,0.0,Baixo,Manter relacionamento ativo e acompanhar evolução.
15725166,0.0,Baixo,Manter relacionamento ativo e acompanhar evolução.
15569364,0.0,Baixo,Manter relacionamento ativo e acompanhar evolução.
15782531,0.0,Baixo,Manter relacionamento ativo e acompanhar evolução.
15637411,0.0,Baixo,Manter relacionamento ativo e acompanhar evolução.
15751193,0.0,Baixo,Manter relacionamento ativo e acompanhar evolução.
15696539,0.0,Baixo,Manter relacionamento ativo e acompanhar evolução.
15710375,0.0,Baixo,Manter relacionamento ativo e acompanhar evolução.
15745543,0.0,Baixo,Manter relacionamento ativo e acompanhar evolução.
15726267,0.0,Baixo,Manter relacionamento ativo e acompanhar evolução.
15576022,0.0,Baixo,Manter relacionamento ativo e acompanhar evolução.
15645059,0.0,Baixo,Manter relacionamento ativo e acompanhar evolução.
15565891,0.0,Baixo,Manter relacionamento ativo e acompanhar evolução.
15610379,0.0,Baixo,Manter relacionamento ativo e acompanhar evolução.
15695129,0.0,Baixo,Manter relacionamento ativo e acompanhar evolução.
15674811,0.0,Baixo,Manter relacionamento ativo e acompanhar evolução.
15595282,0.0,Baixo,Manter relacionamento ativo e acompanhar evolução.
15711378,0.0,Baixo,Manter relacionamento ativo e acompanhar evolução.
15570859,0.0,Baixo,Manter relacionamento ativo e acompanhar evolução.
15773876,0.0,Baixo,Manter relacionamento ativo e acompanhar evolução.
15679283,0.0,Baixo,Manter relacionamento ativo e acompanhar evolução.
15775880,0.0,Baixo,Manter relacionamento ativo e acompanhar evolução.
15804150,0.0,Baixo,Manter relacionamento ativo e acompanhar evolução.
15777076,0.0,Baixo,Manter relacionamento ativo e acompanhar evolução.
15587690,0.0,Baixo,Manter relacionamento ativo e acompanhar evolução.
15695103,0.0,Baixo,Manter relacionamento ativo e acompanhar evolução.
15801924,0.0,Baixo,Manter relacionamento ativo e acompanhar evolução.
15767804,0.0,Baixo,Manter relacionamento ativo e acompanhar evolução.
15715345,0.0,Baixo,Manter relacionamento ativo e acompanhar evolução.
15706217,0.0,Baixo,Manter relacionamento ativo e acompanhar evolução.
15620372,0.0,Baixo,Manter relacionamento ativo e acompanhar evolução.
15652180,0.0,Baixo,Manter relacionamento ativo e acompanhar evolução.
15801994,0.0,Baixo,Manter relacionamento ativo e acompanhar evolução.
15581526,0.0,Baixo,Manter relacionamento ativo e acompanhar evolução.
15588517,0.0,Baixo,Manter relacionamento ativo e acompanhar evolução.
15603035,0.0,Baixo,Manter relacionamento ativo e acompanhar evolução.
15675190,0.0,Baixo,Manter relacionamento ativo e acompanhar evolução.
15705885,0.0,Baixo,Manter relacionamento ativo e acompanhar evolução.
15576269,0.0,Baixo,Manter relacionamento ativo e acompanhar evolução.
15721383,0.0,Baixo,Manter relacionamento ativo e acompanhar evolução.
15588406,0.0,Baixo,Manter relacionamento ativo e acompanhar evolução.
15658670,0.0,Baixo,Manter relacionamento ativo e acompanhar evolução.
15705309,0.0,Baixo,Manter relacionamento ativo e acompanhar evolução.
15656627,0.0,Baixo,Manter relacionamento ativo e acompanhar evolução.
15689288,0.0,Baixo,Manter relacionamento ativo e acompanhar evolução.
15586848,0.0,Baixo,Manter relacionamento ativo e acompanhar evolução.
15597885,0.0,Baixo,Manter relacionamento ativo e acompanhar evolução.
15810347,0.0,Baixo,Manter relacionamento ativo e acompanhar evolução.
15807107,0.0,Baixo,Manter relacionamento ativo e acompanhar evolução.
15612594,0.0,Baixo,Manter relacionamento ativo e acompanhar evolução.
15723720,0.0,Baixo,Manter relacionamento ativo e acompanhar evolução.
15591428,0.0,Baixo,Manter relacionamento ativo e acompanhar evolução.
15738248,0.0,Baixo,Manter relacionamento ativo e acompanhar evolução.
15600106,0.0,Baixo,Manter relacionamento ativo e acompanhar evolução.
15745431,0.0,Baixo,Manter relacionamento ativo e acompanhar evolução.
15624592,0.0,Baixo,Manter relacionamento ativo e acompanhar evolução.
15627881,0.0,Baixo,Manter relacionamento ativo e acompanhar evolução.
15611961,0.0,Baixo,Manter relacionamento ativo e acompanhar evolução.
15676353,0.0,Baixo,Manter relacionamento ativo e acompanhar evolução.
15585907,0.0,Baixo,Manter relacionamento ativo e acompanhar evolução.
15641043,0.0,Baixo,Manter relacionamento ativo e acompanhar evolução.
15790594,0.0,Baixo,Manter relacionamento ativo e acompanhar evolução.
15745827,0.0,Baixo,Manter relacionamento ativo e acompanhar evolução.
15604804,0.0,Baixo,Manter relacionamento ativo e acompanhar evolução.
15802486,0.0,Baixo,Manter relacionamento ativo e acompanhar evolução.
15638028,0.0,Baixo,Manter relacionamento ativo e acompanhar evolução.
15807312,0.0,Baixo,Manter relacionamento ativo e acompanhar evolução.
15702741,0.0,Baixo,Manter relacionamento ativo e acompanhar evolução.
15707962,0.0,Baixo,Manter relacionamento ativo e acompanhar evolução.
15787222,0.0,Baixo,Manter relacionamento ativo e acompanhar evolução.
15585599,0.0,Baixo,Manter relacionamento ativo e acompanhar evolução.
15659064,0.0,Baixo,Manter relacionamento ativo e acompanhar evolução.
15699507,0.0,Baixo,Manter relacionamento ativo e acompanhar evolução.
15794472,0.0,Baixo,Manter relacionamento ativo e acompanhar evolução.
15663625,0.0,Baixo,Manter relacionamento ativo e acompanhar evolução.
15746805,0.0,Baixo,Manter relacionamento ativo e acompanhar evolução.
15569423,0.0,Baixo,Manter relacionamento ativo e acompanhar evolução.
15681956,0.0,Baixo,Manter relacionamento ativo e acompanhar evolução.
15641183,0.0,Baixo,Manter relacionamento ativo e acompanhar evolução.
15636572,0.0,Baixo,Manter relacionamento ativo e acompanhar evolução.
15740164,0.0,Baixo,Manter relacionamento ativo e acompanhar evolução.
15782879,0.0,Baixo,Manter relacionamento ativo e acompanhar evolução.
15679531,0.0,Baixo,Manter relacionamento ativo e acompanhar evolução.
15806407,0.0,Baixo,Manter relacionamento ativo e acompanhar evolução.
15809302,0.0,Baixo,Manter relacionamento ativo e acompanhar evolução.
15670066,0.0,Baixo,Manter relacionamento ativo e acompanhar evolução.
15694300,0.0,Baixo,Manter relacionamento ativo e acompanhar evolução.
15637235,0.0,Baixo,Manter relacionamento ativo e acompanhar evolução.
15612444,0.0,Baixo,Manter relacionamento ativo e acompanhar evolução.
15785342,0.0,Baixo,Manter relacionamento ativo e acompanhar evolução.
15677136,0.0,Baixo,Manter relacionamento ativo e acompanhar evolução.
15792627,0.0,Baixo,Manter relacionamento ativo e acompanhar evolução.
15570205,0.0,Baixo,Manter relacionamento ativo e acompanhar evolução.
15802009,0.0,Baixo,Manter relacionamento ativo e acompanhar evolução.
15583090,0.0,Baixo,Manter relacionamento ativo e acompanhar evolução.
15756655,0.0,Baixo,Manter relacionamento ativo e acompanhar evolução.
15724269,0.0,Baixo,Manter relacionamento ativo e acompanhar evolução.
15704250,0.0,Baixo,Manter relacionamento ativo e acompanhar evolução.
15684294,0.0,Baixo,Manter relacionamento ativo e acompanhar evolução.
15797502,0.0,Baixo,Manter relacionamento ativo e acompanhar evolução.
15654506,0.0,Baixo,Manter relacionamento ativo e acompanhar evolução.
15726676,0.0,Baixo,Manter relacionamento ativo e acompanhar evolução.
15782144,0.0,Baixo,Manter relacionamento ativo e acompanhar evolução.
15672185,0.0,Baixo,Manter relacionamento ativo e acompanhar evolução.
15701524,0.0,Baixo,Manter relacionamento ativo e acompanhar evolução.
15658459,0.0,Baixo,Manter relacionamento ativo e acompanhar evolução.
15731865,0.0,Baixo,Manter relacionamento ativo e acompanhar evolução.
15705050,0.0,Baixo,Manter relacionamento ativo e acompanhar evolução.
15649359,0.0,Baixo,Manter relacionamento ativo e acompanhar evolução.
15738063,0.0,Baixo,Manter relacionamento ativo e acompanhar evolução.
15646351,0.0,Baixo,Manter relacionamento ativo e acompanhar evolução.
15713644,0.0,Baixo,Manter relacionamento ativo e acompanhar evolução.
15633525,0.0,Baixo,Manter relacionamento ativo e acompanhar evolução.
15726046,0.0,Baixo,Manter relacionamento ativo e acompanhar evolução.
15641411,0.0,Baixo,Manter relacionamento ativo e acompanhar evolução.
15650237,0.0,Baixo,Manter relacionamento ativo e acompanhar evolução.
15654274,0.0,Baixo,Manter relacionamento ativo e acompanhar evolução.
15701281,0.0,Baixo,Manter relacionamento ativo e acompanhar evolução.
15713505,0.0,Baixo,Manter relacionamento ativo e acompanhar evolução.
15725302,0.0,Baixo,Manter relacionamento ativo e acompanhar evolução.
15655875,0.0,Baixo,Manter relacionamento ativo e acompanhar evolução.
15632967,0.0,Baixo,Manter relacionamento ativo e acompanhar evolução.
15654891,0.0,Baixo,Manter relacionamento ativo e acompanhar evolução.
15746749,0.0,Baixo,Manter relacionamento ativo e acompanhar evolução.
15743759,0.0,Baixo,Manter relacionamento ativo e acompanhar evolução.
15670496,0.0,Baixo,Manter relacionamento ativo e acompanhar evolução.
15627002,0.0,Baixo,Manter relacionamento ativo e acompanhar evolução.
15797197,0.0,Baixo,Manter relacionamento ativo e acompanhar evolução.
15636238,0.0,Baixo,Manter relacionamento ativo e acompanhar evolução.
15637428,0.0,Baixo,Manter relacionamento ativo e acompanhar evolução.
15616122,0.0,Baixo,Manter relacionamento ativo e acompanhar evolução.
15623595,0.0,Baixo,Manter relacionamento ativo e acompanhar evolução.
15740404,0.0,Baixo,Manter relacionamento ativo e acompanhar evolução.
15724944,0.0,Baixo,Manter relacionamento ativo e acompanhar evolução.
15600781,0.0,Baixo,Manter relacionamento ativo e acompanhar evolução.
15669606,0.0,Baixo,Manter relacionamento ativo e acompanhar evolução.
15710397,0.0,Baixo,Manter relacionamento ativo e acompanhar evolução.
15687648,0.0,Baixo,Manter relacionamento ativo e acompanhar evolução.
15792649,0.0,Baixo,Manter relacionamento ativo e acompanhar evolução.
15802478,0.0,Baixo,Manter relacionamento ativo e acompanhar evolução.
15686941,0.0,Baixo,Manter relacionamento ativo e acompanhar evolução.
15581323,0.0,Baixo,Manter relacionamento ativo e acompanhar evolução.
15587584,0.0,Baixo,Manter relacionamento ativo e acompanhar evolução.
15679810,0.0,Baixo,Manter relacionamento ativo e acompanhar evolução.
15753248,0.0,Baixo,Manter relacionamento ativo e acompanhar evolução.
15625759,0.0,Baixo,Manter relacionamento ativo e acompanhar evolução.
15767954,0.0,Baixo,Manter relacionamento ativo e acompanhar evolução.
15640635,0.0,Baixo,Manter relacionamento ativo e acompanhar evolução.
15605622,0.0,Baixo,Manter relacionamento ativo e acompanhar evolução.
15696175,0.0,Baixo,Manter relacionamento ativo e acompanhar evolução.
15687094,0.0,Baixo,Manter relacionamento ativo e acompanhar evolução.
15567013,0.0,Baixo,Manter relacionamento ativo e acompanhar evolução.
15645543,0.0,Baixo,Manter relacionamento ativo e acompanhar evolução.
15756471,0.0,Baixo,Manter relacionamento ativo e acompanhar evolução.
15730639,0.0,Baixo,Manter relacionamento ativo e acompanhar evolução.
15732967,0.0,Baixo,Manter relacionamento ativo e acompanhar evolução.
15720725,0.0,Baixo,Manter relacionamento ativo e acompanhar evolução.
15568878,0.0,Baixo,Manter relacionamento ativo e acompanhar evolução.
15748589,0.0,Baixo,Manter relacionamento ativo e acompanhar evolução.
15766663,0.0,Baixo,Manter relacionamento ativo e acompanhar evolução.
15732963,0.0,Baixo,Manter relacionamento ativo e acompanhar evolução.
15738191,0.0,Baixo,Manter relacionamento ativo e acompanhar evolução.
15806455,0.0,Baixo,Manter relacionamento ativo e acompanhar evolução.
15733460,0.0,Baixo,Manter relacionamento ativo e acompanhar evolução.
15674851,0.0,Baixo,Manter relacionamento ativo e acompanhar evolução.
15601008,0.0,Baixo,Manter relacionamento ativo e acompanhar evolução.
15638068,0.0,Baixo,Manter relacionamento ativo e acompanhar evolução.
15709451,0.0,Baixo,Manter relacionamento ativo e acompanhar evolução.
15736043,0.0,Baixo,Manter relacionamento ativo e acompanhar evolução.
15602572,0.0,Baixo,Manter relacionamento ativo e acompanhar evolução.
15651315,0.0,Baixo,Manter relacionamento ativo e acompanhar evolução.
15813451,0.0,Baixo,Manter relacionamento ativo e acompanhar evolução.
